{
  "run_name": "vote_causal_no_macro_causal_out_fix_scenario",
  "num_episodes": 1,
  "episode_summaries": [
    {
      "episode_id": "ep_000",
      "initial_cash": 100000.0,
      "final_cash": 8214.339999999997,
      "final_positions": {
        "CAT": 104,
        "NVDA": 1090,
        "TSLA": 65,
        "WMT": 371
      },
      "final_prices": {
        "CAT": 207.36,
        "NVDA": 27.24,
        "TSLA": 359.2,
        "WMT": 47.3,
        "_CASH_": 1.0
      },
      "position_values": {
        "CAT": 21565.440000000002,
        "NVDA": 29691.6,
        "TSLA": 23348.0,
        "WMT": 17548.3
      },
      "book_value": 100367.68,
      "return_pct": 0.367679999999993,
      "return_pct_with_cash_interest": 0.3691171323077579,
      "total_trades": 4,
      "sharpe_ratio": null,
      "sortino_ratio": null,
      "max_drawdown": 0.0,
      "max_drawdown_pct": 0.0,
      "calmar_ratio": null,
      "daily_metrics": {
        "trading_days": 62,
        "total_return_pct": 0.3690943187200901,
        "annualized_sharpe": 0.20654370505268993,
        "annualized_sortino": 0.3048880721934625,
        "annualized_volatility": 0.33360339037538594,
        "max_drawdown_pct": 20.070105353665753,
        "calmar_ratio": 0.07396928003236851,
        "spy_return_pct": -5.163593841839523,
        "excess_return_pct": 5.532688160559613
      }
    }
  ]
}