{
  "run_name": "single_agent_slim",
  "num_episodes": 1,
  "episode_summaries": [
    {
      "episode_id": "ep_000",
      "initial_cash": 100000.0,
      "final_cash": 15731.24,
      "final_positions": {
        "AAPL": 110,
        "COP": 274,
        "GS": 18,
        "UNH": 62,
        "WMT": 240
      },
      "final_prices": {
        "AAPL": 127.88,
        "AMD": 64.77,
        "AMZN": 84.0,
        "BAC": 30.44,
        "COP": 106.18,
        "CVX": 156.7,
        "GS": 316.79,
        "PG": 139.51,
        "TSLA": 123.18,
        "UNH": 501.9,
        "WMT": 45.57,
        "XOM": 98.83,
        "_CASH_": 1.0
      },
      "position_values": {
        "AAPL": 14066.8,
        "COP": 29093.320000000003,
        "GS": 5702.22,
        "UNH": 31117.8,
        "WMT": 10936.8
      },
      "book_value": 106648.18000000001,
      "return_pct": 6.648180000000008,
      "return_pct_with_cash_interest": 6.767936106315756,
      "total_trades": 5,
      "sharpe_ratio": null,
      "sortino_ratio": null,
      "max_drawdown": 0.0,
      "max_drawdown_pct": 0.0,
      "calmar_ratio": null,
      "daily_metrics": {
        "trading_days": 63,
        "total_return_pct": 6.768285306315752,
        "annualized_sharpe": 1.2667014133204069,
        "annualized_sortino": 2.042800775333385,
        "annualized_volatility": 0.1981718751422924,
        "max_drawdown_pct": 7.3811176702543735,
        "calmar_ratio": 4.057358717144735,
        "spy_return_pct": 4.794232360106329,
        "excess_return_pct": 1.9740529462094232
      }
    }
  ]
}