{
  "run_name": "vote_no_macro_enriched",
  "num_episodes": 1,
  "episode_summaries": [
    {
      "episode_id": "ep_000",
      "initial_cash": 100000.0,
      "final_cash": 13554.63999999999,
      "final_positions": {
        "AAPL": 39,
        "AMZN": 11,
        "BAC": 164,
        "CAT": 17,
        "COP": 37,
        "COST": 11,
        "CVX": 44,
        "GS": 9,
        "JNJ": 31,
        "JPM": 64,
        "MS": 26,
        "MSFT": 21,
        "NKE": 18,
        "PG": 43,
        "RTX": 31,
        "UNH": 15,
        "WMT": 109,
        "XOM": 101
      },
      "final_prices": {
        "AAPL": 162.55,
        "AMD": 98.01,
        "AMZN": 103.29,
        "BAC": 26.46,
        "CAT": 217.95,
        "COP": 90.23,
        "COST": 477.71,
        "CVX": 143.71,
        "GS": 303.94,
        "JNJ": 141.75,
        "JPM": 121.37,
        "MS": 79.97,
        "MSFT": 281.63,
        "NKE": 115.86,
        "NVDA": 27.75,
        "PG": 137.73,
        "RTX": 91.73,
        "SLB": 0.0,
        "TSLA": 207.46,
        "UNH": 448.98,
        "WMT": 47.58,
        "XOM": 99.01,
        "_CASH_": 1.0
      },
      "position_values": {
        "AAPL": 6339.450000000001,
        "AMZN": 1136.19,
        "BAC": 4339.4400000000005,
        "CAT": 3705.1499999999996,
        "COP": 3338.51,
        "COST": 5254.8099999999995,
        "CVX": 6323.240000000001,
        "GS": 2735.46,
        "JNJ": 4394.25,
        "JPM": 7767.68,
        "MS": 2079.22,
        "MSFT": 5914.23,
        "NKE": 2085.48,
        "PG": 5922.389999999999,
        "RTX": 2843.63,
        "UNH": 6734.700000000001,
        "WMT": 5186.22,
        "XOM": 10000.01
      },
      "book_value": 99654.69999999998,
      "return_pct": -0.3453000000000175,
      "return_pct_with_cash_interest": -0.20089509068470218,
      "total_trades": 18,
      "sharpe_ratio": null,
      "sortino_ratio": null,
      "max_drawdown": 200.89509068470215,
      "max_drawdown_pct": 0.20089509068470218,
      "calmar_ratio": -3.9879624299860605,
      "daily_metrics": {
        "trading_days": 62,
        "total_return_pct": -0.2031992048918328,
        "annualized_sharpe": -0.3200495561755882,
        "annualized_sortino": -0.44431369525052733,
        "annualized_volatility": 0.13163696256364577,
        "max_drawdown_pct": 7.117055172217761,
        "calmar_ratio": -0.11385647002497125,
        "spy_return_pct": 7.9124952092378145,
        "excess_return_pct": -8.115694414129647
      }
    }
  ]
}