{
  "run_name": "vote_causal_no_macro_causal_out_fix_scenario",
  "num_episodes": 1,
  "episode_summaries": [
    {
      "episode_id": "ep_000",
      "initial_cash": 100000.0,
      "final_cash": 7116.540000000001,
      "final_positions": {
        "JPM": 328,
        "RTX": 146,
        "WMT": 730
      },
      "final_prices": {
        "JPM": 161.96,
        "RTX": 80.44,
        "WMT": 51.44,
        "_CASH_": 1.0
      },
      "position_values": {
        "JPM": 53122.880000000005,
        "RTX": 11744.24,
        "WMT": 37551.2
      },
      "book_value": 109534.86000000002,
      "return_pct": 9.534860000000016,
      "return_pct_with_cash_interest": 9.627849376636934,
      "total_trades": 3,
      "sharpe_ratio": null,
      "sortino_ratio": null,
      "max_drawdown": 0.0,
      "max_drawdown_pct": 0.0,
      "calmar_ratio": null,
      "daily_metrics": {
        "trading_days": 63,
        "total_return_pct": 9.62784937663692,
        "annualized_sharpe": 2.99127430593178,
        "annualized_sortino": 4.114910632129151,
        "annualized_volatility": 0.10755966566247675,
        "max_drawdown_pct": 3.021420129889229,
        "calmar_ratio": 14.707885804575236,
        "spy_return_pct": 11.684051763783549,
        "excess_return_pct": -2.0562023871466284
      }
    }
  ]
}