{
  "run_name": "debate_1_round_no_macro_causal_out",
  "num_episodes": 1,
  "episode_summaries": [
    {
      "episode_id": "ep_000",
      "initial_cash": 100000.0,
      "final_cash": 7906.559999999999,
      "final_positions": {
        "AAPL": 52,
        "CAT": 29,
        "COP": 140,
        "COST": 30,
        "DAL": 71,
        "GS": 18,
        "JPM": 68,
        "MS": 88,
        "NVDA": 198,
        "RTX": 90,
        "UNH": 39,
        "WMT": 154
      },
      "final_prices": {
        "AAPL": 135.79,
        "CAT": 154.5,
        "COP": 91.17,
        "COST": 452.46,
        "DAL": 27.22,
        "GS": 268.6,
        "JPM": 95.76,
        "MS": 70.71,
        "NVDA": 12.12,
        "RTX": 75.81,
        "UNH": 476.64,
        "WMT": 41.52,
        "_CASH_": 1.0
      },
      "position_values": {
        "AAPL": 7061.08,
        "CAT": 4480.5,
        "COP": 12763.800000000001,
        "COST": 13573.8,
        "DAL": 1932.62,
        "GS": 4834.8,
        "JPM": 6511.68,
        "MS": 6222.48,
        "NVDA": 2399.7599999999998,
        "RTX": 6822.900000000001,
        "UNH": 18588.96,
        "WMT": 6394.080000000001
      },
      "book_value": 99493.02,
      "return_pct": -0.506979999999996,
      "return_pct_with_cash_interest": -0.4759324439814955,
      "total_trades": 12,
      "sharpe_ratio": null,
      "sortino_ratio": null,
      "max_drawdown": 475.93244398149545,
      "max_drawdown_pct": 0.4759324439814955,
      "calmar_ratio": -3.971534550233346,
      "daily_metrics": {
        "trading_days": 64,
        "total_return_pct": -0.4754386439350346,
        "annualized_sharpe": -0.07912750880198734,
        "annualized_sortino": -0.10852641128861257,
        "annualized_volatility": 0.19588496990823345,
        "max_drawdown_pct": 11.675150722041963,
        "calmar_ratio": -0.1617311024905283,
        "spy_return_pct": -5.926117785785124,
        "excess_return_pct": 5.450679141850089
      },
      "mean_revisions_metrics": {
        "trading_days": 64,
        "total_return_pct": -0.6474676661281555,
        "annualized_sharpe": -0.10978361530660329,
        "annualized_sortino": -0.15033868651131402,
        "annualized_volatility": 0.1985263467683646,
        "max_drawdown_pct": 12.005178757898138,
        "calmar_ratio": -0.21364331584532184,
        "spy_return_pct": -5.926117785785124,
        "excess_return_pct": 5.278650119656968
      }
    }
  ]
}