{
  "run_name": "debate_slim_no_macro",
  "num_episodes": 1,
  "episode_summaries": [
    {
      "episode_id": "ep_000",
      "initial_cash": 100000.0,
      "final_cash": 7428.740000000005,
      "final_positions": {
        "AMD": 183,
        "LLY": 57,
        "UNH": 65
      },
      "final_prices": {
        "AMD": 180.49,
        "LLY": 767.26,
        "UNH": 477.24,
        "_CASH_": 1.0
      },
      "position_values": {
        "AMD": 33029.67,
        "LLY": 43733.82,
        "UNH": 31020.600000000002
      },
      "book_value": 115212.83,
      "return_pct": 15.212830000000002,
      "return_pct_with_cash_interest": 15.30989878648863,
      "total_trades": 3,
      "sharpe_ratio": null,
      "sortino_ratio": null,
      "max_drawdown": 0.0,
      "max_drawdown_pct": 0.0,
      "calmar_ratio": null,
      "daily_metrics": {
        "trading_days": 61,
        "total_return_pct": 15.306721931102643,
        "annualized_sharpe": 2.9360662729051668,
        "annualized_sortino": 5.337887130640228,
        "annualized_volatility": 0.18887980229449555,
        "max_drawdown_pct": 4.840776431061119,
        "calmar_ratio": 15.859862020133198,
        "spy_return_pct": 11.01140082307238,
        "excess_return_pct": 4.295321108030263
      }
    }
  ]
}