{
  "run_name": "vote_causal_no_macro_causal_out_fix_scenario",
  "num_episodes": 1,
  "episode_summaries": [
    {
      "episode_id": "ep_000",
      "initial_cash": 100000.0,
      "final_cash": 8096.219999999987,
      "final_positions": {
        "AMZN": 261,
        "COP": 277,
        "CVX": 278
      },
      "final_prices": {
        "AMZN": 130.36,
        "COP": 95.29,
        "CVX": 139.95,
        "_CASH_": 1.0
      },
      "position_values": {
        "AMZN": 34023.96000000001,
        "COP": 26395.33,
        "CVX": 38906.1
      },
      "book_value": 107421.61,
      "return_pct": 7.421610000000001,
      "return_pct_with_cash_interest": 7.517649435826053,
      "total_trades": 3,
      "sharpe_ratio": null,
      "sortino_ratio": null,
      "max_drawdown": 0.0,
      "max_drawdown_pct": 0.0,
      "calmar_ratio": null,
      "daily_metrics": {
        "trading_days": 62,
        "total_return_pct": 7.5161161377625545,
        "annualized_sharpe": 1.5728195178309206,
        "annualized_sortino": 2.5830696249950664,
        "annualized_volatility": 0.16597041945485524,
        "max_drawdown_pct": 6.368496140255668,
        "calmar_ratio": 5.280213011527339,
        "spy_return_pct": 8.26782495367423,
        "excess_return_pct": -0.7517088159116758
      }
    }
  ]
}