{
  "run_name": "debate_1_round_no_macro_causal_out",
  "num_episodes": 1,
  "episode_summaries": [
    {
      "episode_id": "ep_000",
      "initial_cash": 100000.0,
      "final_cash": 20976.65000000001,
      "final_positions": {
        "AAPL": 66,
        "AMD": 15,
        "AMZN": 44,
        "BAC": 217,
        "COP": 76,
        "CVX": 64,
        "GS": 14,
        "PG": 51,
        "TSLA": 22,
        "UNH": 27,
        "WMT": 144,
        "XOM": 115
      },
      "final_prices": {
        "AAPL": 127.88,
        "AMD": 64.77,
        "AMZN": 84.0,
        "BAC": 30.44,
        "COP": 106.18,
        "CVX": 156.7,
        "GS": 316.79,
        "PG": 139.51,
        "TSLA": 123.18,
        "UNH": 501.9,
        "WMT": 45.57,
        "XOM": 98.83,
        "_CASH_": 1.0
      },
      "position_values": {
        "AAPL": 8440.08,
        "AMD": 971.55,
        "AMZN": 3696.0,
        "BAC": 6605.4800000000005,
        "COP": 8069.68,
        "CVX": 10028.8,
        "GS": 4435.06,
        "PG": 7115.009999999999,
        "TSLA": 2709.96,
        "UNH": 13551.3,
        "WMT": 6562.08,
        "XOM": 11365.449999999999
      },
      "book_value": 104527.1,
      "return_pct": 4.527100000000006,
      "return_pct_with_cash_interest": 4.686787470761905,
      "total_trades": 12,
      "sharpe_ratio": null,
      "sortino_ratio": null,
      "max_drawdown": 0.0,
      "max_drawdown_pct": 0.0,
      "calmar_ratio": null,
      "daily_metrics": {
        "trading_days": 63,
        "total_return_pct": 4.68678747076192,
        "annualized_sharpe": 0.9162060581369202,
        "annualized_sortino": 1.42623116332228,
        "annualized_volatility": 0.18532672476189033,
        "max_drawdown_pct": 6.8356348932665,
        "calmar_ratio": 2.9414635589575564,
        "spy_return_pct": 4.794232360106329,
        "excess_return_pct": -0.10744488934440888
      },
      "mean_revisions_metrics": {
        "trading_days": 63,
        "total_return_pct": 5.465447551451041,
        "annualized_sharpe": 0.9989992839155888,
        "annualized_sortino": 1.5590156696770923,
        "annualized_volatility": 0.20303756741902315,
        "max_drawdown_pct": 7.467567350206994,
        "calmar_ratio": 3.176436448772559,
        "spy_return_pct": 4.794232360106329,
        "excess_return_pct": 0.6712151913447126
      }
    }
  ]
}