{
  "run_name": "vote_no_macro_enriched",
  "num_episodes": 1,
  "episode_summaries": [
    {
      "episode_id": "ep_000",
      "initial_cash": 100000.0,
      "final_cash": 18597.42000000001,
      "final_positions": {
        "AMD": 156,
        "LLY": 48,
        "UNH": 61
      },
      "final_prices": {
        "AMD": 180.49,
        "LLY": 767.26,
        "UNH": 477.24,
        "_CASH_": 1.0
      },
      "position_values": {
        "AMD": 28156.440000000002,
        "LLY": 36828.479999999996,
        "UNH": 29111.64
      },
      "book_value": 112693.98000000001,
      "return_pct": 12.69398000000001,
      "return_pct_with_cash_interest": 12.936986080603107,
      "total_trades": 3,
      "sharpe_ratio": null,
      "sortino_ratio": null,
      "max_drawdown": 0.0,
      "max_drawdown_pct": 0.0,
      "calmar_ratio": null,
      "daily_metrics": {
        "trading_days": 61,
        "total_return_pct": 12.929223018534058,
        "annualized_sharpe": 2.8344914756698776,
        "annualized_sortino": 5.096167803957138,
        "annualized_volatility": 0.1636909444694984,
        "max_drawdown_pct": 4.16833880183692,
        "calmar_ratio": 15.027389094183953,
        "spy_return_pct": 11.01140082307238,
        "excess_return_pct": 1.917822195461678
      }
    }
  ]
}