{
  "run_name": "debate_1_round_no_macro_causal_out",
  "num_episodes": 1,
  "episode_summaries": [
    {
      "episode_id": "ep_000",
      "initial_cash": 100000.0,
      "final_cash": 6598.220000000003,
      "final_positions": {
        "AAPL": 122,
        "AMD": 116,
        "AMZN": 91,
        "BAC": 263,
        "MSFT": 80,
        "SLB": 145,
        "TSLA": 54
      },
      "final_prices": {
        "AAPL": 173.76,
        "AMD": 143.9,
        "AMZN": 166.72,
        "BAC": 39.96,
        "MSFT": 324.68,
        "SLB": 27.1,
        "TSLA": 352.26,
        "_CASH_": 1.0
      },
      "position_values": {
        "AAPL": 21198.719999999998,
        "AMD": 16692.4,
        "AMZN": 15171.52,
        "BAC": 10509.48,
        "MSFT": 25974.4,
        "SLB": 3929.5,
        "TSLA": 19022.04
      },
      "book_value": 119096.28,
      "return_pct": 19.09628,
      "return_pct_with_cash_interest": 19.09726951038798,
      "total_trades": 7,
      "sharpe_ratio": null,
      "sortino_ratio": null,
      "max_drawdown": 0.0,
      "max_drawdown_pct": 0.0,
      "calmar_ratio": null,
      "daily_metrics": {
        "trading_days": 64,
        "total_return_pct": 19.113235218098474,
        "annualized_sharpe": 3.2372471697119622,
        "annualized_sortino": 5.064758177876039,
        "annualized_volatility": 0.22022356368680443,
        "max_drawdown_pct": 7.722582036145746,
        "calmar_ratio": 13.117152793848176,
        "spy_return_pct": 9.761579016803571,
        "excess_return_pct": 9.351656201294903
      },
      "mean_revisions_metrics": {
        "trading_days": 64,
        "total_return_pct": 18.496668693593165,
        "annualized_sharpe": 3.18292950126369,
        "annualized_sortino": 4.957545404675701,
        "annualized_volatility": 0.21735028129088937,
        "max_drawdown_pct": 7.890267785098608,
        "calmar_ratio": 12.314235128656856,
        "spy_return_pct": 9.761579016803571,
        "excess_return_pct": 8.735089676789594
      }
    }
  ]
}