{
  "run_name": "debate_1_round_no_macro_causal_out_rca_revise",
  "num_episodes": 1,
  "episode_summaries": [
    {
      "episode_id": "ep_000",
      "initial_cash": 100000.0,
      "final_cash": 9443.700000000008,
      "final_positions": {
        "AMD": 189,
        "LLY": 59,
        "UNH": 57
      },
      "final_prices": {
        "AMD": 180.49,
        "LLY": 767.26,
        "UNH": 477.24,
        "_CASH_": 1.0
      },
      "position_values": {
        "AMD": 34112.61,
        "LLY": 45268.34,
        "UNH": 27202.68
      },
      "book_value": 116027.33000000002,
      "return_pct": 16.027330000000017,
      "return_pct_with_cash_interest": 16.15072757468464,
      "total_trades": 3,
      "sharpe_ratio": null,
      "sortino_ratio": null,
      "max_drawdown": 0.0,
      "max_drawdown_pct": 0.0,
      "calmar_ratio": null,
      "daily_metrics": {
        "trading_days": 61,
        "total_return_pct": 16.146785520934092,
        "annualized_sharpe": 3.0250706060862,
        "annualized_sortino": 5.557750315305728,
        "annualized_volatility": 0.19354634891662778,
        "max_drawdown_pct": 5.0211387693393625,
        "calmar_ratio": 16.327400715442003,
        "spy_return_pct": 11.01140082307238,
        "excess_return_pct": 5.135384697861712
      }
    }
  ]
}