{
  "run_name": "vote_no_macro_enriched",
  "num_episodes": 1,
  "episode_summaries": [
    {
      "episode_id": "ep_000",
      "initial_cash": 100000.0,
      "final_cash": 21408.340000000004,
      "final_positions": {
        "BAC": 283,
        "COP": 305,
        "GS": 14,
        "JNJ": 144,
        "MSFT": 32,
        "NVDA": 528,
        "WMT": 103
      },
      "final_prices": {
        "BAC": 27.6,
        "COP": 91.17,
        "GS": 268.6,
        "JNJ": 147.38,
        "MSFT": 226.31,
        "NVDA": 12.12,
        "WMT": 41.52,
        "_CASH_": 1.0
      },
      "position_values": {
        "BAC": 7810.8,
        "COP": 27806.850000000002,
        "GS": 3760.4000000000005,
        "JNJ": 21222.72,
        "MSFT": 7241.92,
        "NVDA": 6399.36,
        "WMT": 4276.56
      },
      "book_value": 99926.95000000001,
      "return_pct": -0.07304999999998836,
      "return_pct_with_cash_interest": 0.011016475864729727,
      "total_trades": 7,
      "sharpe_ratio": null,
      "sortino_ratio": null,
      "max_drawdown": 0.0,
      "max_drawdown_pct": 0.0,
      "calmar_ratio": null,
      "daily_metrics": {
        "trading_days": 64,
        "total_return_pct": 0.012353522480116225,
        "annualized_sharpe": -0.003912101461883095,
        "annualized_sortino": -0.0056207021650703185,
        "annualized_volatility": 0.17167341240509054,
        "max_drawdown_pct": 9.153808848794272,
        "calmar_ratio": 0.005399200274123426,
        "spy_return_pct": -5.926117785785124,
        "excess_return_pct": 5.93847130826524
      }
    }
  ]
}