{
  "run_name": "debate_slim_no_macro",
  "num_episodes": 1,
  "episode_summaries": [
    {
      "episode_id": "ep_000",
      "initial_cash": 100000.0,
      "final_cash": 6761.9999999999945,
      "final_positions": {
        "AMD": 91,
        "COP": 77,
        "COST": 39,
        "MSFT": 81,
        "NKE": 69,
        "PG": 94,
        "WMT": 315
      },
      "final_prices": {
        "AMD": 113.91,
        "COP": 95.29,
        "COST": 518.7,
        "MSFT": 333.39,
        "NKE": 104.61,
        "PG": 141.44,
        "WMT": 50.91,
        "_CASH_": 1.0
      },
      "position_values": {
        "AMD": 10365.81,
        "COP": 7337.330000000001,
        "COST": 20229.300000000003,
        "MSFT": 27004.59,
        "NKE": 7218.09,
        "PG": 13295.36,
        "WMT": 16036.65
      },
      "book_value": 108249.13,
      "return_pct": 8.249130000000005,
      "return_pct_with_cash_interest": 8.329342576369687,
      "total_trades": 7,
      "sharpe_ratio": null,
      "sortino_ratio": null,
      "max_drawdown": 0.0,
      "max_drawdown_pct": 0.0,
      "calmar_ratio": null,
      "daily_metrics": {
        "trading_days": 62,
        "total_return_pct": 8.328114058809225,
        "annualized_sharpe": 2.316493399781888,
        "annualized_sortino": 3.8609391243216535,
        "annualized_volatility": 0.12330663423866366,
        "max_drawdown_pct": 3.4165101200673975,
        "calmar_ratio": 11.037509391580594,
        "spy_return_pct": 8.26782495367423,
        "excess_return_pct": 0.06028910513499497
      }
    }
  ]
}