{
  "run_name": "single_agent_slim",
  "num_episodes": 1,
  "episode_summaries": [
    {
      "episode_id": "ep_000",
      "initial_cash": 100000.0,
      "final_cash": 1524.4900000000043,
      "final_positions": {
        "AAPL": 49,
        "AMD": 20,
        "AMZN": 19,
        "BAC": 37,
        "CAT": 9,
        "COP": 44,
        "COST": 14,
        "CVX": 41,
        "GS": 9,
        "JNJ": 7,
        "JPM": 49,
        "MS": 12,
        "MSFT": 53,
        "NKE": 8,
        "NVDA": 432,
        "PG": 14,
        "RTX": 32,
        "SLB": 22,
        "TSLA": 9,
        "UNH": 20,
        "WMT": 84,
        "XOM": 80
      },
      "final_prices": {
        "AAPL": 191.46,
        "AMD": 113.91,
        "AMZN": 130.36,
        "BAC": 26.75,
        "CAT": 235.62,
        "COP": 95.29,
        "COST": 518.7,
        "CVX": 139.95,
        "GS": 301.98,
        "JNJ": 152.51,
        "JPM": 136.53,
        "MS": 78.46,
        "MSFT": 333.39,
        "NKE": 104.61,
        "NVDA": 42.27,
        "PG": 141.44,
        "RTX": 92.32,
        "SLB": 45.76,
        "TSLA": 261.77,
        "UNH": 458.5,
        "WMT": 50.91,
        "XOM": 97.68,
        "_CASH_": 1.0
      },
      "position_values": {
        "AAPL": 9381.54,
        "AMD": 2278.2,
        "AMZN": 2476.84,
        "BAC": 989.75,
        "CAT": 2120.58,
        "COP": 4192.76,
        "COST": 7261.800000000001,
        "CVX": 5737.95,
        "GS": 2717.82,
        "JNJ": 1067.57,
        "JPM": 6689.97,
        "MS": 941.52,
        "MSFT": 17669.67,
        "NKE": 836.88,
        "NVDA": 18260.640000000003,
        "PG": 1980.1599999999999,
        "RTX": 2954.24,
        "SLB": 1006.7199999999999,
        "TSLA": 2355.93,
        "UNH": 9170.0,
        "WMT": 4276.44,
        "XOM": 7814.400000000001
      },
      "book_value": 113705.87000000001,
      "return_pct": 13.705870000000008,
      "return_pct_with_cash_interest": 13.72395389094201,
      "total_trades": 22,
      "sharpe_ratio": null,
      "sortino_ratio": null,
      "max_drawdown": 0.0,
      "max_drawdown_pct": 0.0,
      "calmar_ratio": null,
      "daily_metrics": {
        "trading_days": 62,
        "total_return_pct": 13.723768876262199,
        "annualized_sharpe": 3.175768940165556,
        "annualized_sortino": 6.288867893267084,
        "annualized_volatility": 0.1535336576441297,
        "max_drawdown_pct": 3.0874046600456353,
        "calmar_ratio": 21.786895272002038,
        "spy_return_pct": 8.26782495367423,
        "excess_return_pct": 5.455943922587968
      }
    }
  ]
}