{
  "run_name": "debate_1_round_no_macro_causal_out_rca_revise",
  "num_episodes": 1,
  "episode_summaries": [
    {
      "episode_id": "ep_000",
      "initial_cash": 100000.0,
      "final_cash": 9220.790000000005,
      "final_positions": {
        "AAPL": 120,
        "AMD": 90,
        "MSFT": 117,
        "NVDA": 647
      },
      "final_prices": {
        "AAPL": 171.08,
        "AMD": 109.34,
        "MSFT": 298.25,
        "NVDA": 27.24,
        "_CASH_": 1.0
      },
      "position_values": {
        "AAPL": 20529.600000000002,
        "AMD": 9840.6,
        "MSFT": 34895.25,
        "NVDA": 17624.28
      },
      "book_value": 92110.52,
      "return_pct": -7.889479999999996,
      "return_pct_with_cash_interest": -7.887866785157166,
      "total_trades": 4,
      "sharpe_ratio": null,
      "sortino_ratio": null,
      "max_drawdown": 7887.866785157166,
      "max_drawdown_pct": 7.887866785157166,
      "calmar_ratio": -3.55112459907333,
      "daily_metrics": {
        "trading_days": 62,
        "total_return_pct": -7.887892393946327,
        "annualized_sharpe": -0.7660768782739114,
        "annualized_sortino": -1.088296213418664,
        "annualized_volatility": 0.355538984400771,
        "max_drawdown_pct": 19.903538879660637,
        "calmar_ratio": -1.4073315304054335,
        "spy_return_pct": -5.163593841839523,
        "excess_return_pct": -2.724298552106804
      }
    }
  ]
}