{
  "run_name": "single_agent_slim",
  "num_episodes": 1,
  "episode_summaries": [
    {
      "episode_id": "ep_000",
      "initial_cash": 100000.0,
      "final_cash": 5166.879999999997,
      "final_positions": {
        "AMZN": 145,
        "COP": 498,
        "CVX": 243
      },
      "final_prices": {
        "AMZN": 130.36,
        "COP": 95.29,
        "CVX": 139.95,
        "_CASH_": 1.0
      },
      "position_values": {
        "AMZN": 18902.2,
        "COP": 47454.420000000006,
        "CVX": 34007.85
      },
      "book_value": 105531.35,
      "return_pct": 5.531350000000006,
      "return_pct_with_cash_interest": 5.592640854272846,
      "total_trades": 3,
      "sharpe_ratio": null,
      "sortino_ratio": null,
      "max_drawdown": 0.0,
      "max_drawdown_pct": 0.0,
      "calmar_ratio": null,
      "daily_metrics": {
        "trading_days": 62,
        "total_return_pct": 5.588080027614953,
        "annualized_sharpe": 0.9578437076772192,
        "annualized_sortino": 1.5753627126063534,
        "annualized_volatility": 0.2024491758725146,
        "max_drawdown_pct": 8.411554803187943,
        "calmar_ratio": 2.8884900434384115,
        "spy_return_pct": 8.26782495367423,
        "excess_return_pct": -2.6797449260592776
      }
    }
  ]
}