{
  "run_name": "vote_causal_no_macro_causal_out_fix_scenario",
  "num_episodes": 1,
  "episode_summaries": [
    {
      "episode_id": "ep_000",
      "initial_cash": 100000.0,
      "final_cash": 7657.78000000001,
      "final_positions": {
        "AAPL": 96,
        "BAC": 389,
        "COP": 254,
        "DAL": 35,
        "GS": 33,
        "RTX": 158,
        "UNH": 51
      },
      "final_prices": {
        "AAPL": 135.79,
        "BAC": 27.6,
        "COP": 91.17,
        "DAL": 27.22,
        "GS": 268.6,
        "RTX": 75.81,
        "UNH": 476.64,
        "_CASH_": 1.0
      },
      "position_values": {
        "AAPL": 13035.84,
        "BAC": 10736.400000000001,
        "COP": 23157.18,
        "DAL": 952.6999999999999,
        "GS": 8863.800000000001,
        "RTX": 11977.98,
        "UNH": 24308.64
      },
      "book_value": 100690.32000000002,
      "return_pct": 0.6903200000000215,
      "return_pct_with_cash_interest": 0.720390644316547,
      "total_trades": 7,
      "sharpe_ratio": null,
      "sortino_ratio": null,
      "max_drawdown": 0.0,
      "max_drawdown_pct": 0.0,
      "calmar_ratio": null,
      "daily_metrics": {
        "trading_days": 64,
        "total_return_pct": 0.7208689069389657,
        "annualized_sharpe": 0.16270140919739395,
        "annualized_sortino": 0.23337200821440413,
        "annualized_volatility": 0.20633210714641328,
        "max_drawdown_pct": 10.656147090722852,
        "calmar_ratio": 0.2735327161140003,
        "spy_return_pct": -5.926117785785124,
        "excess_return_pct": 6.64698669272409
      }
    }
  ]
}