{
  "run_name": "debate_slim_no_macro",
  "num_episodes": 1,
  "episode_summaries": [
    {
      "episode_id": "ep_000",
      "initial_cash": 100000.0,
      "final_cash": 10160.400000000009,
      "final_positions": {
        "JPM": 313,
        "RTX": 146,
        "WMT": 711
      },
      "final_prices": {
        "JPM": 161.96,
        "RTX": 80.44,
        "WMT": 51.44,
        "_CASH_": 1.0
      },
      "position_values": {
        "JPM": 50693.48,
        "RTX": 11744.24,
        "WMT": 36573.84
      },
      "book_value": 109171.96,
      "return_pct": 9.171960000000007,
      "return_pct_with_cash_interest": 9.30472244669206,
      "total_trades": 3,
      "sharpe_ratio": null,
      "sortino_ratio": null,
      "max_drawdown": 0.0,
      "max_drawdown_pct": 0.0,
      "calmar_ratio": null,
      "daily_metrics": {
        "trading_days": 63,
        "total_return_pct": 9.300470946692018,
        "annualized_sharpe": 2.9664107517077727,
        "annualized_sortino": 4.078846615789687,
        "annualized_volatility": 0.10430752424912644,
        "max_drawdown_pct": 2.846611828166636,
        "calmar_ratio": 15.007695348698473,
        "spy_return_pct": 11.684051763783549,
        "excess_return_pct": -2.3835808170915307
      }
    }
  ]
}