{
  "run_name": "debate_1_round_no_macro_causal_out",
  "num_episodes": 1,
  "episode_summaries": [
    {
      "episode_id": "ep_000",
      "initial_cash": 100000.0,
      "final_cash": 7930.24,
      "final_positions": {
        "AAPL": 36,
        "AMZN": 26,
        "BAC": 144,
        "CAT": 19,
        "COP": 54,
        "COST": 17,
        "CVX": 56,
        "GS": 11,
        "JNJ": 33,
        "JPM": 62,
        "MS": 42,
        "MSFT": 30,
        "NVDA": 82,
        "PG": 34,
        "RTX": 26,
        "SLB": 60,
        "TSLA": 11,
        "UNH": 20,
        "WMT": 96,
        "XOM": 115
      },
      "final_prices": {
        "AAPL": 127.88,
        "AMD": 64.77,
        "AMZN": 84.0,
        "BAC": 30.44,
        "CAT": 227.08,
        "COP": 106.18,
        "COST": 438.14,
        "CVX": 156.7,
        "GS": 316.79,
        "JNJ": 160.4,
        "JPM": 123.99,
        "MS": 76.82,
        "MSFT": 233.69,
        "NVDA": 14.6,
        "PG": 139.51,
        "RTX": 94.01,
        "SLB": 49.3,
        "TSLA": 123.18,
        "UNH": 501.9,
        "WMT": 45.57,
        "XOM": 98.83,
        "_CASH_": 1.0
      },
      "position_values": {
        "AAPL": 4603.68,
        "AMZN": 2184.0,
        "BAC": 4383.360000000001,
        "CAT": 4314.52,
        "COP": 5733.72,
        "COST": 7448.38,
        "CVX": 8775.199999999999,
        "GS": 3484.69,
        "JNJ": 5293.2,
        "JPM": 7687.38,
        "MS": 3226.4399999999996,
        "MSFT": 7010.7,
        "NVDA": 1197.2,
        "PG": 4743.34,
        "RTX": 2444.26,
        "SLB": 2958.0,
        "TSLA": 1354.98,
        "UNH": 10038.0,
        "WMT": 4374.72,
        "XOM": 11365.449999999999
      },
      "book_value": 110551.46,
      "return_pct": 10.551460000000008,
      "return_pct_with_cash_interest": 10.611829981295145,
      "total_trades": 20,
      "sharpe_ratio": null,
      "sortino_ratio": null,
      "max_drawdown": 0.0,
      "max_drawdown_pct": 0.0,
      "calmar_ratio": null,
      "daily_metrics": {
        "trading_days": 63,
        "total_return_pct": 10.61182998129513,
        "annualized_sharpe": 1.886666156032578,
        "annualized_sortino": 3.180568126719397,
        "annualized_volatility": 0.2092912054203494,
        "max_drawdown_pct": 6.764969587664471,
        "calmar_ratio": 7.34588084661329,
        "spy_return_pct": 4.794232360106329,
        "excess_return_pct": 5.817597621188802
      },
      "mean_revisions_metrics": {
        "trading_days": 63,
        "total_return_pct": 10.50591953109912,
        "annualized_sharpe": 1.8342922849607435,
        "annualized_sortino": 3.0721442781494948,
        "annualized_volatility": 0.2136702982609574,
        "max_drawdown_pct": 6.9161727009365555,
        "calmar_ratio": 7.102505540531029,
        "spy_return_pct": 4.794232360106329,
        "excess_return_pct": 5.711687170992792
      }
    }
  ]
}