{
  "run_name": "debate_slim_no_macro",
  "num_episodes": 1,
  "episode_summaries": [
    {
      "episode_id": "ep_000",
      "initial_cash": 100000.0,
      "final_cash": 9270.24000000002,
      "final_positions": {
        "AAPL": 22,
        "AMD": 9,
        "AMT": 9,
        "AMZN": 26,
        "AVGO": 18,
        "BAC": 24,
        "BLK": 1,
        "CAT": 3,
        "COP": 19,
        "COST": 4,
        "CVX": 18,
        "DAL": 23,
        "DE": 2,
        "DIS": 10,
        "GOOG": 44,
        "GS": 1,
        "HD": 2,
        "JNJ": 18,
        "JPM": 8,
        "LLY": 2,
        "META": 8,
        "MS": 17,
        "MSFT": 26,
        "NFLX": 10,
        "NKE": 16,
        "NVDA": 73,
        "OXY": 20,
        "PFE": 42,
        "PG": 18,
        "PLD": 18,
        "RTX": 15,
        "TSLA": 3,
        "UNH": 7,
        "WMT": 34,
        "XOM": 34
      },
      "final_prices": {
        "AAPL": 204.55,
        "AMD": 141.9,
        "AMT": 216.98,
        "AMZN": 219.39,
        "AVGO": 274.65,
        "BAC": 46.55,
        "BLK": 1033.51,
        "CAT": 384.78,
        "COP": 87.51,
        "COST": 987.17,
        "CVX": 138.69,
        "DAL": 48.73,
        "DE": 504.97,
        "DIS": 123.18,
        "GOOG": 177.12,
        "GS": 696.84,
        "HD": 362.23,
        "JNJ": 149.88,
        "JPM": 285.83,
        "LLY": 775.39,
        "META": 736.99,
        "MS": 139.04,
        "MSFT": 494.54,
        "NFLX": 133.91,
        "NKE": 69.76,
        "NVDA": 157.97,
        "OXY": 41.55,
        "PFE": 23.03,
        "PG": 156.03,
        "PLD": 103.39,
        "RTX": 144.33,
        "TSLA": 317.66,
        "UNH": 307.94,
        "WMT": 97.35,
        "XOM": 105.18,
        "_CASH_": 1.0
      },
      "position_values": {
        "AAPL": 4500.1,
        "AMD": 1277.1000000000001,
        "AMT": 1952.82,
        "AMZN": 5704.139999999999,
        "AVGO": 4943.7,
        "BAC": 1117.1999999999998,
        "BLK": 1033.51,
        "CAT": 1154.34,
        "COP": 1662.69,
        "COST": 3948.68,
        "CVX": 2496.42,
        "DAL": 1120.79,
        "DE": 1009.94,
        "DIS": 1231.8000000000002,
        "GOOG": 7793.280000000001,
        "GS": 696.84,
        "HD": 724.46,
        "JNJ": 2697.84,
        "JPM": 2286.64,
        "LLY": 1550.78,
        "META": 5895.92,
        "MS": 2363.68,
        "MSFT": 12858.04,
        "NFLX": 1339.1,
        "NKE": 1116.16,
        "NVDA": 11531.81,
        "OXY": 831.0,
        "PFE": 967.26,
        "PG": 2808.54,
        "PLD": 1861.02,
        "RTX": 2164.9500000000003,
        "TSLA": 952.98,
        "UNH": 2155.58,
        "WMT": 3309.8999999999996,
        "XOM": 3576.1200000000003
      },
      "book_value": 111905.37000000002,
      "return_pct": 11.905370000000024,
      "return_pct_with_cash_interest": 12.002555058020342,
      "total_trades": 35,
      "sharpe_ratio": null,
      "sortino_ratio": null,
      "max_drawdown": 0.0,
      "max_drawdown_pct": 0.0,
      "calmar_ratio": null,
      "daily_metrics": {
        "trading_days": 62,
        "total_return_pct": 12.002526158020265,
        "annualized_sharpe": 1.615896787306963,
        "annualized_sortino": 2.6432357472729686,
        "annualized_volatility": 0.2831805004574754,
        "max_drawdown_pct": 10.481746529860013,
        "calmar_ratio": 5.472955542038759,
        "spy_return_pct": 10.465185277889864,
        "excess_return_pct": 1.537340880130401
      }
    }
  ]
}