{
  "run_name": "debate_slim_no_macro",
  "num_episodes": 1,
  "episode_summaries": [
    {
      "episode_id": "ep_000",
      "initial_cash": 100000.0,
      "final_cash": 8289.600000000006,
      "final_positions": {
        "AVGO": 73,
        "BLK": 11,
        "COST": 16,
        "DE": 7,
        "GS": 21,
        "MS": 89,
        "MSFT": 38,
        "NKE": 27,
        "PFE": 246
      },
      "final_prices": {
        "AVGO": 166.43,
        "BLK": 927.37,
        "COST": 941.91,
        "DE": 464.63,
        "GS": 535.2,
        "MS": 114.25,
        "MSFT": 372.54,
        "NKE": 61.93,
        "PFE": 23.63,
        "_CASH_": 1.0
      },
      "position_values": {
        "AVGO": 12149.390000000001,
        "BLK": 10201.07,
        "COST": 15070.56,
        "DE": 3252.41,
        "GS": 11239.2,
        "MS": 10168.25,
        "MSFT": 14156.52,
        "NKE": 1672.11,
        "PFE": 5812.98
      },
      "book_value": 92012.09000000001,
      "return_pct": -7.987909999999989,
      "return_pct_with_cash_interest": -7.899596408767742,
      "total_trades": 9,
      "sharpe_ratio": null,
      "sortino_ratio": null,
      "max_drawdown": 7899.596408767742,
      "max_drawdown_pct": 7.899596408767742,
      "calmar_ratio": -3.550492701403027,
      "daily_metrics": {
        "trading_days": 60,
        "total_return_pct": -7.905211073456157,
        "annualized_sharpe": -1.8710072641177282,
        "annualized_sortino": -2.2868065740808814,
        "annualized_volatility": 0.1971289369764997,
        "max_drawdown_pct": 12.873457342415245,
        "calmar_ratio": -2.1800673005131315,
        "spy_return_pct": -4.031069434308774,
        "excess_return_pct": -3.874141639147383
      }
    }
  ]
}