{
  "run_name": "debate_slim_no_macro",
  "num_episodes": 1,
  "episode_summaries": [
    {
      "episode_id": "ep_000",
      "initial_cash": 100000.0,
      "final_cash": 5346.44999999999,
      "final_positions": {
        "AAPL": 89,
        "BAC": 424,
        "COP": 229,
        "DAL": 213,
        "GS": 48,
        "RTX": 158,
        "UNH": 41
      },
      "final_prices": {
        "AAPL": 135.79,
        "BAC": 27.6,
        "COP": 91.17,
        "DAL": 27.22,
        "GS": 268.6,
        "RTX": 75.81,
        "UNH": 476.64,
        "_CASH_": 1.0
      },
      "position_values": {
        "AAPL": 12085.31,
        "BAC": 11702.400000000001,
        "COP": 20877.93,
        "DAL": 5797.86,
        "GS": 12892.800000000001,
        "RTX": 11977.98,
        "UNH": 19542.239999999998
      },
      "book_value": 100222.97,
      "return_pct": 0.22297000000000117,
      "return_pct_with_cash_interest": 0.24396449139385368,
      "total_trades": 7,
      "sharpe_ratio": null,
      "sortino_ratio": null,
      "max_drawdown": 0.0,
      "max_drawdown_pct": 0.0,
      "calmar_ratio": null,
      "daily_metrics": {
        "trading_days": 64,
        "total_return_pct": 0.24464210111674037,
        "annualized_sharpe": 0.07819192014889202,
        "annualized_sortino": 0.1114458890919149,
        "annualized_volatility": 0.2157963922933296,
        "max_drawdown_pct": 11.60551954946503,
        "calmar_ratio": 0.08462914960672806,
        "spy_return_pct": -5.926117785785124,
        "excess_return_pct": 6.170759886901864
      }
    }
  ]
}