{
  "run_name": "debate_1_round_no_macro_causal_out",
  "num_episodes": 1,
  "episode_summaries": [
    {
      "episode_id": "ep_000",
      "initial_cash": 100000.0,
      "final_cash": 10163.750000000011,
      "final_positions": {
        "AAPL": 55,
        "AMD": 20,
        "AMZN": 48,
        "BAC": 75,
        "CAT": 4,
        "COP": 11,
        "COST": 18,
        "CVX": 27,
        "GS": 6,
        "JNJ": 28,
        "JPM": 32,
        "MS": 37,
        "MSFT": 42,
        "NKE": 8,
        "NVDA": 216,
        "PG": 14,
        "RTX": 21,
        "SLB": 22,
        "TSLA": 9,
        "UNH": 17,
        "WMT": 84,
        "XOM": 80
      },
      "final_prices": {
        "AAPL": 191.46,
        "AMD": 113.91,
        "AMZN": 130.36,
        "BAC": 26.75,
        "CAT": 235.62,
        "COP": 95.29,
        "COST": 518.7,
        "CVX": 139.95,
        "GS": 301.98,
        "JNJ": 152.51,
        "JPM": 136.53,
        "MS": 78.46,
        "MSFT": 333.39,
        "NKE": 104.61,
        "NVDA": 42.27,
        "PG": 141.44,
        "RTX": 92.32,
        "SLB": 45.76,
        "TSLA": 261.77,
        "UNH": 458.5,
        "WMT": 50.91,
        "XOM": 97.68,
        "_CASH_": 1.0
      },
      "position_values": {
        "AAPL": 10530.300000000001,
        "AMD": 2278.2,
        "AMZN": 6257.280000000001,
        "BAC": 2006.25,
        "CAT": 942.48,
        "COP": 1048.19,
        "COST": 9336.6,
        "CVX": 3778.6499999999996,
        "GS": 1811.88,
        "JNJ": 4270.28,
        "JPM": 4368.96,
        "MS": 2903.02,
        "MSFT": 14002.38,
        "NKE": 836.88,
        "NVDA": 9130.320000000002,
        "PG": 1980.1599999999999,
        "RTX": 1938.7199999999998,
        "SLB": 1006.7199999999999,
        "TSLA": 2355.93,
        "UNH": 7794.5,
        "WMT": 4276.44,
        "XOM": 7814.400000000001
      },
      "book_value": 110832.29000000002,
      "return_pct": 10.832290000000022,
      "return_pct_with_cash_interest": 10.952855006370534,
      "total_trades": 22,
      "sharpe_ratio": null,
      "sortino_ratio": null,
      "max_drawdown": 0.0,
      "max_drawdown_pct": 0.0,
      "calmar_ratio": null,
      "daily_metrics": {
        "trading_days": 62,
        "total_return_pct": 10.951331250302756,
        "annualized_sharpe": 3.165681902931356,
        "annualized_sortino": 6.148647779802466,
        "annualized_volatility": 0.12089961327059491,
        "max_drawdown_pct": 2.839961938478145,
        "calmar_ratio": 18.148472974882548,
        "spy_return_pct": 8.26782495367423,
        "excess_return_pct": 2.6835062966285257
      },
      "mean_revisions_metrics": {
        "trading_days": 62,
        "total_return_pct": 11.285345607297742,
        "annualized_sharpe": 3.1581198511404303,
        "annualized_sortino": 6.087513093143116,
        "annualized_volatility": 0.1252295786633528,
        "max_drawdown_pct": 2.892723660382599,
        "calmar_ratio": 18.451143902060082,
        "spy_return_pct": 8.26782495367423,
        "excess_return_pct": 3.017520653623512
      }
    }
  ]
}