{
  "run_name": "single_agent_slim",
  "num_episodes": 1,
  "episode_summaries": [
    {
      "episode_id": "ep_000",
      "initial_cash": 100000.0,
      "final_cash": 6102.53999999999,
      "final_positions": {
        "COST": 22,
        "CVX": 95,
        "NKE": 45,
        "PG": 107,
        "TSLA": 40,
        "UNH": 49,
        "XOM": 202
      },
      "final_prices": {
        "COST": 477.71,
        "CVX": 143.71,
        "NKE": 115.86,
        "PG": 137.73,
        "TSLA": 207.46,
        "UNH": 448.98,
        "XOM": 99.01,
        "_CASH_": 1.0
      },
      "position_values": {
        "COST": 10509.619999999999,
        "CVX": 13652.45,
        "NKE": 5213.7,
        "PG": 14737.109999999999,
        "TSLA": 8298.4,
        "UNH": 22000.02,
        "XOM": 20000.02
      },
      "book_value": 100513.85999999999,
      "return_pct": 0.513859999999986,
      "return_pct_with_cash_interest": 0.5788736584441067,
      "total_trades": 7,
      "sharpe_ratio": null,
      "sortino_ratio": null,
      "max_drawdown": 0.0,
      "max_drawdown_pct": 0.0,
      "calmar_ratio": null,
      "daily_metrics": {
        "trading_days": 62,
        "total_return_pct": 0.5783142052489275,
        "annualized_sharpe": -0.046127567299100565,
        "annualized_sortino": -0.06475734377801885,
        "annualized_volatility": 0.1549163764282371,
        "max_drawdown_pct": 6.8428132098600605,
        "calmar_ratio": 0.34100026798077526,
        "spy_return_pct": 7.9124952092378145,
        "excess_return_pct": -7.334181003988887
      }
    }
  ]
}