{
  "run_name": "debate_1_round_no_macro_causal_out",
  "num_episodes": 1,
  "episode_summaries": [
    {
      "episode_id": "ep_000",
      "initial_cash": 100000.0,
      "final_cash": 13577.500000000002,
      "final_positions": {
        "BAC": 310,
        "CAT": 76,
        "GS": 16,
        "JPM": 182,
        "NKE": 43,
        "TSLA": 39,
        "WMT": 288
      },
      "final_prices": {
        "BAC": 31.91,
        "CAT": 286.0,
        "GS": 367.18,
        "JPM": 161.96,
        "NKE": 103.6,
        "TSLA": 248.48,
        "WMT": 51.44,
        "_CASH_": 1.0
      },
      "position_values": {
        "BAC": 9892.1,
        "CAT": 21736.0,
        "GS": 5874.88,
        "JPM": 29476.72,
        "NKE": 4454.8,
        "TSLA": 9690.72,
        "WMT": 14814.72
      },
      "book_value": 109517.44,
      "return_pct": 9.517440000000002,
      "return_pct_with_cash_interest": 9.694852515251506,
      "total_trades": 7,
      "sharpe_ratio": null,
      "sortino_ratio": null,
      "max_drawdown": 0.0,
      "max_drawdown_pct": 0.0,
      "calmar_ratio": null,
      "daily_metrics": {
        "trading_days": 63,
        "total_return_pct": 9.693820415251468,
        "annualized_sharpe": 2.2719937298804767,
        "annualized_sortino": 3.6321081917678413,
        "annualized_volatility": 0.1446775079205805,
        "max_drawdown_pct": 7.441704719332389,
        "calmar_ratio": 6.018337855973358,
        "spy_return_pct": 11.684051763783549,
        "excess_return_pct": -1.990231348532081
      },
      "mean_revisions_metrics": {
        "trading_days": 63,
        "total_return_pct": 9.562911600305322,
        "annualized_sharpe": 2.2078003550855274,
        "annualized_sortino": 3.4473510621380816,
        "annualized_volatility": 0.14686304853878154,
        "max_drawdown_pct": 7.527474865490626,
        "calmar_ratio": 5.858109844513258,
        "spy_return_pct": 11.684051763783549,
        "excess_return_pct": -2.121140163478227
      }
    }
  ]
}