{
  "run_name": "debate_1_round_no_macro_causal_out",
  "num_episodes": 1,
  "episode_summaries": [
    {
      "episode_id": "ep_000",
      "initial_cash": 100000.0,
      "final_cash": 15024.579999999984,
      "final_positions": {
        "COST": 22,
        "CVX": 114,
        "NKE": 27,
        "PG": 107,
        "UNH": 43,
        "XOM": 182
      },
      "final_prices": {
        "COST": 477.71,
        "CVX": 143.71,
        "NKE": 115.86,
        "PG": 137.73,
        "TSLA": 207.46,
        "UNH": 448.98,
        "XOM": 99.01,
        "_CASH_": 1.0
      },
      "position_values": {
        "COST": 10509.619999999999,
        "CVX": 16382.94,
        "NKE": 3128.22,
        "PG": 14737.109999999999,
        "UNH": 19306.14,
        "XOM": 18019.82
      },
      "book_value": 97108.42999999998,
      "return_pct": -2.8915700000000215,
      "return_pct_with_cash_interest": -2.7315050250246276,
      "total_trades": 6,
      "sharpe_ratio": null,
      "sortino_ratio": null,
      "max_drawdown": 2731.5050250246277,
      "max_drawdown_pct": 2.7315050250246276,
      "calmar_ratio": -3.839073766293257,
      "daily_metrics": {
        "trading_days": 62,
        "total_return_pct": -2.7337806100979214,
        "annualized_sharpe": -1.1045912246072853,
        "annualized_sortino": -1.499878605979839,
        "annualized_volatility": 0.1325260447636995,
        "max_drawdown_pct": 7.131210144182694,
        "calmar_ratio": -1.4716752716808859,
        "spy_return_pct": 7.9124952092378145,
        "excess_return_pct": -10.646275819335736
      },
      "mean_revisions_metrics": {
        "trading_days": 62,
        "total_return_pct": -2.2103576731143546,
        "annualized_sharpe": -0.9217690487174752,
        "annualized_sortino": -1.2542999157724484,
        "annualized_volatility": 0.1348262102875915,
        "max_drawdown_pct": 6.836824927281306,
        "calmar_ratio": -1.250958696762502,
        "spy_return_pct": 7.9124952092378145,
        "excess_return_pct": -10.12285288235217
      }
    }
  ]
}