{
  "run_name": "debate_slim_no_macro",
  "num_episodes": 1,
  "episode_summaries": [
    {
      "episode_id": "ep_000",
      "initial_cash": 100000.0,
      "final_cash": 9455.509999999973,
      "final_positions": {
        "AAPL": 57,
        "AMD": 29,
        "AMZN": 36,
        "BAC": 79,
        "CAT": 11,
        "COP": 52,
        "COST": 14,
        "CVX": 35,
        "DE": 6,
        "GS": 8,
        "JNJ": 21,
        "JPM": 34,
        "MS": 71,
        "MSFT": 44,
        "NKE": 14,
        "NVDA": 338,
        "PG": 16,
        "SLB": 36,
        "TSLA": 15,
        "UNH": 13,
        "WMT": 45,
        "XOM": 79
      },
      "final_prices": {
        "AAPL": 173.76,
        "AMD": 143.9,
        "AMZN": 166.72,
        "BAC": 39.96,
        "CAT": 191.47,
        "COP": 61.85,
        "COST": 541.24,
        "CVX": 98.89,
        "DE": 324.8,
        "GS": 343.86,
        "JNJ": 151.35,
        "JPM": 141.93,
        "MS": 85.68,
        "MSFT": 324.68,
        "NKE": 155.34,
        "NVDA": 29.35,
        "PG": 146.93,
        "SLB": 27.1,
        "TSLA": 352.26,
        "UNH": 469.35,
        "WMT": 45.78,
        "XOM": 52.73,
        "_CASH_": 1.0
      },
      "position_values": {
        "AAPL": 9904.32,
        "AMD": 4173.1,
        "AMZN": 6001.92,
        "BAC": 3156.84,
        "CAT": 2106.17,
        "COP": 3216.2000000000003,
        "COST": 7577.360000000001,
        "CVX": 3461.15,
        "DE": 1948.8000000000002,
        "GS": 2750.88,
        "JNJ": 3178.35,
        "JPM": 4825.62,
        "MS": 6083.280000000001,
        "MSFT": 14285.92,
        "NKE": 2174.76,
        "NVDA": 9920.300000000001,
        "PG": 2350.88,
        "SLB": 975.6,
        "TSLA": 5283.9,
        "UNH": 6101.55,
        "WMT": 2060.1,
        "XOM": 4165.67
      },
      "book_value": 115158.17999999996,
      "return_pct": 15.158179999999962,
      "return_pct_with_cash_interest": 15.159620517257949,
      "total_trades": 22,
      "sharpe_ratio": null,
      "sortino_ratio": null,
      "max_drawdown": 0.0,
      "max_drawdown_pct": 0.0,
      "calmar_ratio": null,
      "daily_metrics": {
        "trading_days": 64,
        "total_return_pct": 15.164993017258036,
        "annualized_sharpe": 3.4792930094605405,
        "annualized_sortino": 5.5486723220397005,
        "annualized_volatility": 0.16357893675549867,
        "max_drawdown_pct": 5.182616666472354,
        "calmar_ratio": 14.646370181941323,
        "spy_return_pct": 9.761579016803571,
        "excess_return_pct": 5.403414000454465
      }
    }
  ]
}