{
  "run_name": "vote_causal_no_macro_causal_out_fix_scenario",
  "num_episodes": 1,
  "episode_summaries": [
    {
      "episode_id": "ep_000",
      "initial_cash": 100000.0,
      "final_cash": 7205.719999999994,
      "final_positions": {
        "AMZN": 89,
        "BAC": 1001,
        "MS": 443
      },
      "final_prices": {
        "AMZN": 163.0,
        "BAC": 37.21,
        "MS": 76.82,
        "_CASH_": 1.0
      },
      "position_values": {
        "AMZN": 14507.0,
        "BAC": 37247.21,
        "MS": 34031.259999999995
      },
      "book_value": 92991.19,
      "return_pct": -7.008809999999997,
      "return_pct_with_cash_interest": -7.007549329877671,
      "total_trades": 3,
      "sharpe_ratio": null,
      "sortino_ratio": null,
      "max_drawdown": 7007.549329877671,
      "max_drawdown_pct": 7.007549329877671,
      "calmar_ratio": -3.5988452283028454,
      "daily_metrics": {
        "trading_days": 62,
        "total_return_pct": -7.007569342237155,
        "annualized_sharpe": -0.8317150718893958,
        "annualized_sortino": -1.1524894443677216,
        "annualized_volatility": 0.301817402603381,
        "max_drawdown_pct": 19.985098708303806,
        "calmar_ratio": -1.2618976873041141,
        "spy_return_pct": -5.163593841839523,
        "excess_return_pct": -1.8439755003976321
      }
    }
  ]
}