{
  "run_name": "single_agent_slim",
  "num_episodes": 1,
  "episode_summaries": [
    {
      "episode_id": "ep_000",
      "initial_cash": 100000.0,
      "final_cash": 5207.829999999994,
      "final_positions": {
        "AAPL": 39,
        "AMZN": 45,
        "AVGO": 43,
        "CAT": 7,
        "DE": 5,
        "META": 13,
        "MSFT": 36,
        "NVDA": 101,
        "TSLA": 12,
        "UNH": 19,
        "WMT": 71
      },
      "final_prices": {
        "AAPL": 254.15,
        "AMZN": 219.57,
        "AVGO": 329.28,
        "CAT": 474.67,
        "DE": 455.68,
        "META": 733.78,
        "MSFT": 515.81,
        "NKE": 68.83,
        "NVDA": 186.57,
        "TSLA": 444.72,
        "UNH": 342.99,
        "WMT": 102.85,
        "_CASH_": 1.0
      },
      "position_values": {
        "AAPL": 9911.85,
        "AMZN": 9880.65,
        "AVGO": 14159.039999999999,
        "CAT": 3322.69,
        "DE": 2278.4,
        "META": 9539.14,
        "MSFT": 18569.159999999996,
        "NVDA": 18843.57,
        "TSLA": 5336.64,
        "UNH": 6516.81,
        "WMT": 7302.349999999999
      },
      "book_value": 110868.12999999998,
      "return_pct": 10.868129999999976,
      "return_pct_with_cash_interest": 10.9236118290179,
      "total_trades": 11,
      "sharpe_ratio": null,
      "sortino_ratio": null,
      "max_drawdown": 0.0,
      "max_drawdown_pct": 0.0,
      "calmar_ratio": null,
      "daily_metrics": {
        "trading_days": 64,
        "total_return_pct": 10.924261041959733,
        "annualized_sharpe": 2.857460632363685,
        "annualized_sortino": 4.187057558681887,
        "annualized_volatility": 0.13111297941504507,
        "max_drawdown_pct": 3.1906325912806612,
        "calmar_ratio": 16.107505837002776,
        "spy_return_pct": 8.156218975304325,
        "excess_return_pct": 2.7680420666554078
      }
    }
  ]
}