{
  "run_name": "debate_1_round_no_macro_causal_out_rca_revise",
  "num_episodes": 1,
  "episode_summaries": [
    {
      "episode_id": "ep_000",
      "initial_cash": 100000.0,
      "final_cash": 6397.569999999997,
      "final_positions": {
        "AAPL": 68,
        "AMZN": 98,
        "BAC": 282,
        "CAT": 20,
        "COP": 55,
        "COST": 16,
        "NKE": 28,
        "NVDA": 262,
        "PG": 28,
        "RTX": 49,
        "TSLA": 24,
        "WMT": 97
      },
      "final_prices": {
        "AAPL": 169.93,
        "AMZN": 180.38,
        "BAC": 36.19,
        "CAT": 356.09,
        "COP": 119.6,
        "COST": 725.66,
        "NKE": 90.0,
        "NVDA": 90.31,
        "PG": 154.11,
        "RTX": 93.85,
        "TSLA": 175.79,
        "WMT": 59.09,
        "_CASH_": 1.0
      },
      "position_values": {
        "AAPL": 11555.24,
        "AMZN": 17677.239999999998,
        "BAC": 10205.58,
        "CAT": 7121.799999999999,
        "COP": 6578.0,
        "COST": 11610.56,
        "NKE": 2520.0,
        "NVDA": 23661.22,
        "PG": 4315.08,
        "RTX": 4598.65,
        "TSLA": 4218.96,
        "WMT": 5731.7300000000005
      },
      "book_value": 116191.62999999999,
      "return_pct": 16.19162999999999,
      "return_pct_with_cash_interest": 16.275224843321485,
      "total_trades": 12,
      "sharpe_ratio": null,
      "sortino_ratio": null,
      "max_drawdown": 0.0,
      "max_drawdown_pct": 0.0,
      "calmar_ratio": null,
      "daily_metrics": {
        "trading_days": 61,
        "total_return_pct": 16.272554325959355,
        "annualized_sharpe": 3.9196930728162664,
        "annualized_sortino": 7.45039258980281,
        "annualized_volatility": 0.14860080109453624,
        "max_drawdown_pct": 2.530063091862329,
        "calmar_ratio": 32.715254824376935,
        "spy_return_pct": 11.01140082307238,
        "excess_return_pct": 5.261153502886975
      }
    }
  ]
}