{
  "run_name": "vote_causal_no_macro_causal_out_fix_scenario",
  "num_episodes": 1,
  "episode_summaries": [
    {
      "episode_id": "ep_000",
      "initial_cash": 100000.0,
      "final_cash": 10656.94,
      "final_positions": {
        "AAPL": 36,
        "AMD": 40,
        "AMZN": 38,
        "BAC": 75,
        "CAT": 9,
        "COP": 33,
        "COST": 12,
        "CVX": 27,
        "GS": 6,
        "JNJ": 21,
        "JPM": 32,
        "MS": 25,
        "MSFT": 28,
        "NKE": 17,
        "NVDA": 324,
        "PG": 29,
        "RTX": 32,
        "TSLA": 24,
        "UNH": 15,
        "WMT": 105,
        "XOM": 60
      },
      "final_prices": {
        "AAPL": 191.46,
        "AMD": 113.91,
        "AMZN": 130.36,
        "BAC": 26.75,
        "CAT": 235.62,
        "COP": 95.29,
        "COST": 518.7,
        "CVX": 139.95,
        "GS": 301.98,
        "JNJ": 152.51,
        "JPM": 136.53,
        "MS": 78.46,
        "MSFT": 333.39,
        "NKE": 104.61,
        "NVDA": 42.27,
        "PG": 141.44,
        "RTX": 92.32,
        "SLB": 0.0,
        "TSLA": 261.77,
        "UNH": 458.5,
        "WMT": 50.91,
        "XOM": 97.68,
        "_CASH_": 1.0
      },
      "position_values": {
        "AAPL": 6892.56,
        "AMD": 4556.4,
        "AMZN": 4953.68,
        "BAC": 2006.25,
        "CAT": 2120.58,
        "COP": 3144.57,
        "COST": 6224.400000000001,
        "CVX": 3778.6499999999996,
        "GS": 1811.88,
        "JNJ": 3202.71,
        "JPM": 4368.96,
        "MS": 1961.4999999999998,
        "MSFT": 9334.92,
        "NKE": 1778.37,
        "NVDA": 13695.480000000001,
        "PG": 4101.76,
        "RTX": 2954.24,
        "TSLA": 6282.48,
        "UNH": 6877.5,
        "WMT": 5345.549999999999,
        "XOM": 5860.8
      },
      "book_value": 111910.18000000001,
      "return_pct": 11.910180000000008,
      "return_pct_with_cash_interest": 12.036595352501797,
      "total_trades": 21,
      "sharpe_ratio": null,
      "sortino_ratio": null,
      "max_drawdown": 0.0,
      "max_drawdown_pct": 0.0,
      "calmar_ratio": null,
      "daily_metrics": {
        "trading_days": 62,
        "total_return_pct": 12.034577093923755,
        "annualized_sharpe": 3.1697751087980417,
        "annualized_sortino": 6.077075985721936,
        "annualized_volatility": 0.13372572641498778,
        "max_drawdown_pct": 2.749273214422679,
        "calmar_ratio": 20.93147345635594,
        "spy_return_pct": 8.26782495367423,
        "excess_return_pct": 3.7667521402495243
      }
    }
  ]
}