{
  "run_name": "debate_1_round_no_macro_causal_out_rca_revise",
  "num_episodes": 1,
  "episode_summaries": [
    {
      "episode_id": "ep_000",
      "initial_cash": 100000.0,
      "final_cash": 12718.419999999995,
      "final_positions": {
        "AAPL": 93,
        "AMD": 30,
        "CVX": 114,
        "GS": 18,
        "JPM": 161,
        "NKE": 54,
        "SLB": 243,
        "WMT": 263
      },
      "final_prices": {
        "AAPL": 162.55,
        "AMD": 98.01,
        "CVX": 143.71,
        "GS": 303.94,
        "JPM": 121.37,
        "NKE": 115.86,
        "SLB": 45.16,
        "TSLA": 207.46,
        "WMT": 47.58,
        "_CASH_": 1.0
      },
      "position_values": {
        "AAPL": 15117.150000000001,
        "AMD": 2940.3,
        "CVX": 16382.94,
        "GS": 5470.92,
        "JPM": 19540.57,
        "NKE": 6256.44,
        "SLB": 10973.88,
        "WMT": 12513.539999999999
      },
      "book_value": 101914.16,
      "return_pct": 1.9141600000000036,
      "return_pct_with_cash_interest": 2.04965620548639,
      "total_trades": 8,
      "sharpe_ratio": null,
      "sortino_ratio": null,
      "max_drawdown": 0.0,
      "max_drawdown_pct": 0.0,
      "calmar_ratio": null,
      "daily_metrics": {
        "trading_days": 62,
        "total_return_pct": 2.1276842379081793,
        "annualized_sharpe": 0.3502893732686902,
        "annualized_sortino": 0.486234339198743,
        "annualized_volatility": 0.15878055595674814,
        "max_drawdown_pct": 8.093508802983932,
        "calmar_ratio": 1.0855900595679975,
        "spy_return_pct": 7.9124952092378145,
        "excess_return_pct": -5.784810971329636
      }
    }
  ]
}