{
  "run_name": "debate_slim_no_macro",
  "num_episodes": 1,
  "episode_summaries": [
    {
      "episode_id": "ep_000",
      "initial_cash": 100000.0,
      "final_cash": 10517.65,
      "final_positions": {
        "AAPL": 70,
        "AMD": 46,
        "CVX": 121,
        "GS": 28,
        "JPM": 120,
        "NKE": 72,
        "SLB": 283,
        "TSLA": 16,
        "WMT": 241
      },
      "final_prices": {
        "AAPL": 162.55,
        "AMD": 98.01,
        "CVX": 143.71,
        "GS": 303.94,
        "JPM": 121.37,
        "NKE": 115.86,
        "SLB": 45.16,
        "TSLA": 207.46,
        "WMT": 47.58,
        "_CASH_": 1.0
      },
      "position_values": {
        "AAPL": 11378.5,
        "AMD": 4508.46,
        "CVX": 17388.91,
        "GS": 8510.32,
        "JPM": 14564.400000000001,
        "NKE": 8341.92,
        "SLB": 12780.279999999999,
        "TSLA": 3319.36,
        "WMT": 11466.779999999999
      },
      "book_value": 102776.57999999999,
      "return_pct": 2.776579999999987,
      "return_pct_with_cash_interest": 2.8868423476293246,
      "total_trades": 9,
      "sharpe_ratio": null,
      "sortino_ratio": null,
      "max_drawdown": 0.0,
      "max_drawdown_pct": 0.0,
      "calmar_ratio": null,
      "daily_metrics": {
        "trading_days": 62,
        "total_return_pct": 2.980017947629269,
        "annualized_sharpe": 0.5395039448963683,
        "annualized_sortino": 0.7607652678603536,
        "annualized_volatility": 0.16868265390448556,
        "max_drawdown_pct": 8.819452166373384,
        "calmar_ratio": 1.4131905774820344,
        "spy_return_pct": 7.9124952092378145,
        "excess_return_pct": -4.932477261608545
      }
    }
  ]
}