{
  "run_name": "vote_no_macro_enriched",
  "num_episodes": 1,
  "episode_summaries": [
    {
      "episode_id": "ep_000",
      "initial_cash": 100000.0,
      "final_cash": 19503.420000000006,
      "final_positions": {
        "AAPL": 14,
        "AMZN": 8,
        "BAC": 108,
        "CAT": 6,
        "COP": 109,
        "COST": 15,
        "CVX": 72,
        "GS": 3,
        "JNJ": 27,
        "JPM": 31,
        "MS": 56,
        "MSFT": 4,
        "PG": 25,
        "RTX": 13,
        "TSLA": 3,
        "UNH": 27,
        "WMT": 120,
        "XOM": 167
      },
      "final_prices": {
        "AAPL": 127.88,
        "AMD": 64.77,
        "AMZN": 84.0,
        "BAC": 30.44,
        "CAT": 227.08,
        "COP": 106.18,
        "COST": 438.14,
        "CVX": 156.7,
        "GS": 316.79,
        "JNJ": 160.4,
        "JPM": 123.99,
        "MS": 76.82,
        "MSFT": 233.69,
        "NVDA": 14.6,
        "PG": 139.51,
        "RTX": 94.01,
        "SLB": 0.0,
        "TSLA": 123.18,
        "UNH": 501.9,
        "WMT": 45.57,
        "XOM": 98.83,
        "_CASH_": 1.0
      },
      "position_values": {
        "AAPL": 1790.32,
        "AMZN": 672.0,
        "BAC": 3287.52,
        "CAT": 1362.48,
        "COP": 11573.62,
        "COST": 6572.099999999999,
        "CVX": 11282.4,
        "GS": 950.3700000000001,
        "JNJ": 4330.8,
        "JPM": 3843.69,
        "MS": 4301.92,
        "MSFT": 934.76,
        "PG": 3487.75,
        "RTX": 1222.13,
        "TSLA": 369.54,
        "UNH": 13551.3,
        "WMT": 5468.4,
        "XOM": 16504.61
      },
      "book_value": 111009.13,
      "return_pct": 11.009130000000004,
      "return_pct_with_cash_interest": 11.157602316170944,
      "total_trades": 18,
      "sharpe_ratio": null,
      "sortino_ratio": null,
      "max_drawdown": 0.0,
      "max_drawdown_pct": 0.0,
      "calmar_ratio": null,
      "daily_metrics": {
        "trading_days": 63,
        "total_return_pct": 11.15760231617093,
        "annualized_sharpe": 2.2971637118049393,
        "annualized_sortino": 3.762033131512783,
        "annualized_volatility": 0.17789919949662764,
        "max_drawdown_pct": 6.012129925607983,
        "calmar_ratio": 8.760796398900105,
        "spy_return_pct": 4.794232360106329,
        "excess_return_pct": 6.363369956064601
      }
    }
  ]
}