{
  "run_name": "debate_1_round_no_macro_causal_out_rca_revise",
  "num_episodes": 1,
  "episode_summaries": [
    {
      "episode_id": "ep_000",
      "initial_cash": 100000.0,
      "final_cash": 7929.169999999985,
      "final_positions": {
        "AAPL": 50,
        "AMD": 29,
        "AMZN": 36,
        "BAC": 79,
        "CAT": 11,
        "COP": 52,
        "COST": 18,
        "CVX": 47,
        "DE": 6,
        "GS": 8,
        "JNJ": 28,
        "JPM": 34,
        "MS": 47,
        "MSFT": 36,
        "NKE": 7,
        "NVDA": 290,
        "PG": 24,
        "SLB": 36,
        "TSLA": 15,
        "UNH": 21,
        "WMT": 45,
        "XOM": 99
      },
      "final_prices": {
        "AAPL": 173.76,
        "AMD": 143.9,
        "AMZN": 166.72,
        "BAC": 39.96,
        "CAT": 191.47,
        "COP": 61.85,
        "COST": 541.24,
        "CVX": 98.89,
        "DE": 324.8,
        "GS": 343.86,
        "JNJ": 151.35,
        "JPM": 141.93,
        "MS": 85.68,
        "MSFT": 324.68,
        "NKE": 155.34,
        "NVDA": 29.35,
        "PG": 146.93,
        "SLB": 27.1,
        "TSLA": 352.26,
        "UNH": 469.35,
        "WMT": 45.78,
        "XOM": 52.73,
        "_CASH_": 1.0
      },
      "position_values": {
        "AAPL": 8688.0,
        "AMD": 4173.1,
        "AMZN": 6001.92,
        "BAC": 3156.84,
        "CAT": 2106.17,
        "COP": 3216.2000000000003,
        "COST": 9742.32,
        "CVX": 4647.83,
        "DE": 1948.8000000000002,
        "GS": 2750.88,
        "JNJ": 4237.8,
        "JPM": 4825.62,
        "MS": 4026.9600000000005,
        "MSFT": 11688.48,
        "NKE": 1087.38,
        "NVDA": 8511.5,
        "PG": 3526.32,
        "SLB": 975.6,
        "TSLA": 5283.9,
        "UNH": 9856.35,
        "WMT": 2060.1,
        "XOM": 5220.2699999999995
      },
      "book_value": 115661.50999999998,
      "return_pct": 15.661509999999982,
      "return_pct_with_cash_interest": 15.662699107984125,
      "total_trades": 22,
      "sharpe_ratio": null,
      "sortino_ratio": null,
      "max_drawdown": 0.0,
      "max_drawdown_pct": 0.0,
      "calmar_ratio": null,
      "daily_metrics": {
        "trading_days": 64,
        "total_return_pct": 15.666677984151772,
        "annualized_sharpe": 3.7222160231744597,
        "annualized_sortino": 6.007041973756805,
        "annualized_volatility": 0.1572430749618681,
        "max_drawdown_pct": 4.50709509446247,
        "calmar_ratio": 17.526092355692125,
        "spy_return_pct": 9.761579016803571,
        "excess_return_pct": 5.9050989673482
      }
    }
  ]
}