{
  "run_name": "debate_1_round_no_macro_causal_out",
  "num_episodes": 1,
  "episode_summaries": [
    {
      "episode_id": "ep_000",
      "initial_cash": 100000.0,
      "final_cash": 15060.599999999999,
      "final_positions": {
        "CAT": 154,
        "COST": 57,
        "SLB": 507
      },
      "final_prices": {
        "CAT": 217.95,
        "COST": 477.71,
        "SLB": 45.16,
        "_CASH_": 1.0
      },
      "position_values": {
        "CAT": 33564.299999999996,
        "COST": 27229.469999999998,
        "SLB": 22896.12
      },
      "book_value": 98750.48999999999,
      "return_pct": -1.2495100000000094,
      "return_pct_with_cash_interest": -1.0890612844875431,
      "total_trades": 3,
      "sharpe_ratio": null,
      "sortino_ratio": null,
      "max_drawdown": 1089.0612844875432,
      "max_drawdown_pct": 1.0890612844875431,
      "calmar_ratio": -3.935129453037289,
      "daily_metrics": {
        "trading_days": 62,
        "total_return_pct": -0.9243113924968639,
        "annualized_sharpe": -0.32085417761155527,
        "annualized_sortino": -0.44293029632860986,
        "annualized_volatility": 0.1927713436901363,
        "max_drawdown_pct": 12.645953628203388,
        "calmar_ratio": -0.28833726020229095,
        "spy_return_pct": 7.9124952092378145,
        "excess_return_pct": -8.83680660173468
      },
      "mean_revisions_metrics": {
        "trading_days": 62,
        "total_return_pct": -1.1549273165341145,
        "annualized_sharpe": -0.3433915456841882,
        "annualized_sortino": -0.4720785125464187,
        "annualized_volatility": 0.2022916712201324,
        "max_drawdown_pct": 13.304892525669281,
        "calmar_ratio": -0.34124982633395096,
        "spy_return_pct": 7.9124952092378145,
        "excess_return_pct": -9.06742252577193
      }
    }
  ]
}