{
  "run_name": "debate_1_round_no_macro_causal_out_rca_revise",
  "num_episodes": 1,
  "episode_summaries": [
    {
      "episode_id": "ep_000",
      "initial_cash": 100000.0,
      "final_cash": 21435.840000000004,
      "final_positions": {
        "AAPL": 88,
        "AMD": 63,
        "CAT": 51,
        "COP": 263,
        "GS": 18,
        "JPM": 146,
        "MS": 169
      },
      "final_prices": {
        "AAPL": 127.88,
        "AMD": 64.77,
        "CAT": 227.08,
        "COP": 106.18,
        "GS": 316.79,
        "JPM": 123.99,
        "MS": 76.82,
        "_CASH_": 1.0
      },
      "position_values": {
        "AAPL": 11253.439999999999,
        "AMD": 4080.5099999999998,
        "CAT": 11581.08,
        "COP": 27925.34,
        "GS": 5702.22,
        "JPM": 18102.54,
        "MS": 12982.579999999998
      },
      "book_value": 113063.54999999999,
      "return_pct": 13.063549999999987,
      "return_pct_with_cash_interest": 13.226733114236863,
      "total_trades": 7,
      "sharpe_ratio": null,
      "sortino_ratio": null,
      "max_drawdown": 0.0,
      "max_drawdown_pct": 0.0,
      "calmar_ratio": null,
      "daily_metrics": {
        "trading_days": 63,
        "total_return_pct": 13.226733114236893,
        "annualized_sharpe": 2.143714969966376,
        "annualized_sortino": 3.777746465278982,
        "annualized_volatility": 0.229914183572874,
        "max_drawdown_pct": 8.043148353376653,
        "calmar_ratio": 8.00183113999776,
        "spy_return_pct": 4.794232360106329,
        "excess_return_pct": 8.432500754130565
      }
    }
  ]
}