{
  "run_name": "single_agent_slim",
  "num_episodes": 1,
  "episode_summaries": [
    {
      "episode_id": "ep_000",
      "initial_cash": 100000.0,
      "final_cash": 5637.439999999999,
      "final_positions": {
        "BAC": 194,
        "CAT": 76,
        "GS": 16,
        "JPM": 218,
        "NKE": 54,
        "TSLA": 39,
        "WMT": 384
      },
      "final_prices": {
        "BAC": 31.91,
        "CAT": 286.0,
        "GS": 367.18,
        "JPM": 161.96,
        "NKE": 103.6,
        "TSLA": 248.48,
        "WMT": 51.44,
        "_CASH_": 1.0
      },
      "position_values": {
        "BAC": 6190.54,
        "CAT": 21736.0,
        "GS": 5874.88,
        "JPM": 35307.28,
        "NKE": 5594.4,
        "TSLA": 9690.72,
        "WMT": 19752.96
      },
      "book_value": 109784.22,
      "return_pct": 9.784220000000001,
      "return_pct_with_cash_interest": 9.857882486465067,
      "total_trades": 7,
      "sharpe_ratio": null,
      "sortino_ratio": null,
      "max_drawdown": 0.0,
      "max_drawdown_pct": 0.0,
      "calmar_ratio": null,
      "daily_metrics": {
        "trading_days": 63,
        "total_return_pct": 9.856252086465057,
        "annualized_sharpe": 2.260192487871457,
        "annualized_sortino": 3.50243308377755,
        "annualized_volatility": 0.14829110513379762,
        "max_drawdown_pct": 7.6365013722947,
        "calmar_ratio": 5.977368790217831,
        "spy_return_pct": 11.684051763783549,
        "excess_return_pct": -1.8277996773184917
      }
    }
  ]
}