{
  "run_name": "debate_1_round_no_macro_causal_out_rca_revise",
  "num_episodes": 1,
  "episode_summaries": [
    {
      "episode_id": "ep_000",
      "initial_cash": 100000.0,
      "final_cash": 9145.599999999982,
      "final_positions": {
        "AAPL": 24,
        "AMD": 14,
        "AMT": 9,
        "AMZN": 27,
        "AVGO": 18,
        "BAC": 21,
        "CAT": 2,
        "COP": 11,
        "COST": 4,
        "CVX": 14,
        "DAL": 20,
        "DE": 1,
        "DIS": 16,
        "GOOG": 45,
        "GS": 2,
        "HD": 2,
        "JNJ": 13,
        "JPM": 6,
        "LLY": 2,
        "META": 8,
        "MS": 21,
        "MSFT": 20,
        "NFLX": 14,
        "NKE": 14,
        "NVDA": 50,
        "OXY": 24,
        "PFE": 43,
        "PG": 12,
        "PLD": 9,
        "RTX": 6,
        "TSLA": 6,
        "UNH": 6,
        "WMT": 30,
        "XOM": 19
      },
      "final_prices": {
        "AAPL": 254.15,
        "AMD": 161.79,
        "AMT": 190.47,
        "AMZN": 219.57,
        "AVGO": 329.28,
        "BAC": 51.03,
        "BLK": 1153.8,
        "CAT": 474.67,
        "COP": 93.0,
        "COST": 924.32,
        "CVX": 152.09,
        "DAL": 56.42,
        "DE": 455.68,
        "DIS": 113.73,
        "GOOG": 243.39,
        "GS": 788.27,
        "HD": 402.59,
        "JNJ": 183.28,
        "JPM": 312.49,
        "LLY": 760.61,
        "META": 733.78,
        "MS": 158.0,
        "MSFT": 515.81,
        "NFLX": 119.89,
        "NKE": 68.83,
        "NVDA": 186.57,
        "OXY": 46.98,
        "PFE": 24.63,
        "PG": 151.51,
        "PLD": 113.63,
        "RTX": 166.12,
        "TSLA": 444.72,
        "UNH": 342.99,
        "WMT": 102.85,
        "XOM": 111.03,
        "_CASH_": 1.0
      },
      "position_values": {
        "AAPL": 6099.6,
        "AMD": 2265.06,
        "AMT": 1714.23,
        "AMZN": 5928.389999999999,
        "AVGO": 5927.039999999999,
        "BAC": 1071.63,
        "CAT": 949.34,
        "COP": 1023.0,
        "COST": 3697.28,
        "CVX": 2129.26,
        "DAL": 1128.4,
        "DE": 455.68,
        "DIS": 1819.68,
        "GOOG": 10952.55,
        "GS": 1576.54,
        "HD": 805.18,
        "JNJ": 2382.64,
        "JPM": 1874.94,
        "LLY": 1521.22,
        "META": 5870.24,
        "MS": 3318.0,
        "MSFT": 10316.199999999999,
        "NFLX": 1678.46,
        "NKE": 963.62,
        "NVDA": 9328.5,
        "OXY": 1127.52,
        "PFE": 1059.09,
        "PG": 1818.12,
        "PLD": 1022.67,
        "RTX": 996.72,
        "TSLA": 2668.32,
        "UNH": 2057.94,
        "WMT": 3085.5,
        "XOM": 2109.57
      },
      "book_value": 109887.72999999998,
      "return_pct": 9.88772999999998,
      "return_pct_with_cash_interest": 9.985163022096778,
      "total_trades": 34,
      "sharpe_ratio": null,
      "sortino_ratio": null,
      "max_drawdown": 0.0,
      "max_drawdown_pct": 0.0,
      "calmar_ratio": null,
      "daily_metrics": {
        "trading_days": 64,
        "total_return_pct": 9.986717917821268,
        "annualized_sharpe": 3.705169604042207,
        "annualized_sortino": 6.246332376031771,
        "annualized_volatility": 0.09088854540033031,
        "max_drawdown_pct": 1.985422438903204,
        "calmar_ratio": 23.339767947159668,
        "spy_return_pct": 8.156218975304325,
        "excess_return_pct": 1.8304989425169431
      }
    }
  ]
}