{
  "run_name": "vote_no_macro_enriched",
  "num_episodes": 1,
  "episode_summaries": [
    {
      "episode_id": "ep_000",
      "initial_cash": 100000.0,
      "final_cash": 12462.29,
      "final_positions": {
        "AAPL": 78,
        "AMD": 77,
        "CVX": 159,
        "GS": 25,
        "JPM": 120,
        "NKE": 90,
        "TSLA": 24,
        "WMT": 263
      },
      "final_prices": {
        "AAPL": 162.55,
        "AMD": 98.01,
        "CVX": 143.71,
        "GS": 303.94,
        "JPM": 121.37,
        "NKE": 115.86,
        "SLB": 0.0,
        "TSLA": 207.46,
        "WMT": 47.58,
        "_CASH_": 1.0
      },
      "position_values": {
        "AAPL": 12678.900000000001,
        "AMD": 7546.77,
        "CVX": 22849.890000000003,
        "GS": 7598.5,
        "JPM": 14564.400000000001,
        "NKE": 10427.4,
        "TSLA": 4979.04,
        "WMT": 12513.539999999999
      },
      "book_value": 105620.73000000001,
      "return_pct": 5.620730000000011,
      "return_pct_with_cash_interest": 5.753497514099319,
      "total_trades": 8,
      "sharpe_ratio": null,
      "sortino_ratio": null,
      "max_drawdown": 0.0,
      "max_drawdown_pct": 0.0,
      "calmar_ratio": null,
      "daily_metrics": {
        "trading_days": 62,
        "total_return_pct": 5.751379085321969,
        "annualized_sharpe": 1.2479192862815736,
        "annualized_sortino": 1.8372932985565376,
        "annualized_volatility": 0.15810395996057816,
        "max_drawdown_pct": 6.80862532426914,
        "calmar_ratio": 3.681713927075197,
        "spy_return_pct": 7.9124952092378145,
        "excess_return_pct": -2.1611161239158454
      }
    }
  ]
}