{
  "run_name": "debate_1_round_no_macro_causal_out",
  "num_episodes": 1,
  "episode_summaries": [
    {
      "episode_id": "ep_000",
      "initial_cash": 100000.0,
      "final_cash": 17096.939999999988,
      "final_positions": {
        "AVGO": 60,
        "BLK": 11,
        "COST": 15,
        "DE": 2,
        "GS": 21,
        "MS": 98,
        "MSFT": 31,
        "NKE": 27,
        "PFE": 205
      },
      "final_prices": {
        "AVGO": 166.43,
        "BLK": 927.37,
        "COST": 941.91,
        "DE": 464.63,
        "GS": 535.2,
        "MS": 114.25,
        "MSFT": 372.54,
        "NKE": 61.93,
        "PFE": 23.63,
        "_CASH_": 1.0
      },
      "position_values": {
        "AVGO": 9985.800000000001,
        "BLK": 10201.07,
        "COST": 14128.65,
        "DE": 929.26,
        "GS": 11239.2,
        "MS": 11196.5,
        "MSFT": 11548.74,
        "NKE": 1672.11,
        "PFE": 4844.15
      },
      "book_value": 92842.41999999998,
      "return_pct": -7.157580000000016,
      "return_pct_with_cash_interest": -6.975437053358183,
      "total_trades": 9,
      "sharpe_ratio": null,
      "sortino_ratio": null,
      "max_drawdown": 6975.437053358182,
      "max_drawdown_pct": 6.975437053358183,
      "calmar_ratio": -3.600597063730523,
      "daily_metrics": {
        "trading_days": 60,
        "total_return_pct": -6.984154365722789,
        "annualized_sharpe": -1.828264515470105,
        "annualized_sortino": -2.250525998174911,
        "annualized_volatility": 0.18060073803518098,
        "max_drawdown_pct": 11.983561890273588,
        "calmar_ratio": -2.0981911731742224,
        "spy_return_pct": -4.031069434308774,
        "excess_return_pct": -2.953084931414015
      },
      "mean_revisions_metrics": {
        "trading_days": 60,
        "total_return_pct": -7.120539106344426,
        "annualized_sharpe": -1.798738106170385,
        "annualized_sortino": -2.2161563437374814,
        "annualized_volatility": 0.18640148655514738,
        "max_drawdown_pct": 12.373057814602289,
        "calmar_ratio": -2.0675464325358273,
        "spy_return_pct": -4.031069434308774,
        "excess_return_pct": -3.0894696720356514
      }
    }
  ]
}