{
  "run_name": "debate_slim_no_macro",
  "num_episodes": 1,
  "episode_summaries": [
    {
      "episode_id": "ep_000",
      "initial_cash": 100000.0,
      "final_cash": 9409.00999999998,
      "final_positions": {
        "AAPL": 57,
        "AMZN": 78,
        "BAC": 188,
        "CAT": 20,
        "COP": 46,
        "COST": 16,
        "NKE": 38,
        "NVDA": 282,
        "PG": 36,
        "RTX": 49,
        "TSLA": 32,
        "WMT": 116
      },
      "final_prices": {
        "AAPL": 169.93,
        "AMZN": 180.38,
        "BAC": 36.19,
        "CAT": 356.09,
        "COP": 119.6,
        "COST": 725.66,
        "NKE": 90.0,
        "NVDA": 90.31,
        "PG": 154.11,
        "RTX": 93.85,
        "TSLA": 175.79,
        "WMT": 59.09,
        "_CASH_": 1.0
      },
      "position_values": {
        "AAPL": 9686.01,
        "AMZN": 14069.64,
        "BAC": 6803.719999999999,
        "CAT": 7121.799999999999,
        "COP": 5501.599999999999,
        "COST": 11610.56,
        "NKE": 3420.0,
        "NVDA": 25467.420000000002,
        "PG": 5547.960000000001,
        "RTX": 4598.65,
        "TSLA": 5625.28,
        "WMT": 6854.4400000000005
      },
      "book_value": 115716.08999999998,
      "return_pct": 15.716089999999983,
      "return_pct_with_cash_interest": 15.839034292404802,
      "total_trades": 12,
      "sharpe_ratio": null,
      "sortino_ratio": null,
      "max_drawdown": 0.0,
      "max_drawdown_pct": 0.0,
      "calmar_ratio": null,
      "daily_metrics": {
        "trading_days": 61,
        "total_return_pct": 15.836241819190983,
        "annualized_sharpe": 3.808774741182442,
        "annualized_sortino": 7.314569121518351,
        "annualized_volatility": 0.14884866151686815,
        "max_drawdown_pct": 2.6078333388716315,
        "calmar_ratio": 30.69354927282707,
        "spy_return_pct": 11.01140082307238,
        "excess_return_pct": 4.824840996118603
      }
    }
  ]
}