{
  "run_name": "debate_1_round_no_macro_causal_out_rca_revise",
  "num_episodes": 1,
  "episode_summaries": [
    {
      "episode_id": "ep_000",
      "initial_cash": 100000.0,
      "final_cash": 6162.199999999968,
      "final_positions": {
        "AAPL": 57,
        "AMD": 34,
        "AMZN": 17,
        "BAC": 75,
        "CAT": 15,
        "COP": 48,
        "COST": 12,
        "CVX": 50,
        "DE": 6,
        "GS": 8,
        "JNJ": 26,
        "JPM": 21,
        "MS": 23,
        "MSFT": 33,
        "NKE": 12,
        "NVDA": 238,
        "PG": 20,
        "TSLA": 14,
        "UNH": 17,
        "WMT": 65,
        "XOM": 75
      },
      "final_prices": {
        "AAPL": 171.08,
        "AMD": 109.34,
        "AMZN": 163.0,
        "BAC": 37.21,
        "CAT": 207.36,
        "COP": 86.37,
        "COST": 549.84,
        "CVX": 138.66,
        "DE": 394.54,
        "GS": 298.46,
        "JNJ": 157.81,
        "JPM": 122.91,
        "MS": 76.82,
        "MSFT": 298.25,
        "NKE": 125.7,
        "NVDA": 27.24,
        "PG": 137.99,
        "TSLA": 359.2,
        "UNH": 478.08,
        "WMT": 47.3,
        "XOM": 71.97,
        "_CASH_": 1.0
      },
      "position_values": {
        "AAPL": 9751.560000000001,
        "AMD": 3717.56,
        "AMZN": 2771.0,
        "BAC": 2790.75,
        "CAT": 3110.4,
        "COP": 4145.76,
        "COST": 6598.08,
        "CVX": 6933.0,
        "DE": 2367.2400000000002,
        "GS": 2387.68,
        "JNJ": 4103.06,
        "JPM": 2581.11,
        "MS": 1766.86,
        "MSFT": 9842.25,
        "NKE": 1508.4,
        "NVDA": 6483.12,
        "PG": 2759.8,
        "TSLA": 5028.8,
        "UNH": 8127.36,
        "WMT": 3074.5,
        "XOM": 5397.75
      },
      "book_value": 101408.23999999998,
      "return_pct": 1.4082399999999762,
      "return_pct_with_cash_interest": 1.409318102039455,
      "total_trades": 21,
      "sharpe_ratio": null,
      "sortino_ratio": null,
      "max_drawdown": 0.0,
      "max_drawdown_pct": 0.0,
      "calmar_ratio": null,
      "daily_metrics": {
        "trading_days": 62,
        "total_return_pct": 1.4093009878354932,
        "annualized_sharpe": 0.38391653658154784,
        "annualized_sortino": 0.5565506704901062,
        "annualized_volatility": 0.1951534498101559,
        "max_drawdown_pct": 9.646888462316355,
        "calmar_ratio": 0.596824074060784,
        "spy_return_pct": -5.163593841839523,
        "excess_return_pct": 6.5728948296750165
      }
    }
  ]
}