{
  "run_name": "vote_no_macro_enriched",
  "num_episodes": 1,
  "episode_summaries": [
    {
      "episode_id": "ep_000",
      "initial_cash": 100000.0,
      "final_cash": 11684.820000000003,
      "final_positions": {
        "AMD": 112,
        "COP": 99,
        "COST": 39,
        "MSFT": 71,
        "NKE": 51,
        "PG": 79,
        "WMT": 273
      },
      "final_prices": {
        "AMD": 113.91,
        "COP": 95.29,
        "COST": 518.7,
        "MSFT": 333.39,
        "NKE": 104.61,
        "PG": 141.44,
        "WMT": 50.91,
        "_CASH_": 1.0
      },
      "position_values": {
        "AMD": 12757.92,
        "COP": 9433.710000000001,
        "COST": 20229.300000000003,
        "MSFT": 23670.69,
        "NKE": 5335.11,
        "PG": 11173.76,
        "WMT": 13898.429999999998
      },
      "book_value": 108183.74,
      "return_pct": 8.183740000000004,
      "return_pct_with_cash_interest": 8.322348328396329,
      "total_trades": 7,
      "sharpe_ratio": null,
      "sortino_ratio": null,
      "max_drawdown": 0.0,
      "max_drawdown_pct": 0.0,
      "calmar_ratio": null,
      "daily_metrics": {
        "trading_days": 62,
        "total_return_pct": 8.320135405343565,
        "annualized_sharpe": 2.317837895169167,
        "annualized_sortino": 3.8323891755208135,
        "annualized_volatility": 0.12309524458663981,
        "max_drawdown_pct": 3.5531832086969355,
        "calmar_ratio": 10.601535031083278,
        "spy_return_pct": 8.26782495367423,
        "excess_return_pct": 0.05231045166933512
      }
    }
  ]
}