{
  "run_name": "debate_slim_no_macro",
  "num_episodes": 1,
  "episode_summaries": [
    {
      "episode_id": "ep_000",
      "initial_cash": 100000.0,
      "final_cash": 15332.160000000003,
      "final_positions": {
        "CAT": 176,
        "COST": 29,
        "SLB": 649
      },
      "final_prices": {
        "CAT": 217.95,
        "COST": 477.71,
        "SLB": 45.16,
        "_CASH_": 1.0
      },
      "position_values": {
        "CAT": 38359.2,
        "COST": 13853.59,
        "SLB": 29308.839999999997
      },
      "book_value": 96853.79,
      "return_pct": -3.146210000000006,
      "return_pct_with_cash_interest": -2.9828682089669893,
      "total_trades": 3,
      "sharpe_ratio": null,
      "sortino_ratio": null,
      "max_drawdown": 2982.868208966989,
      "max_drawdown_pct": 2.9828682089669893,
      "calmar_ratio": -3.824560368484715,
      "daily_metrics": {
        "trading_days": 62,
        "total_return_pct": -2.769733578678453,
        "annualized_sharpe": -0.6100626668788729,
        "annualized_sortino": -0.8054437300944185,
        "annualized_volatility": 0.2180983440612697,
        "max_drawdown_pct": 14.719529994573556,
        "calmar_ratio": -0.7219720427513177,
        "spy_return_pct": 7.9124952092378145,
        "excess_return_pct": -10.682228787916268
      }
    }
  ]
}