{
  "run_name": "single_agent_slim",
  "num_episodes": 1,
  "episode_summaries": [
    {
      "episode_id": "ep_000",
      "initial_cash": 100000.0,
      "final_cash": 8281.160000000013,
      "final_positions": {
        "AAPL": 22,
        "AMZN": 26,
        "BAC": 144,
        "CAT": 12,
        "COP": 65,
        "COST": 13,
        "CVX": 64,
        "GS": 11,
        "JNJ": 40,
        "JPM": 62,
        "MS": 42,
        "MSFT": 17,
        "PG": 34,
        "RTX": 13,
        "SLB": 120,
        "TSLA": 7,
        "UNH": 25,
        "WMT": 96,
        "XOM": 154
      },
      "final_prices": {
        "AAPL": 127.88,
        "AMD": 64.77,
        "AMZN": 84.0,
        "BAC": 30.44,
        "CAT": 227.08,
        "COP": 106.18,
        "COST": 438.14,
        "CVX": 156.7,
        "GS": 316.79,
        "JNJ": 160.4,
        "JPM": 123.99,
        "MS": 76.82,
        "MSFT": 233.69,
        "NVDA": 14.6,
        "PG": 139.51,
        "RTX": 94.01,
        "SLB": 49.3,
        "TSLA": 123.18,
        "UNH": 501.9,
        "WMT": 45.57,
        "XOM": 98.83,
        "_CASH_": 1.0
      },
      "position_values": {
        "AAPL": 2813.3599999999997,
        "AMZN": 2184.0,
        "BAC": 4383.360000000001,
        "CAT": 2724.96,
        "COP": 6901.700000000001,
        "COST": 5695.82,
        "CVX": 10028.8,
        "GS": 3484.69,
        "JNJ": 6416.0,
        "JPM": 7687.38,
        "MS": 3226.4399999999996,
        "MSFT": 3972.73,
        "PG": 4743.34,
        "RTX": 1222.13,
        "SLB": 5916.0,
        "TSLA": 862.26,
        "UNH": 12547.5,
        "WMT": 4374.72,
        "XOM": 15219.82
      },
      "book_value": 112686.17000000001,
      "return_pct": 12.686170000000013,
      "return_pct_with_cash_interest": 12.749211405342356,
      "total_trades": 19,
      "sharpe_ratio": null,
      "sortino_ratio": null,
      "max_drawdown": 0.0,
      "max_drawdown_pct": 0.0,
      "calmar_ratio": null,
      "daily_metrics": {
        "trading_days": 63,
        "total_return_pct": 12.749140105342347,
        "annualized_sharpe": 2.324088408133451,
        "annualized_sortino": 3.928569886543398,
        "annualized_volatility": 0.2022944775534559,
        "max_drawdown_pct": 6.4158669878568135,
        "calmar_ratio": 9.601869147050209,
        "spy_return_pct": 4.794232360106329,
        "excess_return_pct": 7.954907745236018
      }
    }
  ]
}