{
  "run_name": "single_agent_slim",
  "num_episodes": 1,
  "episode_summaries": [
    {
      "episode_id": "ep_000",
      "initial_cash": 100000.0,
      "final_cash": 5755.239999999991,
      "final_positions": {
        "AMZN": 61,
        "BAC": 268,
        "CAT": 57,
        "COST": 36,
        "DAL": 130,
        "GS": 16,
        "JPM": 122,
        "RTX": 198
      },
      "final_prices": {
        "AMZN": 106.21,
        "BAC": 28.26,
        "CAT": 167.16,
        "COST": 458.38,
        "DAL": 28.11,
        "GS": 270.2,
        "JPM": 102.29,
        "RTX": 88.49,
        "_CASH_": 1.0
      },
      "position_values": {
        "AMZN": 6478.8099999999995,
        "BAC": 7573.68,
        "CAT": 9528.119999999999,
        "COST": 16501.68,
        "DAL": 3654.2999999999997,
        "GS": 4323.2,
        "JPM": 12479.380000000001,
        "RTX": 17521.02
      },
      "book_value": 83815.43,
      "return_pct": -16.184570000000008,
      "return_pct_with_cash_interest": -16.179827791455143,
      "total_trades": 8,
      "sharpe_ratio": null,
      "sortino_ratio": null,
      "max_drawdown": 16179.827791455144,
      "max_drawdown_pct": 16.179827791455143,
      "calmar_ratio": -3.1296893976723754,
      "daily_metrics": {
        "trading_days": 62,
        "total_return_pct": -16.179989495117685,
        "annualized_sharpe": -2.4885419297044917,
        "annualized_sortino": -3.0855845039367806,
        "annualized_volatility": 0.2742363331069255,
        "max_drawdown_pct": 19.334886626856694,
        "calmar_ratio": -2.6190076716756274,
        "spy_return_pct": -16.347338773929817,
        "excess_return_pct": 0.16734927881213224
      }
    }
  ]
}