{
  "run_name": "debate_slim_no_macro",
  "num_episodes": 1,
  "episode_summaries": [
    {
      "episode_id": "ep_000",
      "initial_cash": 100000.0,
      "final_cash": 7024.709999999986,
      "final_positions": {
        "AAPL": 40,
        "BLK": 6,
        "COST": 12,
        "DAL": 23,
        "DIS": 40,
        "JPM": 33,
        "LLY": 10,
        "META": 15,
        "NVDA": 92,
        "RTX": 61,
        "UNH": 19,
        "WMT": 114
      },
      "final_prices": {
        "AAPL": 204.55,
        "BLK": 1033.51,
        "COST": 987.17,
        "DAL": 48.73,
        "DIS": 123.18,
        "JPM": 285.83,
        "LLY": 775.39,
        "META": 736.99,
        "NVDA": 157.97,
        "RTX": 144.33,
        "UNH": 307.94,
        "WMT": 97.35,
        "_CASH_": 1.0
      },
      "position_values": {
        "AAPL": 8182.0,
        "BLK": 6201.0599999999995,
        "COST": 11846.039999999999,
        "DAL": 1120.79,
        "DIS": 4927.200000000001,
        "JPM": 9432.39,
        "LLY": 7753.9,
        "META": 11054.85,
        "NVDA": 14533.24,
        "RTX": 8804.130000000001,
        "UNH": 5850.86,
        "WMT": 11097.9
      },
      "book_value": 107829.06999999999,
      "return_pct": 7.829069999999992,
      "return_pct_with_cash_interest": 7.903908034098742,
      "total_trades": 12,
      "sharpe_ratio": null,
      "sortino_ratio": null,
      "max_drawdown": 0.0,
      "max_drawdown_pct": 0.0,
      "calmar_ratio": null,
      "daily_metrics": {
        "trading_days": 62,
        "total_return_pct": 7.903135923881724,
        "annualized_sharpe": 1.0875366973066007,
        "annualized_sortino": 1.7118826731551795,
        "annualized_volatility": 0.2806119321159178,
        "max_drawdown_pct": 9.655779242864526,
        "calmar_ratio": 3.6829206625505604,
        "spy_return_pct": 10.465185277889864,
        "excess_return_pct": -2.56204935400814
      }
    }
  ]
}