{
  "run_name": "debate_1_round_no_macro_causal_out_rca_revise",
  "num_episodes": 1,
  "episode_summaries": [
    {
      "episode_id": "ep_000",
      "initial_cash": 100000.0,
      "final_cash": 21114.239999999998,
      "final_positions": {
        "COST": 22,
        "CVX": 76,
        "NKE": 63,
        "PG": 114,
        "TSLA": 24,
        "UNH": 39,
        "XOM": 121
      },
      "final_prices": {
        "COST": 477.71,
        "CVX": 143.71,
        "NKE": 115.86,
        "PG": 137.73,
        "TSLA": 207.46,
        "UNH": 448.98,
        "XOM": 99.01,
        "_CASH_": 1.0
      },
      "position_values": {
        "COST": 10509.619999999999,
        "CVX": 10921.960000000001,
        "NKE": 7299.18,
        "PG": 15701.22,
        "TSLA": 4979.04,
        "UNH": 17510.22,
        "XOM": 11980.210000000001
      },
      "book_value": 100015.69,
      "return_pct": 0.015690000000002327,
      "return_pct_with_cash_interest": 0.240631415814918,
      "total_trades": 7,
      "sharpe_ratio": null,
      "sortino_ratio": null,
      "max_drawdown": 0.0,
      "max_drawdown_pct": 0.0,
      "calmar_ratio": null,
      "daily_metrics": {
        "trading_days": 62,
        "total_return_pct": 0.23704226698054118,
        "annualized_sharpe": -0.21559621674414145,
        "annualized_sortino": -0.3021710750426796,
        "annualized_volatility": 0.11944239667859023,
        "max_drawdown_pct": 5.064295684030428,
        "calmar_ratio": 0.1878930063129317,
        "spy_return_pct": 7.9124952092378145,
        "excess_return_pct": -7.675452942257273
      }
    }
  ]
}