{
  "run_name": "debate_mock",
  "num_episodes": 1,
  "episode_summaries": [
    {
      "episode_id": "ep_000",
      "initial_cash": 100000.0,
      "final_cash": 84123.00003051758,
      "final_positions": {
        "AAPL": 20,
        "MSFT": 10,
        "NVDA": 30
      },
      "final_prices": {
        "AAPL": 273.0799865722656,
        "MSFT": 487.4800109863281,
        "NVDA": 187.5399932861328
      },
      "position_values": {
        "AAPL": 5461.5997314453125,
        "MSFT": 4874.800109863281,
        "NVDA": 5626.199798583984
      },
      "book_value": 100085.59967041016,
      "return_pct": 0.08559967041015625,
      "total_trades": 8
    }
  ]
}