{
  "run_name": "debate_1_round_no_macro_causal_out",
  "num_episodes": 1,
  "episode_summaries": [
    {
      "episode_id": "ep_000",
      "initial_cash": 100000.0,
      "final_cash": 7830.1899999999905,
      "final_positions": {
        "AAPL": 24,
        "AMD": 8,
        "AMT": 5,
        "AMZN": 27,
        "AVGO": 13,
        "BAC": 70,
        "BLK": 2,
        "CAT": 2,
        "COP": 21,
        "COST": 5,
        "CVX": 21,
        "DAL": 16,
        "DE": 2,
        "DIS": 18,
        "GOOG": 31,
        "GS": 3,
        "HD": 5,
        "JNJ": 14,
        "JPM": 17,
        "LLY": 2,
        "META": 8,
        "MS": 16,
        "MSFT": 14,
        "NFLX": 11,
        "NKE": 13,
        "NVDA": 37,
        "OXY": 20,
        "PFE": 82,
        "PG": 12,
        "PLD": 9,
        "RTX": 17,
        "TSLA": 4,
        "UNH": 6,
        "WMT": 55,
        "XOM": 29
      },
      "final_prices": {
        "AAPL": 221.17,
        "AMD": 102.74,
        "AMT": 210.22,
        "AMZN": 190.26,
        "AVGO": 166.43,
        "BAC": 40.81,
        "BLK": 927.37,
        "CAT": 325.32,
        "COP": 101.54,
        "COST": 941.91,
        "CVX": 160.09,
        "DAL": 43.07,
        "DE": 464.63,
        "DIS": 97.62,
        "GOOG": 155.8,
        "GS": 535.2,
        "HD": 359.84,
        "JNJ": 161.34,
        "JPM": 240.37,
        "LLY": 819.84,
        "META": 575.06,
        "MS": 114.25,
        "MSFT": 372.54,
        "NFLX": 93.25,
        "NKE": 61.93,
        "NVDA": 108.36,
        "OXY": 48.54,
        "PFE": 23.63,
        "PG": 165.87,
        "PLD": 108.91,
        "RTX": 130.26,
        "TSLA": 259.16,
        "UNH": 513.35,
        "WMT": 87.2,
        "XOM": 114.98,
        "_CASH_": 1.0
      },
      "position_values": {
        "AAPL": 5308.08,
        "AMD": 821.92,
        "AMT": 1051.1,
        "AMZN": 5137.0199999999995,
        "AVGO": 2163.59,
        "BAC": 2856.7000000000003,
        "BLK": 1854.74,
        "CAT": 650.64,
        "COP": 2132.34,
        "COST": 4709.55,
        "CVX": 3361.89,
        "DAL": 689.12,
        "DE": 929.26,
        "DIS": 1757.16,
        "GOOG": 4829.8,
        "GS": 1605.6000000000001,
        "HD": 1799.1999999999998,
        "JNJ": 2258.76,
        "JPM": 4086.29,
        "LLY": 1639.68,
        "META": 4600.48,
        "MS": 1828.0,
        "MSFT": 5215.56,
        "NFLX": 1025.75,
        "NKE": 805.09,
        "NVDA": 4009.32,
        "OXY": 970.8,
        "PFE": 1937.6599999999999,
        "PG": 1990.44,
        "PLD": 980.1899999999999,
        "RTX": 2214.42,
        "TSLA": 1036.64,
        "UNH": 3080.1000000000004,
        "WMT": 4796.0,
        "XOM": 3334.42
      },
      "book_value": 95297.49999999999,
      "return_pct": -4.702500000000014,
      "return_pct_with_cash_interest": -4.619080751914371,
      "total_trades": 35,
      "sharpe_ratio": null,
      "sortino_ratio": null,
      "max_drawdown": 4619.080751914371,
      "max_drawdown_pct": 4.619080751914371,
      "calmar_ratio": -3.731290965404908,
      "daily_metrics": {
        "trading_days": 60,
        "total_return_pct": -4.623073174658071,
        "annualized_sharpe": -1.4669058583332173,
        "annualized_sortino": -1.891273437225354,
        "annualized_volatility": 0.1561747320906805,
        "max_drawdown_pct": 11.032265723307015,
        "calmar_ratio": -1.5635039272425397,
        "spy_return_pct": -4.031069434308774,
        "excess_return_pct": -0.5920037403492966
      },
      "mean_revisions_metrics": {
        "trading_days": 60,
        "total_return_pct": -5.092481389160559,
        "annualized_sharpe": -1.4831574551076527,
        "annualized_sortino": -1.9095192871547277,
        "annualized_volatility": 0.16723270532412124,
        "max_drawdown_pct": 11.601666016712821,
        "calmar_ratio": -1.6261524045709104,
        "spy_return_pct": -4.031069434308774,
        "excess_return_pct": -1.0614119548517849
      }
    }
  ]
}