{
  "run_name": "debate_1_round_no_macro_causal_out",
  "num_episodes": 1,
  "episode_summaries": [
    {
      "episode_id": "ep_000",
      "initial_cash": 100000.0,
      "final_cash": 9042.319999999996,
      "final_positions": {
        "AAPL": 62,
        "AMZN": 78,
        "BAC": 219,
        "CAT": 20,
        "COP": 46,
        "COST": 15,
        "NKE": 38,
        "NVDA": 303,
        "PG": 43,
        "RTX": 62,
        "TSLA": 16,
        "WMT": 116
      },
      "final_prices": {
        "AAPL": 169.93,
        "AMZN": 180.38,
        "BAC": 36.19,
        "CAT": 356.09,
        "COP": 119.6,
        "COST": 725.66,
        "NKE": 90.0,
        "NVDA": 90.31,
        "PG": 154.11,
        "RTX": 93.85,
        "TSLA": 175.79,
        "WMT": 59.09,
        "_CASH_": 1.0
      },
      "position_values": {
        "AAPL": 10535.66,
        "AMZN": 14069.64,
        "BAC": 7925.61,
        "CAT": 7121.799999999999,
        "COP": 5501.599999999999,
        "COST": 10884.9,
        "NKE": 3420.0,
        "NVDA": 27363.93,
        "PG": 6626.7300000000005,
        "RTX": 5818.7,
        "TSLA": 2812.64,
        "WMT": 6854.4400000000005
      },
      "book_value": 117977.96999999999,
      "return_pct": 17.97796999999999,
      "return_pct_with_cash_interest": 18.096122880494107,
      "total_trades": 12,
      "sharpe_ratio": null,
      "sortino_ratio": null,
      "max_drawdown": 0.0,
      "max_drawdown_pct": 0.0,
      "calmar_ratio": null,
      "daily_metrics": {
        "trading_days": 61,
        "total_return_pct": 18.092348373524423,
        "annualized_sharpe": 4.332769120619213,
        "annualized_sortino": 8.617259832649271,
        "annualized_volatility": 0.14929965342459728,
        "max_drawdown_pct": 2.577052146646447,
        "calmar_ratio": 36.664145235842646,
        "spy_return_pct": 11.01140082307238,
        "excess_return_pct": 7.080947550452043
      },
      "mean_revisions_metrics": {
        "trading_days": 61,
        "total_return_pct": 18.60359452637189,
        "annualized_sharpe": 4.335867197869721,
        "annualized_sortino": 8.654165561302834,
        "annualized_volatility": 0.1534614303804694,
        "max_drawdown_pct": 2.648415229834339,
        "calmar_ratio": 36.95614516700616,
        "spy_return_pct": 11.01140082307238,
        "excess_return_pct": 7.592193703299509
      }
    }
  ]
}