{
  "run_name": "vote_no_macro_enriched",
  "num_episodes": 1,
  "episode_summaries": [
    {
      "episode_id": "ep_000",
      "initial_cash": 100000.0,
      "final_cash": 23093.72999999999,
      "final_positions": {
        "AAPL": 134,
        "BAC": 530,
        "XOM": 583
      },
      "final_prices": {
        "AAPL": 135.79,
        "BAC": 27.6,
        "XOM": 77.61,
        "_CASH_": 1.0
      },
      "position_values": {
        "AAPL": 18195.86,
        "BAC": 14628.0,
        "XOM": 45246.63
      },
      "book_value": 101164.21999999997,
      "return_pct": 1.164219999999972,
      "return_pct_with_cash_interest": 1.2549046815620095,
      "total_trades": 3,
      "sharpe_ratio": null,
      "sortino_ratio": null,
      "max_drawdown": 0.0,
      "max_drawdown_pct": 0.0,
      "calmar_ratio": null,
      "daily_metrics": {
        "trading_days": 64,
        "total_return_pct": 1.2563469883234502,
        "annualized_sharpe": 0.2659378936311831,
        "annualized_sortino": 0.3850221559063575,
        "annualized_volatility": 0.19990644262574941,
        "max_drawdown_pct": 11.017145999208381,
        "calmar_ratio": 0.4648107705451752,
        "spy_return_pct": -5.926117785785124,
        "excess_return_pct": 7.182464774108574
      }
    }
  ]
}