{
  "run_name": "debate_1_round_no_macro_causal_out",
  "num_episodes": 1,
  "episode_summaries": [
    {
      "episode_id": "ep_000",
      "initial_cash": 100000.0,
      "final_cash": 11611.929999999995,
      "final_positions": {
        "AAPL": 23,
        "AMD": 15,
        "AMZN": 23,
        "BAC": 164,
        "CAT": 13,
        "COP": 37,
        "COST": 13,
        "CVX": 51,
        "GS": 6,
        "JNJ": 31,
        "JPM": 56,
        "MS": 26,
        "MSFT": 21,
        "NKE": 9,
        "NVDA": 68,
        "PG": 21,
        "RTX": 31,
        "SLB": 60,
        "UNH": 21,
        "WMT": 87,
        "XOM": 111
      },
      "final_prices": {
        "AAPL": 162.55,
        "AMD": 98.01,
        "AMZN": 103.29,
        "BAC": 26.46,
        "CAT": 217.95,
        "COP": 90.23,
        "COST": 477.71,
        "CVX": 143.71,
        "GS": 303.94,
        "JNJ": 141.75,
        "JPM": 121.37,
        "MS": 79.97,
        "MSFT": 281.63,
        "NKE": 115.86,
        "NVDA": 27.75,
        "PG": 137.73,
        "RTX": 91.73,
        "SLB": 45.16,
        "TSLA": 207.46,
        "UNH": 448.98,
        "WMT": 47.58,
        "XOM": 99.01,
        "_CASH_": 1.0
      },
      "position_values": {
        "AAPL": 3738.65,
        "AMD": 1470.15,
        "AMZN": 2375.67,
        "BAC": 4339.4400000000005,
        "CAT": 2833.35,
        "COP": 3338.51,
        "COST": 6210.23,
        "CVX": 7329.21,
        "GS": 1823.6399999999999,
        "JNJ": 4394.25,
        "JPM": 6796.72,
        "MS": 2079.22,
        "MSFT": 5914.23,
        "NKE": 1042.74,
        "NVDA": 1887.0,
        "PG": 2892.33,
        "RTX": 2843.63,
        "SLB": 2709.6,
        "UNH": 9428.58,
        "WMT": 4139.46,
        "XOM": 10990.11
      },
      "book_value": 100188.65,
      "return_pct": 0.18864999999999418,
      "return_pct_with_cash_interest": 0.31235816920446813,
      "total_trades": 21,
      "sharpe_ratio": null,
      "sortino_ratio": null,
      "max_drawdown": 0.0,
      "max_drawdown_pct": 0.0,
      "calmar_ratio": null,
      "daily_metrics": {
        "trading_days": 62,
        "total_return_pct": 0.330271490673942,
        "annualized_sharpe": -0.13694167149215503,
        "annualized_sortino": -0.1937318332011232,
        "annualized_volatility": 0.1406345071597324,
        "max_drawdown_pct": 7.361720638681736,
        "calmar_ratio": 0.18034440662944465,
        "spy_return_pct": 7.9124952092378145,
        "excess_return_pct": -7.582223718563872
      },
      "mean_revisions_metrics": {
        "trading_days": 62,
        "total_return_pct": 1.4184625056441873,
        "annualized_sharpe": 0.17395482364702505,
        "annualized_sortino": 0.24970516215324337,
        "annualized_volatility": 0.14444150443510606,
        "max_drawdown_pct": 7.2721274473763335,
        "calmar_ratio": 0.7969769320714425,
        "spy_return_pct": 7.9124952092378145,
        "excess_return_pct": -6.494032703593627
      }
    }
  ]
}