{
  "run_name": "debate_1_round_no_macro_causal_out",
  "num_episodes": 1,
  "episode_summaries": [
    {
      "episode_id": "ep_000",
      "initial_cash": 100000.0,
      "final_cash": 12352.500000000004,
      "final_positions": {
        "AMD": 81,
        "AMZN": 77,
        "BAC": 302,
        "CAT": 55,
        "CVX": 125,
        "PG": 101,
        "RTX": 119,
        "SLB": 199
      },
      "final_prices": {
        "AMD": 113.91,
        "AMZN": 130.36,
        "BAC": 26.75,
        "CAT": 235.62,
        "CVX": 139.95,
        "PG": 141.44,
        "RTX": 92.32,
        "SLB": 45.76,
        "_CASH_": 1.0
      },
      "position_values": {
        "AMD": 9226.71,
        "AMZN": 10037.720000000001,
        "BAC": 8078.5,
        "CAT": 12959.1,
        "CVX": 17493.75,
        "PG": 14285.44,
        "RTX": 10986.08,
        "SLB": 9106.24
      },
      "book_value": 104526.04000000001,
      "return_pct": 4.526040000000008,
      "return_pct_with_cash_interest": 4.672568519610562,
      "total_trades": 8,
      "sharpe_ratio": null,
      "sortino_ratio": null,
      "max_drawdown": 0.0,
      "max_drawdown_pct": 0.0,
      "calmar_ratio": null,
      "daily_metrics": {
        "trading_days": 62,
        "total_return_pct": 4.669463048357138,
        "annualized_sharpe": 1.097123549763044,
        "annualized_sortino": 1.6615278074914335,
        "annualized_volatility": 0.13420299467067767,
        "max_drawdown_pct": 5.110839235808657,
        "calmar_ratio": 3.9185904237686775,
        "spy_return_pct": 8.26782495367423,
        "excess_return_pct": -3.598361905317092
      },
      "mean_revisions_metrics": {
        "trading_days": 62,
        "total_return_pct": 5.039219233844823,
        "annualized_sharpe": 1.2141775875377872,
        "annualized_sortino": 1.855763452005195,
        "annualized_volatility": 0.13294128362451968,
        "max_drawdown_pct": 4.9684806475647445,
        "calmar_ratio": 4.3740396667982395,
        "spy_return_pct": 8.26782495367423,
        "excess_return_pct": -3.2286057198294076
      }
    }
  ]
}