{
  "run_name": "debate_1_round_no_macro_causal_out_rca_revise",
  "num_episodes": 1,
  "episode_summaries": [
    {
      "episode_id": "ep_000",
      "initial_cash": 100000.0,
      "final_cash": 20255.84,
      "final_positions": {
        "AMZN": 149,
        "BAC": 750,
        "MS": 291
      },
      "final_prices": {
        "AMZN": 163.0,
        "BAC": 37.21,
        "MS": 76.82,
        "_CASH_": 1.0
      },
      "position_values": {
        "AMZN": 24287.0,
        "BAC": 27907.5,
        "MS": 22354.62
      },
      "book_value": 94804.95999999999,
      "return_pct": -5.1950400000000085,
      "return_pct_with_cash_interest": -5.191496158122885,
      "total_trades": 3,
      "sharpe_ratio": null,
      "sortino_ratio": null,
      "max_drawdown": 5191.496158122885,
      "max_drawdown_pct": 5.191496158122885,
      "calmar_ratio": -3.6991509641606997,
      "daily_metrics": {
        "trading_days": 62,
        "total_return_pct": -5.191552414423669,
        "annualized_sharpe": -0.7167366391759543,
        "annualized_sortino": -1.0074661480870366,
        "annualized_volatility": 0.25766632853155075,
        "max_drawdown_pct": 16.45677936209656,
        "calmar_ratio": -1.1669549285840317,
        "spy_return_pct": -5.163593841839523,
        "excess_return_pct": -0.027958572584146246
      }
    }
  ]
}