{
  "run_name": "single_agent_slim",
  "num_episodes": 1,
  "episode_summaries": [
    {
      "episode_id": "ep_000",
      "initial_cash": 100000.0,
      "final_cash": 3829.090000000002,
      "final_positions": {
        "AMD": 81,
        "COP": 132,
        "COST": 41,
        "MSFT": 88,
        "NKE": 43,
        "PG": 87,
        "WMT": 315
      },
      "final_prices": {
        "AMD": 113.91,
        "COP": 95.29,
        "COST": 518.7,
        "MSFT": 333.39,
        "NKE": 104.61,
        "PG": 141.44,
        "WMT": 50.91,
        "_CASH_": 1.0
      },
      "position_values": {
        "AMD": 9226.71,
        "COP": 12578.28,
        "COST": 21266.7,
        "MSFT": 29338.32,
        "NKE": 4498.23,
        "PG": 12305.28,
        "WMT": 16036.65
      },
      "book_value": 109079.26,
      "return_pct": 9.079259999999994,
      "return_pct_with_cash_interest": 9.124681646561877,
      "total_trades": 7,
      "sharpe_ratio": null,
      "sortino_ratio": null,
      "max_drawdown": 0.0,
      "max_drawdown_pct": 0.0,
      "calmar_ratio": null,
      "daily_metrics": {
        "trading_days": 62,
        "total_return_pct": 9.12363547650946,
        "annualized_sharpe": 2.529042269683189,
        "annualized_sortino": 4.273073041945289,
        "annualized_volatility": 0.12478983790146575,
        "max_drawdown_pct": 3.465189783821798,
        "calmar_ratio": 12.062744092119722,
        "spy_return_pct": 8.26782495367423,
        "excess_return_pct": 0.8558105228352293
      }
    }
  ]
}