{
  "run_name": "vote_no_macro_enriched",
  "num_episodes": 1,
  "episode_summaries": [
    {
      "episode_id": "ep_000",
      "initial_cash": 100000.0,
      "final_cash": 25193.859999999993,
      "final_positions": {
        "AMZN": 261,
        "COP": 199,
        "CVX": 208
      },
      "final_prices": {
        "AMZN": 130.36,
        "COP": 95.29,
        "CVX": 139.95,
        "_CASH_": 1.0
      },
      "position_values": {
        "AMZN": 34023.96000000001,
        "COP": 18962.710000000003,
        "CVX": 29109.6
      },
      "book_value": 107290.13,
      "return_pct": 7.290130000000004,
      "return_pct_with_cash_interest": 7.588986021783072,
      "total_trades": 3,
      "sharpe_ratio": null,
      "sortino_ratio": null,
      "max_drawdown": 0.0,
      "max_drawdown_pct": 0.0,
      "calmar_ratio": null,
      "daily_metrics": {
        "trading_days": 62,
        "total_return_pct": 7.584214696800569,
        "annualized_sharpe": 1.9493018642605404,
        "annualized_sortino": 3.2562829407444114,
        "annualized_volatility": 0.13275106279369572,
        "max_drawdown_pct": 4.598859327244612,
        "calmar_ratio": 7.385719429673266,
        "spy_return_pct": 8.26782495367423,
        "excess_return_pct": -0.6836102568736617
      }
    }
  ]
}