{
  "run_name": "debate_1_round_no_macro_causal_out_rca_revise",
  "num_episodes": 1,
  "episode_summaries": [
    {
      "episode_id": "ep_000",
      "initial_cash": 100000.0,
      "final_cash": 7514.220000000003,
      "final_positions": {
        "AAPL": 31,
        "AMD": 15,
        "AMZN": 23,
        "BAC": 131,
        "CAT": 13,
        "COP": 47,
        "COST": 18,
        "CVX": 44,
        "GS": 9,
        "JNJ": 31,
        "JPM": 48,
        "MS": 39,
        "MSFT": 21,
        "NKE": 18,
        "NVDA": 136,
        "PG": 28,
        "RTX": 31,
        "SLB": 60,
        "TSLA": 8,
        "UNH": 19,
        "WMT": 87,
        "XOM": 91
      },
      "final_prices": {
        "AAPL": 162.55,
        "AMD": 98.01,
        "AMZN": 103.29,
        "BAC": 26.46,
        "CAT": 217.95,
        "COP": 90.23,
        "COST": 477.71,
        "CVX": 143.71,
        "GS": 303.94,
        "JNJ": 141.75,
        "JPM": 121.37,
        "MS": 79.97,
        "MSFT": 281.63,
        "NKE": 115.86,
        "NVDA": 27.75,
        "PG": 137.73,
        "RTX": 91.73,
        "SLB": 45.16,
        "TSLA": 207.46,
        "UNH": 448.98,
        "WMT": 47.58,
        "XOM": 99.01,
        "_CASH_": 1.0
      },
      "position_values": {
        "AAPL": 5039.05,
        "AMD": 1470.15,
        "AMZN": 2375.67,
        "BAC": 3466.26,
        "CAT": 2833.35,
        "COP": 4240.81,
        "COST": 8598.779999999999,
        "CVX": 6323.240000000001,
        "GS": 2735.46,
        "JNJ": 4394.25,
        "JPM": 5825.76,
        "MS": 3118.83,
        "MSFT": 5914.23,
        "NKE": 2085.48,
        "NVDA": 3774.0,
        "PG": 3856.4399999999996,
        "RTX": 2843.63,
        "SLB": 2709.6,
        "TSLA": 1659.68,
        "UNH": 8530.62,
        "WMT": 4139.46,
        "XOM": 9009.91
      },
      "book_value": 102458.88,
      "return_pct": 2.4588800000000046,
      "return_pct_with_cash_interest": 2.5389330488213164,
      "total_trades": 22,
      "sharpe_ratio": null,
      "sortino_ratio": null,
      "max_drawdown": 0.0,
      "max_drawdown_pct": 0.0,
      "calmar_ratio": null,
      "daily_metrics": {
        "trading_days": 62,
        "total_return_pct": 2.5574557282095194,
        "annualized_sharpe": 0.4787335860431085,
        "annualized_sortino": 0.6969995531915764,
        "annualized_volatility": 0.1485735657472506,
        "max_drawdown_pct": 7.268586727588833,
        "calmar_ratio": 1.4623188490130454,
        "spy_return_pct": 7.9124952092378145,
        "excess_return_pct": -5.355039481028295
      }
    }
  ]
}