{
  "run_name": "debate_1_round_no_macro_causal_out_rca_revise",
  "num_episodes": 1,
  "episode_summaries": [
    {
      "episode_id": "ep_000",
      "initial_cash": 100000.0,
      "final_cash": 25107.709999999992,
      "final_positions": {
        "AMZN": 145,
        "COP": 277,
        "CVX": 243
      },
      "final_prices": {
        "AMZN": 130.36,
        "COP": 95.29,
        "CVX": 139.95,
        "_CASH_": 1.0
      },
      "position_values": {
        "AMZN": 18902.2,
        "COP": 26395.33,
        "CVX": 34007.85
      },
      "book_value": 104413.09,
      "return_pct": 4.413089999999997,
      "return_pct_with_cash_interest": 4.710924088412139,
      "total_trades": 3,
      "sharpe_ratio": null,
      "sortino_ratio": null,
      "max_drawdown": 0.0,
      "max_drawdown_pct": 0.0,
      "calmar_ratio": null,
      "daily_metrics": {
        "trading_days": 62,
        "total_return_pct": 4.706169078898849,
        "annualized_sharpe": 1.0265165280899065,
        "annualized_sortino": 1.6540767525686966,
        "annualized_volatility": 0.14642612108915684,
        "max_drawdown_pct": 6.022554087552393,
        "calmar_ratio": 3.353351608927374,
        "spy_return_pct": 8.26782495367423,
        "excess_return_pct": -3.561655874775381
      }
    }
  ]
}