{
  "run_name": "vote_causal_no_macro_causal_out_fix_scenario",
  "num_episodes": 1,
  "episode_summaries": [
    {
      "episode_id": "ep_000",
      "initial_cash": 100000.0,
      "final_cash": 3392.3900000000067,
      "final_positions": {
        "AAPL": 57,
        "AMZN": 92,
        "BAC": 219,
        "CAT": 20,
        "COP": 55,
        "COST": 19,
        "NKE": 28,
        "NVDA": 282,
        "PG": 43,
        "RTX": 49,
        "TSLA": 28,
        "WMT": 136
      },
      "final_prices": {
        "AAPL": 169.93,
        "AMZN": 180.38,
        "BAC": 36.19,
        "CAT": 356.09,
        "COP": 119.6,
        "COST": 725.66,
        "NKE": 90.0,
        "NVDA": 90.31,
        "PG": 154.11,
        "RTX": 93.85,
        "TSLA": 175.79,
        "WMT": 59.09,
        "_CASH_": 1.0
      },
      "position_values": {
        "AAPL": 9686.01,
        "AMZN": 16594.96,
        "BAC": 7925.61,
        "CAT": 7121.799999999999,
        "COP": 6578.0,
        "COST": 13787.539999999999,
        "NKE": 2520.0,
        "NVDA": 25467.420000000002,
        "PG": 6626.7300000000005,
        "RTX": 4598.65,
        "TSLA": 4922.12,
        "WMT": 8036.240000000001
      },
      "book_value": 117257.47,
      "return_pct": 17.25747,
      "return_pct_with_cash_interest": 17.301797191501684,
      "total_trades": 12,
      "sharpe_ratio": null,
      "sortino_ratio": null,
      "max_drawdown": 0.0,
      "max_drawdown_pct": 0.0,
      "calmar_ratio": null,
      "daily_metrics": {
        "trading_days": 61,
        "total_return_pct": 17.30038111689927,
        "annualized_sharpe": 4.032116851937827,
        "annualized_sortino": 7.754266596047239,
        "annualized_volatility": 0.1536825636119076,
        "max_drawdown_pct": 2.8063453799935556,
        "calmar_ratio": 31.828057369478252,
        "spy_return_pct": 11.01140082307238,
        "excess_return_pct": 6.28898029382689
      }
    }
  ]
}