{
  "run_name": "debate_1_round_no_macro_causal_out",
  "num_episodes": 1,
  "episode_summaries": [
    {
      "episode_id": "ep_000",
      "initial_cash": 100000.0,
      "final_cash": 20210.959999999992,
      "final_positions": {
        "JPM": 269,
        "RTX": 43,
        "WMT": 769
      },
      "final_prices": {
        "JPM": 161.96,
        "RTX": 80.44,
        "WMT": 51.44,
        "_CASH_": 1.0
      },
      "position_values": {
        "JPM": 43567.240000000005,
        "RTX": 3458.92,
        "WMT": 39557.36
      },
      "book_value": 106794.48,
      "return_pct": 6.794479999999996,
      "return_pct_with_cash_interest": 7.058569651942351,
      "total_trades": 3,
      "sharpe_ratio": null,
      "sortino_ratio": null,
      "max_drawdown": 0.0,
      "max_drawdown_pct": 0.0,
      "calmar_ratio": null,
      "daily_metrics": {
        "trading_days": 63,
        "total_return_pct": 7.058569651942322,
        "annualized_sharpe": 2.2620361670746836,
        "annualized_sortino": 2.9442440874183773,
        "annualized_volatility": 0.09990291271531376,
        "max_drawdown_pct": 2.8579211540648224,
        "calmar_ratio": 10.975403592947309,
        "spy_return_pct": 11.684051763783549,
        "excess_return_pct": -4.625482111841227
      },
      "mean_revisions_metrics": {
        "trading_days": 63,
        "total_return_pct": 7.958017783978168,
        "annualized_sharpe": 2.586162074366013,
        "annualized_sortino": 3.4489196961565063,
        "annualized_volatility": 0.10035210877680542,
        "max_drawdown_pct": 2.6945447498677515,
        "calmar_ratio": 13.300011926620167,
        "spy_return_pct": 11.684051763783549,
        "excess_return_pct": -3.726033979805381
      }
    }
  ]
}