{
  "run_name": "debate_1_round_no_macro_causal_out",
  "num_episodes": 1,
  "episode_summaries": [
    {
      "episode_id": "ep_000",
      "initial_cash": 100000.0,
      "final_cash": 10550.41999999998,
      "final_positions": {
        "AAPL": 29,
        "AMD": 14,
        "AMT": 4,
        "AMZN": 22,
        "AVGO": 18,
        "BAC": 42,
        "CAT": 2,
        "COP": 11,
        "COST": 5,
        "CVX": 14,
        "DAL": 20,
        "DE": 3,
        "DIS": 16,
        "GOOG": 33,
        "GS": 4,
        "HD": 2,
        "JNJ": 6,
        "JPM": 10,
        "LLY": 1,
        "META": 8,
        "MS": 21,
        "MSFT": 18,
        "NFLX": 14,
        "NKE": 14,
        "NVDA": 50,
        "OXY": 24,
        "PFE": 43,
        "PG": 6,
        "PLD": 9,
        "RTX": 6,
        "TSLA": 3,
        "UNH": 6,
        "WMT": 41,
        "XOM": 19
      },
      "final_prices": {
        "AAPL": 254.15,
        "AMD": 161.79,
        "AMT": 190.47,
        "AMZN": 219.57,
        "AVGO": 329.28,
        "BAC": 51.03,
        "BLK": 1153.8,
        "CAT": 474.67,
        "COP": 93.0,
        "COST": 924.32,
        "CVX": 152.09,
        "DAL": 56.42,
        "DE": 455.68,
        "DIS": 113.73,
        "GOOG": 243.39,
        "GS": 788.27,
        "HD": 402.59,
        "JNJ": 183.28,
        "JPM": 312.49,
        "LLY": 760.61,
        "META": 733.78,
        "MS": 158.0,
        "MSFT": 515.81,
        "NFLX": 119.89,
        "NKE": 68.83,
        "NVDA": 186.57,
        "OXY": 46.98,
        "PFE": 24.63,
        "PG": 151.51,
        "PLD": 113.63,
        "RTX": 166.12,
        "TSLA": 444.72,
        "UNH": 342.99,
        "WMT": 102.85,
        "XOM": 111.03,
        "_CASH_": 1.0
      },
      "position_values": {
        "AAPL": 7370.35,
        "AMD": 2265.06,
        "AMT": 761.88,
        "AMZN": 4830.54,
        "AVGO": 5927.039999999999,
        "BAC": 2143.26,
        "CAT": 949.34,
        "COP": 1023.0,
        "COST": 4621.6,
        "CVX": 2129.26,
        "DAL": 1128.4,
        "DE": 1367.04,
        "DIS": 1819.68,
        "GOOG": 8031.87,
        "GS": 3153.08,
        "HD": 805.18,
        "JNJ": 1099.68,
        "JPM": 3124.9,
        "LLY": 760.61,
        "META": 5870.24,
        "MS": 3318.0,
        "MSFT": 9284.579999999998,
        "NFLX": 1678.46,
        "NKE": 963.62,
        "NVDA": 9328.5,
        "OXY": 1127.52,
        "PFE": 1059.09,
        "PG": 909.06,
        "PLD": 1022.67,
        "RTX": 996.72,
        "TSLA": 1334.16,
        "UNH": 2057.94,
        "WMT": 4216.849999999999,
        "XOM": 2109.57
      },
      "book_value": 109139.16999999998,
      "return_pct": 9.139169999999984,
      "return_pct_with_cash_interest": 9.251569329184553,
      "total_trades": 34,
      "sharpe_ratio": null,
      "sortino_ratio": null,
      "max_drawdown": 0.0,
      "max_drawdown_pct": 0.0,
      "calmar_ratio": null,
      "daily_metrics": {
        "trading_days": 64,
        "total_return_pct": 9.25336306638601,
        "annualized_sharpe": 3.44080216434838,
        "annualized_sortino": 5.715202906986948,
        "annualized_volatility": 0.09018719950804527,
        "max_drawdown_pct": 2.0550335851174766,
        "calmar_ratio": 20.668856474123615,
        "spy_return_pct": 8.156218975304325,
        "excess_return_pct": 1.0971440910816845
      },
      "mean_revisions_metrics": {
        "trading_days": 64,
        "total_return_pct": 9.70587076076241,
        "annualized_sharpe": 3.4510173611830046,
        "annualized_sortino": 5.753429127873929,
        "annualized_volatility": 0.09476323883376953,
        "max_drawdown_pct": 2.1677507752449596,
        "calmar_ratio": 20.689797935135225,
        "spy_return_pct": 8.156218975304325,
        "excess_return_pct": 1.5496517854580851
      }
    }
  ]
}