{
  "run_name": "debate_slim_no_macro",
  "num_episodes": 1,
  "episode_summaries": [
    {
      "episode_id": "ep_000",
      "initial_cash": 100000.0,
      "final_cash": 9308.199999999986,
      "final_positions": {
        "AAPL": 81,
        "AMD": 78,
        "CAT": 84,
        "COP": 230,
        "GS": 48,
        "JPM": 146,
        "MS": 197
      },
      "final_prices": {
        "AAPL": 127.88,
        "AMD": 64.77,
        "CAT": 227.08,
        "COP": 106.18,
        "GS": 316.79,
        "JPM": 123.99,
        "MS": 76.82,
        "_CASH_": 1.0
      },
      "position_values": {
        "AAPL": 10358.279999999999,
        "AMD": 5052.0599999999995,
        "CAT": 19074.72,
        "COP": 24421.4,
        "GS": 15205.920000000002,
        "JPM": 18102.54,
        "MS": 15133.539999999999
      },
      "book_value": 116656.65999999999,
      "return_pct": 16.656659999999988,
      "return_pct_with_cash_interest": 16.727519880645648,
      "total_trades": 7,
      "sharpe_ratio": null,
      "sortino_ratio": null,
      "max_drawdown": 0.0,
      "max_drawdown_pct": 0.0,
      "calmar_ratio": null,
      "daily_metrics": {
        "trading_days": 63,
        "total_return_pct": 16.72816868064564,
        "annualized_sharpe": 2.4348169166949147,
        "annualized_sortino": 4.427034417265955,
        "annualized_volatility": 0.2549895787130108,
        "max_drawdown_pct": 8.309315984454527,
        "calmar_ratio": 10.308105568881718,
        "spy_return_pct": 4.794232360106329,
        "excess_return_pct": 11.933936320539313
      }
    }
  ]
}