{
  "run_name": "debate_mock",
  "num_episodes": 20,
  "episode_summaries": [
    {
      "episode_id": "ep_000",
      "initial_cash": 100000.0,
      "final_cash": 69535.49983978271,
      "final_positions": {
        "AAPL": 20,
        "AXP": 30,
        "BAC": 30,
        "KO": 10,
        "MSFT": 10,
        "NVDA": 30,
        "UBER": 20
      },
      "final_prices": {
        "AAPL": 273.0799865722656,
        "AXP": 373.3900146484375,
        "BAC": 55.279998779296875,
        "CVX": 152.30999755859375,
        "KO": 70.06999969482422,
        "MSFT": 487.4800109863281,
        "NVDA": 187.5399932861328,
        "UBER": 82.12000274658203
      },
      "position_values": {
        "AAPL": 5461.5997314453125,
        "AXP": 11201.700439453125,
        "BAC": 1658.3999633789062,
        "KO": 700.6999969482422,
        "MSFT": 4874.800109863281,
        "NVDA": 5626.199798583984,
        "UBER": 1642.4000549316406
      },
      "book_value": 100701.2999343872,
      "return_pct": 0.7012999343872071,
      "total_trades": 25
    },
    {
      "episode_id": "ep_001",
      "initial_cash": 100000.0,
      "final_cash": 69535.49983978271,
      "final_positions": {
        "AAPL": 20,
        "AXP": 30,
        "BAC": 30,
        "KO": 10,
        "MSFT": 10,
        "NVDA": 30,
        "UBER": 20
      },
      "final_prices": {
        "AAPL": 273.0799865722656,
        "AXP": 373.3900146484375,
        "BAC": 55.279998779296875,
        "CVX": 152.30999755859375,
        "KO": 70.06999969482422,
        "MSFT": 487.4800109863281,
        "NVDA": 187.5399932861328,
        "UBER": 82.12000274658203
      },
      "position_values": {
        "AAPL": 5461.5997314453125,
        "AXP": 11201.700439453125,
        "BAC": 1658.3999633789062,
        "KO": 700.6999969482422,
        "MSFT": 4874.800109863281,
        "NVDA": 5626.199798583984,
        "UBER": 1642.4000549316406
      },
      "book_value": 100701.2999343872,
      "return_pct": 0.7012999343872071,
      "total_trades": 25
    },
    {
      "episode_id": "ep_002",
      "initial_cash": 100000.0,
      "final_cash": 69535.49983978271,
      "final_positions": {
        "AAPL": 20,
        "AXP": 30,
        "BAC": 30,
        "KO": 10,
        "MSFT": 10,
        "NVDA": 30,
        "UBER": 20
      },
      "final_prices": {
        "AAPL": 273.0799865722656,
        "AXP": 373.3900146484375,
        "BAC": 55.279998779296875,
        "CVX": 152.30999755859375,
        "KO": 70.06999969482422,
        "MSFT": 487.4800109863281,
        "NVDA": 187.5399932861328,
        "UBER": 82.12000274658203
      },
      "position_values": {
        "AAPL": 5461.5997314453125,
        "AXP": 11201.700439453125,
        "BAC": 1658.3999633789062,
        "KO": 700.6999969482422,
        "MSFT": 4874.800109863281,
        "NVDA": 5626.199798583984,
        "UBER": 1642.4000549316406
      },
      "book_value": 100701.2999343872,
      "return_pct": 0.7012999343872071,
      "total_trades": 25
    },
    {
      "episode_id": "ep_003",
      "initial_cash": 100000.0,
      "final_cash": 69535.49983978271,
      "final_positions": {
        "AAPL": 20,
        "AXP": 30,
        "BAC": 30,
        "KO": 10,
        "MSFT": 10,
        "NVDA": 30,
        "UBER": 20
      },
      "final_prices": {
        "AAPL": 273.0799865722656,
        "AXP": 373.3900146484375,
        "BAC": 55.279998779296875,
        "CVX": 152.30999755859375,
        "KO": 70.06999969482422,
        "MSFT": 487.4800109863281,
        "NVDA": 187.5399932861328,
        "UBER": 82.12000274658203
      },
      "position_values": {
        "AAPL": 5461.5997314453125,
        "AXP": 11201.700439453125,
        "BAC": 1658.3999633789062,
        "KO": 700.6999969482422,
        "MSFT": 4874.800109863281,
        "NVDA": 5626.199798583984,
        "UBER": 1642.4000549316406
      },
      "book_value": 100701.2999343872,
      "return_pct": 0.7012999343872071,
      "total_trades": 25
    },
    {
      "episode_id": "ep_004",
      "initial_cash": 100000.0,
      "final_cash": 69535.49983978271,
      "final_positions": {
        "AAPL": 20,
        "AXP": 30,
        "BAC": 30,
        "KO": 10,
        "MSFT": 10,
        "NVDA": 30,
        "UBER": 20
      },
      "final_prices": {
        "AAPL": 273.0799865722656,
        "AXP": 373.3900146484375,
        "BAC": 55.279998779296875,
        "CVX": 152.30999755859375,
        "KO": 70.06999969482422,
        "MSFT": 487.4800109863281,
        "NVDA": 187.5399932861328,
        "UBER": 82.12000274658203
      },
      "position_values": {
        "AAPL": 5461.5997314453125,
        "AXP": 11201.700439453125,
        "BAC": 1658.3999633789062,
        "KO": 700.6999969482422,
        "MSFT": 4874.800109863281,
        "NVDA": 5626.199798583984,
        "UBER": 1642.4000549316406
      },
      "book_value": 100701.2999343872,
      "return_pct": 0.7012999343872071,
      "total_trades": 25
    },
    {
      "episode_id": "ep_005",
      "initial_cash": 100000.0,
      "final_cash": 69535.49983978271,
      "final_positions": {
        "AAPL": 20,
        "AXP": 30,
        "BAC": 30,
        "KO": 10,
        "MSFT": 10,
        "NVDA": 30,
        "UBER": 20
      },
      "final_prices": {
        "AAPL": 273.0799865722656,
        "AXP": 373.3900146484375,
        "BAC": 55.279998779296875,
        "CVX": 152.30999755859375,
        "KO": 70.06999969482422,
        "MSFT": 487.4800109863281,
        "NVDA": 187.5399932861328,
        "UBER": 82.12000274658203
      },
      "position_values": {
        "AAPL": 5461.5997314453125,
        "AXP": 11201.700439453125,
        "BAC": 1658.3999633789062,
        "KO": 700.6999969482422,
        "MSFT": 4874.800109863281,
        "NVDA": 5626.199798583984,
        "UBER": 1642.4000549316406
      },
      "book_value": 100701.2999343872,
      "return_pct": 0.7012999343872071,
      "total_trades": 25
    },
    {
      "episode_id": "ep_006",
      "initial_cash": 100000.0,
      "final_cash": 69535.49983978271,
      "final_positions": {
        "AAPL": 20,
        "AXP": 30,
        "BAC": 30,
        "KO": 10,
        "MSFT": 10,
        "NVDA": 30,
        "UBER": 20
      },
      "final_prices": {
        "AAPL": 273.0799865722656,
        "AXP": 373.3900146484375,
        "BAC": 55.279998779296875,
        "CVX": 152.30999755859375,
        "KO": 70.06999969482422,
        "MSFT": 487.4800109863281,
        "NVDA": 187.5399932861328,
        "UBER": 82.12000274658203
      },
      "position_values": {
        "AAPL": 5461.5997314453125,
        "AXP": 11201.700439453125,
        "BAC": 1658.3999633789062,
        "KO": 700.6999969482422,
        "MSFT": 4874.800109863281,
        "NVDA": 5626.199798583984,
        "UBER": 1642.4000549316406
      },
      "book_value": 100701.2999343872,
      "return_pct": 0.7012999343872071,
      "total_trades": 25
    },
    {
      "episode_id": "ep_007",
      "initial_cash": 100000.0,
      "final_cash": 69535.49983978271,
      "final_positions": {
        "AAPL": 20,
        "AXP": 30,
        "BAC": 30,
        "KO": 10,
        "MSFT": 10,
        "NVDA": 30,
        "UBER": 20
      },
      "final_prices": {
        "AAPL": 273.0799865722656,
        "AXP": 373.3900146484375,
        "BAC": 55.279998779296875,
        "CVX": 152.30999755859375,
        "KO": 70.06999969482422,
        "MSFT": 487.4800109863281,
        "NVDA": 187.5399932861328,
        "UBER": 82.12000274658203
      },
      "position_values": {
        "AAPL": 5461.5997314453125,
        "AXP": 11201.700439453125,
        "BAC": 1658.3999633789062,
        "KO": 700.6999969482422,
        "MSFT": 4874.800109863281,
        "NVDA": 5626.199798583984,
        "UBER": 1642.4000549316406
      },
      "book_value": 100701.2999343872,
      "return_pct": 0.7012999343872071,
      "total_trades": 25
    },
    {
      "episode_id": "ep_008",
      "initial_cash": 100000.0,