{
  "run_name": "debate_slim_no_macro",
  "num_episodes": 1,
  "episode_summaries": [
    {
      "episode_id": "ep_000",
      "initial_cash": 100000.0,
      "final_cash": 10232.960000000003,
      "final_positions": {
        "AAPL": 74,
        "CAT": 41,
        "COP": 114,
        "COST": 26,
        "DAL": 35,
        "GS": 25,
        "JPM": 68,
        "MS": 88,
        "NVDA": 198,
        "RTX": 113,
        "UNH": 28,
        "WMT": 128
      },
      "final_prices": {
        "AAPL": 135.79,
        "CAT": 154.5,
        "COP": 91.17,
        "COST": 452.46,
        "DAL": 27.22,
        "GS": 268.6,
        "JPM": 95.76,
        "MS": 70.71,
        "NVDA": 12.12,
        "RTX": 75.81,
        "UNH": 476.64,
        "WMT": 41.52,
        "_CASH_": 1.0
      },
      "position_values": {
        "AAPL": 10048.46,
        "CAT": 6334.5,
        "COP": 10393.380000000001,
        "COST": 11763.96,
        "DAL": 952.6999999999999,
        "GS": 6715.000000000001,
        "JPM": 6511.68,
        "MS": 6222.48,
        "NVDA": 2399.7599999999998,
        "RTX": 8566.53,
        "UNH": 13345.92,
        "WMT": 5314.56
      },
      "book_value": 98801.89000000001,
      "return_pct": -1.198109999999986,
      "return_pct_with_cash_interest": -1.157927114037564,
      "total_trades": 12,
      "sharpe_ratio": null,
      "sortino_ratio": null,
      "max_drawdown": 1157.927114037564,
      "max_drawdown_pct": 1.157927114037564,
      "calmar_ratio": -3.931059138695185,
      "daily_metrics": {
        "trading_days": 64,
        "total_return_pct": -1.1557752199026146,
        "annualized_sharpe": -0.2167198996501518,
        "annualized_sortino": -0.2964430366408718,
        "annualized_volatility": 0.19601148935384202,
        "max_drawdown_pct": 12.318980445417484,
        "calmar_ratio": -0.36882660015400853,
        "spy_return_pct": -5.926117785785124,
        "excess_return_pct": 4.770342565882509
      }
    }
  ]
}