{
  "run_name": "debate_1_round_no_macro_causal_out",
  "num_episodes": 1,
  "episode_summaries": [
    {
      "episode_id": "ep_000",
      "initial_cash": 100000.0,
      "final_cash": 20119.860000000004,
      "final_positions": {
        "AAPL": 184,
        "AMD": 94,
        "MSFT": 150,
        "NVDA": 1237
      },
      "final_prices": {
        "AAPL": 127.88,
        "AMD": 64.77,
        "MSFT": 233.69,
        "NVDA": 14.6,
        "_CASH_": 1.0
      },
      "position_values": {
        "AAPL": 23529.92,
        "AMD": 6088.379999999999,
        "MSFT": 35053.5,
        "NVDA": 18060.2
      },
      "book_value": 102851.86,
      "return_pct": 2.8518600000000003,
      "return_pct_with_cash_interest": 3.0050250456809593,
      "total_trades": 4,
      "sharpe_ratio": null,
      "sortino_ratio": null,
      "max_drawdown": 0.0,
      "max_drawdown_pct": 0.0,
      "calmar_ratio": null,
      "daily_metrics": {
        "trading_days": 63,
        "total_return_pct": 3.0036440456809506,
        "annualized_sharpe": 0.4217287211085076,
        "annualized_sortino": 0.6864377060975195,
        "annualized_volatility": 0.3507536712318353,
        "max_drawdown_pct": 11.136946579517138,
        "calmar_ratio": 1.1283891454429364,
        "spy_return_pct": 4.794232360106329,
        "excess_return_pct": -1.7905883144253782
      },
      "mean_revisions_metrics": {
        "trading_days": 63,
        "total_return_pct": 2.333953108727961,
        "annualized_sharpe": 0.3480541657365308,
        "annualized_sortino": 0.563997676456656,
        "annualized_volatility": 0.33498801015327323,
        "max_drawdown_pct": 10.407811988150913,
        "calmar_ratio": 0.9288953218967544,
        "spy_return_pct": 4.794232360106329,
        "excess_return_pct": -2.460279251378368
      }
    }
  ]
}