{
  "run_name": "debate_1_round_no_macro_causal_out",
  "num_episodes": 1,
  "episode_summaries": [
    {
      "episode_id": "ep_000",
      "initial_cash": 100000.0,
      "final_cash": 8681.759999999995,
      "final_positions": {
        "AAPL": 13,
        "AMT": 14,
        "AMZN": 36,
        "AVGO": 30,
        "BAC": 24,
        "BLK": 2,
        "COP": 9,
        "COST": 4,
        "CVX": 18,
        "GOOG": 57,
        "GS": 3,
        "JNJ": 18,
        "JPM": 12,
        "LLY": 2,
        "META": 8,
        "MS": 17,
        "MSFT": 29,
        "NFLX": 10,
        "NVDA": 73,
        "OXY": 20,
        "PFE": 84,
        "PG": 6,
        "PLD": 9,
        "RTX": 15,
        "TSLA": 3,
        "UNH": 9,
        "WMT": 34,
        "XOM": 34
      },
      "final_prices": {
        "AAPL": 204.55,
        "AMD": 141.9,
        "AMT": 216.98,
        "AMZN": 219.39,
        "AVGO": 274.65,
        "BAC": 46.55,
        "BLK": 1033.51,
        "CAT": 384.78,
        "COP": 87.51,
        "COST": 987.17,
        "CVX": 138.69,
        "DAL": 48.73,
        "DE": 504.97,
        "DIS": 123.18,
        "GOOG": 177.12,
        "GS": 696.84,
        "HD": 362.23,
        "JNJ": 149.88,
        "JPM": 285.83,
        "LLY": 775.39,
        "META": 736.99,
        "MS": 139.04,
        "MSFT": 494.54,
        "NFLX": 133.91,
        "NKE": 69.76,
        "NVDA": 157.97,
        "OXY": 41.55,
        "PFE": 23.03,
        "PG": 156.03,
        "PLD": 103.39,
        "RTX": 144.33,
        "TSLA": 317.66,
        "UNH": 307.94,
        "WMT": 97.35,
        "XOM": 105.18,
        "_CASH_": 1.0
      },
      "position_values": {
        "AAPL": 2659.15,
        "AMT": 3037.72,
        "AMZN": 7898.039999999999,
        "AVGO": 8239.5,
        "BAC": 1117.1999999999998,
        "BLK": 2067.02,
        "COP": 787.59,
        "COST": 3948.68,
        "CVX": 2496.42,
        "GOOG": 10095.84,
        "GS": 2090.52,
        "JNJ": 2697.84,
        "JPM": 3429.96,
        "LLY": 1550.78,
        "META": 5895.92,
        "MS": 2363.68,
        "MSFT": 14341.66,
        "NFLX": 1339.1,
        "NVDA": 11531.81,
        "OXY": 831.0,
        "PFE": 1934.52,
        "PG": 936.1800000000001,
        "PLD": 930.51,
        "RTX": 2164.9500000000003,
        "TSLA": 952.98,
        "UNH": 2771.46,
        "WMT": 3309.8999999999996,
        "XOM": 3576.1200000000003
      },
      "book_value": 113677.81,
      "return_pct": 13.67781,
      "return_pct_with_cash_interest": 13.770301483764763,
      "total_trades": 28,
      "sharpe_ratio": null,
      "sortino_ratio": null,
      "max_drawdown": 0.0,
      "max_drawdown_pct": 0.0,
      "calmar_ratio": null,
      "daily_metrics": {
        "trading_days": 62,
        "total_return_pct": 13.768988496391671,
        "annualized_sharpe": 1.8536342870383877,
        "annualized_sortino": 3.0732525578620034,
        "annualized_volatility": 0.28090336510430003,
        "max_drawdown_pct": 9.614575859663049,
        "calmar_ratio": 7.023831090443527,
        "spy_return_pct": 10.465185277889864,
        "excess_return_pct": 3.303803218501807
      },
      "mean_revisions_metrics": {
        "trading_days": 62,
        "total_return_pct": 14.062030460426614,
        "annualized_sharpe": 1.808480544593259,
        "annualized_sortino": 3.052178344482656,
        "annualized_volatility": 0.2959676370854441,
        "max_drawdown_pct": 10.052908237842004,
        "calmar_ratio": 6.889938506382827,
        "spy_return_pct": 10.465185277889864,
        "excess_return_pct": 3.5968451825367502
      }
    }
  ]
}