{
  "meta": {
    "year": 2025,
    "quarters": [
      "2025Q1",
      "2025Q2",
      "2025Q3",
      "2025Q4"
    ],
    "tickers": [
      "NVDA",
      "AAPL",
      "MSFT",
      "BAC",
      "AXP",
      "CVX",
      "KO",
      "UBER"
    ],
    "half_life_days": null,
    "mp_mode": "io",
    "workers": 4,
    "enable_sharpe": false
  },
  "results": {
    "NVDA": {
      "2025Q1": {
        "article_count": 232,
        "mean_sentiment": 0.17694983797966793,
        "sentiment_volatility": 0.5029256324203069,
        "surprise_sentiment": null,
        "cross_sectional_z": -0.02311874724160368
      },
      "2025Q2": {
        "article_count": 241,
        "mean_sentiment": -0.09604268373063615,
        "sentiment_volatility": 0.6400587708439138,
        "surprise_sentiment": -0.2729925217103041,
        "cross_sectional_z": -1.3713691015861393
      },
      "2025Q3": {
        "article_count": 250,
        "mean_sentiment": -0.00517459336668253,
        "sentiment_volatility": 0.6346498036899806,
        "surprise_sentiment": 0.09086809036395363,
        "cross_sectional_z": -0.17020083511897968
      },
      "2025Q4": {
        "article_count": 246,
        "mean_sentiment": 0.039495481621110586,
        "sentiment_volatility": 0.6158706914518721,
        "surprise_sentiment": 0.044670074987793115,
        "cross_sectional_z": -0.32794438829018896
      }
    },
    "AAPL": {
      "2025Q1": {
        "article_count": 227,
        "mean_sentiment": 0.22892935232706532,
        "sentiment_volatility": 0.530727731945798,
        "surprise_sentiment": null,
        "cross_sectional_z": 0.7776153373075048
      },
      "2025Q2": {
        "article_count": 224,
        "mean_sentiment": 0.10591927835152351,
        "sentiment_volatility": 0.5711295760060445,
        "surprise_sentiment": -0.12301007397554181,
        "cross_sectional_z": 0.7811289506510256
      },
      "2025Q3": {
        "article_count": 238,
        "mean_sentiment": 0.07095651341085675,
        "sentiment_volatility": 0.6066683744757874,
        "surprise_sentiment": -0.03496276494066676,
        "cross_sectional_z": 1.0885027406585446
      },
      "2025Q4": {
        "article_count": 240,
        "mean_sentiment": 0.14590605890067915,
        "sentiment_volatility": 0.6533749072095782,
        "surprise_sentiment": 0.0749495454898224,
        "cross_sectional_z": 0.9669423624932378
      }
    },
    "MSFT": {
      "2025Q1": {
        "article_count": 236,
        "mean_sentiment": 0.2270215994725793,
        "sentiment_volatility": 0.550779266256334,
        "surprise_sentiment": null,
        "cross_sectional_z": 0.748226783861751
      },
      "2025Q2": {
        "article_count": 236,
        "mean_sentiment": -0.04934739620203815,
        "sentiment_volatility": 0.6395977033093805,
        "surprise_sentiment": -0.2763689956746175,
        "cross_sectional_z": -0.8736936263742638
      },
      "2025Q3": {
        "article_count": 240,
        "mean_sentiment": 0.06147992742092659,
        "sentiment_volatility": 0.6307987311713495,
        "surprise_sentiment": 0.11082732362296474,
        "cross_sectional_z": 0.9318228606911693
      },
      "2025Q4": {
        "article_count": 243,
        "mean_sentiment": 0.07875999925972381,
        "sentiment_volatility": 0.6509472390726859,
        "surprise_sentiment": 0.01728007183879722,
        "cross_sectional_z": 0.14985683190772642
      }
    },
    "BAC": {
      "2025Q1": {
        "article_count": 162,
        "mean_sentiment": 0.27486951401411197,
        "sentiment_volatility": 0.5905610391262647,
        "surprise_sentiment": null,
        "cross_sectional_z": 1.4853143947989333
      },
      "2025Q2": {
        "article_count": 224,
        "mean_sentiment": 0.0907077097799629,
        "sentiment_volatility": 0.6427990716309632,
        "surprise_sentiment": -0.18416180423414907,
        "cross_sectional_z": 0.6190049972877866
      },
      "2025Q3": {
        "article_count": 233,
        "mean_sentiment": -0.0014248822531922692,
        "sentiment_volatility": 0.6822044731080575,
        "surprise_sentiment": -0.09213259203315517,
        "cross_sectional_z": -0.10820548280557588
      },
      "2025Q4": {
        "article_count": 232,
        "mean_sentiment": 0.038542968606383635,
        "sentiment_volatility": 0.6840239223857302,
        "surprise_sentiment": 0.0399678508595759,
        "cross_sectional_z": -0.33953530823678646
      }
    },
    "AXP": {
      "2025Q1": {
        "article_count": 117,
        "mean_sentiment": 0.12115847293096475,
        "sentiment_volatility": 0.5738454423193876,
        "surprise_sentiment": null,
        "cross_sectional_z": -0.8825736340157677
      },
      "2025Q2": {
        "article_count": 231,
        "mean_sentiment": 0.14386650488522404,
        "sentiment_volatility": 0.6526367321131143,
        "surprise_sentiment": 0.022708031954259286,
        "cross_sectional_z": 1.1855681349384324
      },
      "2025Q3": {
        "article_count": 231,
        "mean_sentiment": -0.025796981371165095,
        "sentiment_volatility": 0.693059429341684,
        "surprise_sentiment": -0.16966348625638913,
        "cross_sectional_z": -0.5111583572283507
      },
      "2025Q4": {
        "article_count": 240,
        "mean_sentiment": 0.023707141731089603,
        "sentiment_volatility": 0.6969572635975049,
        "surprise_sentiment": 0.0495041231022547,
        "cross_sectional_z": -0.520069200156791
      }
    },
    "CVX": {
      "2025Q1": {
        "article_count": 178,
        "mean_sentiment": 0.19764955564705508,
        "sentiment_volatility": 0.5928140673481084,
        "surprise_sentiment": null,
        "cross_sectional_z": 0.29575628814337324
      },
      "2025Q2": {
        "article_count": 231,
        "mean_sentiment": -0.06743178152563897,
        "sentiment_volatility": 0.630083298517776,
        "surprise_sentiment": -0.26508133717269405,
        "cross_sectional_z": -1.0664358823101687
      },
      "2025Q3": {
        "article_count": 239,
        "mean_sentiment": -0.11883047288166804,
        "sentiment_volatility": 0.6337393024844028,
        "surprise_sentiment": -0.051398691356029064,
        "cross_sectional_z": -2.049315273474393
      },
      "2025Q4": {
        "article_count": 245,
        "mean_sentiment": -0.05310284638283204,
        "sentiment_volatility": 0.6727861048423106,
        "surprise_sentiment": 0.065727626498836,
        "cross_sectional_z": -1.4547529362974327
      }
    },
    "KO": {
      "2025Q1": {
        "article_count": 131,
        "mean_sentiment": 0.14355910482695539,
        "sentiment_volatility": 0.6095597003131549,
        "surprise_sentiment": null,
        "cross_sectional_z": -0.5374963530954676
      },
      "2025Q2": {
        "article_count": 242,
        "mean_sentiment": 0.14944871048989497,
        "sentiment_volatility": 0.6296483857505463,
        "surprise_sentiment": 0.005889605662939584,
        "cross_sectional_z": 1.2450629356789475
      },
      "2025Q3": {
        "article_count": 239,
        "mean_sentiment": 0.07493783420957158,
        "sentiment_volatility": 0.6601732836089971,
        "surprise_sentiment": -0.0745108762803234,
        "cross_sectional_z": 1.1543273810424441
      },
      "2025Q4": {
        "article_count": 242,
        "mean_sentiment": 0.2341941489630248,
        "sentiment_volatility": 0.666074876356888,
        "surprise_sentiment": 0.1592563147534532,
        "cross_sectional_z": 2.0413005794715042
      }
    },
    "UBER": {
      "2025Q1": {
        "article_count": 145,
        "mean_sentiment": 0.05746726240834286,
        "sentiment_volatility": 0.6374373210488772,
        "surprise_sentiment": null,
        "cross_sectional_z": -1.8637240697587238
      },
      "2025Q2": {
        "article_count": 235,
        "mean_sentiment": -0.01609263143878668,
        "sentiment_volatility": 0.6537713089965712,