{
  "run_name": "debate_slim_no_macro",
  "num_episodes": 1,
  "episode_summaries": [
    {
      "episode_id": "ep_000",
      "initial_cash": 100000.0,
      "final_cash": 9756.459999999977,
      "final_positions": {
        "AAPL": 36,
        "AMD": 30,
        "AMZN": 38,
        "BAC": 75,
        "CAT": 13,
        "COP": 33,
        "COST": 12,
        "CVX": 34,
        "GS": 6,
        "JNJ": 14,
        "JPM": 24,
        "MS": 25,
        "MSFT": 39,
        "NKE": 17,
        "NVDA": 288,
        "PG": 21,
        "RTX": 21,
        "SLB": 44,
        "TSLA": 24,
        "UNH": 15,
        "WMT": 84,
        "XOM": 70
      },
      "final_prices": {
        "AAPL": 191.46,
        "AMD": 113.91,
        "AMZN": 130.36,
        "BAC": 26.75,
        "CAT": 235.62,
        "COP": 95.29,
        "COST": 518.7,
        "CVX": 139.95,
        "GS": 301.98,
        "JNJ": 152.51,
        "JPM": 136.53,
        "MS": 78.46,
        "MSFT": 333.39,
        "NKE": 104.61,
        "NVDA": 42.27,
        "PG": 141.44,
        "RTX": 92.32,
        "SLB": 45.76,
        "TSLA": 261.77,
        "UNH": 458.5,
        "WMT": 50.91,
        "XOM": 97.68,
        "_CASH_": 1.0
      },
      "position_values": {
        "AAPL": 6892.56,
        "AMD": 3417.2999999999997,
        "AMZN": 4953.68,
        "BAC": 2006.25,
        "CAT": 3063.06,
        "COP": 3144.57,
        "COST": 6224.400000000001,
        "CVX": 4758.299999999999,
        "GS": 1811.88,
        "JNJ": 2135.14,
        "JPM": 3276.7200000000003,
        "MS": 1961.4999999999998,
        "MSFT": 13002.21,
        "NKE": 1778.37,
        "NVDA": 12173.76,
        "PG": 2970.24,
        "RTX": 1938.7199999999998,
        "SLB": 2013.4399999999998,
        "TSLA": 6282.48,
        "UNH": 6877.5,
        "WMT": 4276.44,
        "XOM": 6837.6
      },
      "book_value": 111552.57999999997,
      "return_pct": 11.552579999999972,
      "return_pct_with_cash_interest": 11.666465906365541,
      "total_trades": 22,
      "sharpe_ratio": null,
      "sortino_ratio": null,
      "max_drawdown": 0.0,
      "max_drawdown_pct": 0.0,
      "calmar_ratio": null,
      "daily_metrics": {
        "trading_days": 62,
        "total_return_pct": 11.666627806365518,
        "annualized_sharpe": 3.0669499162266765,
        "annualized_sortino": 5.790533410923151,
        "annualized_volatility": 0.13384882189462796,
        "max_drawdown_pct": 2.9234297645526395,
        "calmar_ratio": 18.980044941167485,
        "spy_return_pct": 8.26782495367423,
        "excess_return_pct": 3.398802852691288
      }
    }
  ]
}