{
  "run_name": "debate_slim_no_macro",
  "num_episodes": 1,
  "episode_summaries": [
    {
      "episode_id": "ep_000",
      "initial_cash": 100000.0,
      "final_cash": 7378.580000000002,
      "final_positions": {
        "CAT": 94,
        "NVDA": 988,
        "TSLA": 70,
        "WMT": 458
      },
      "final_prices": {
        "CAT": 207.36,
        "NVDA": 27.24,
        "TSLA": 359.2,
        "WMT": 47.3,
        "_CASH_": 1.0
      },
      "position_values": {
        "CAT": 19491.84,
        "NVDA": 26913.12,
        "TSLA": 25144.0,
        "WMT": 21663.399999999998
      },
      "book_value": 100590.94,
      "return_pct": 0.5909400000000022,
      "return_pct_with_cash_interest": 0.5922309126848267,
      "total_trades": 4,
      "sharpe_ratio": null,
      "sortino_ratio": null,
      "max_drawdown": 0.0,
      "max_drawdown_pct": 0.0,
      "calmar_ratio": null,
      "daily_metrics": {
        "trading_days": 62,
        "total_return_pct": 0.5897294202433404,
        "annualized_sharpe": 0.23113909151190368,
        "annualized_sortino": 0.34268626580424894,
        "annualized_volatility": 0.3259740365917074,
        "max_drawdown_pct": 20.061275188496115,
        "calmar_ratio": 0.11862988097889196,
        "spy_return_pct": -5.163593841839523,
        "excess_return_pct": 5.753323262082864
      }
    }
  ]
}