{
  "run_name": "vote_no_macro_enriched",
  "num_episodes": 1,
  "episode_summaries": [
    {
      "episode_id": "ep_000",
      "initial_cash": 100000.0,
      "final_cash": 22100.970000000005,
      "final_positions": {
        "JPM": 204,
        "RTX": 263,
        "WMT": 615
      },
      "final_prices": {
        "JPM": 161.96,
        "RTX": 80.44,
        "WMT": 51.44,
        "_CASH_": 1.0
      },
      "position_values": {
        "JPM": 33039.840000000004,
        "RTX": 21155.72,
        "WMT": 31635.6
      },
      "book_value": 107932.13,
      "return_pct": 7.932130000000005,
      "return_pct_with_cash_interest": 8.220915761531797,
      "total_trades": 3,
      "sharpe_ratio": null,
      "sortino_ratio": null,
      "max_drawdown": 0.0,
      "max_drawdown_pct": 0.0,
      "calmar_ratio": null,
      "daily_metrics": {
        "trading_days": 63,
        "total_return_pct": 8.220915761531739,
        "annualized_sharpe": 2.8384873495629015,
        "annualized_sortino": 4.155695711802664,
        "annualized_volatility": 0.09466367948948762,
        "max_drawdown_pct": 2.4783101471962747,
        "calmar_ratio": 14.9962978316116,
        "spy_return_pct": 11.684051763783549,
        "excess_return_pct": -3.46313600225181
      }
    }
  ]
}