{
  "run_name": "vote_causal_no_macro_causal_out_fix_scenario",
  "num_episodes": 1,
  "episode_summaries": [
    {
      "episode_id": "ep_000",
      "initial_cash": 100000.0,
      "final_cash": 6981.860000000001,
      "final_positions": {
        "COST": 22,
        "CVX": 121,
        "NKE": 72,
        "PG": 100,
        "TSLA": 8,
        "UNH": 43,
        "XOM": 202
      },
      "final_prices": {
        "COST": 477.71,
        "CVX": 143.71,
        "NKE": 115.86,
        "PG": 137.73,
        "TSLA": 207.46,
        "UNH": 448.98,
        "XOM": 99.01,
        "_CASH_": 1.0
      },
      "position_values": {
        "COST": 10509.619999999999,
        "CVX": 17388.91,
        "NKE": 8341.92,
        "PG": 13772.999999999998,
        "TSLA": 1659.68,
        "UNH": 19306.14,
        "XOM": 20000.02
      },
      "book_value": 97961.15,
      "return_pct": -2.038850000000006,
      "return_pct_with_cash_interest": -1.9644684701215154,
      "total_trades": 7,
      "sharpe_ratio": null,
      "sortino_ratio": null,
      "max_drawdown": 1964.4684701215156,
      "max_drawdown_pct": 1.9644684701215154,
      "calmar_ratio": -3.8836679651890327,
      "daily_metrics": {
        "trading_days": 62,
        "total_return_pct": -1.965655296390454,
        "annualized_sharpe": -0.7616146205840159,
        "annualized_sortino": -1.0502536829121416,
        "annualized_volatility": 0.14753182259098505,
        "max_drawdown_pct": 7.755756163334857,
        "calmar_ratio": -0.9842774851792623,
        "spy_return_pct": 7.9124952092378145,
        "excess_return_pct": -9.878150505628268
      }
    }
  ]
}