{
  "run_name": "debate_slim_no_macro",
  "num_episodes": 1,
  "episode_summaries": [
    {
      "episode_id": "ep_000",
      "initial_cash": 100000.0,
      "final_cash": 8141.570000000007,
      "final_positions": {
        "AAPL": 223,
        "BAC": 778,
        "XOM": 530
      },
      "final_prices": {
        "AAPL": 135.79,
        "BAC": 27.6,
        "XOM": 77.61,
        "_CASH_": 1.0
      },
      "position_values": {
        "AAPL": 30281.17,
        "BAC": 21472.800000000003,
        "XOM": 41133.3
      },
      "book_value": 101028.84000000001,
      "return_pct": 1.028840000000011,
      "return_pct_with_cash_interest": 1.0613188730241236,
      "total_trades": 3,
      "sharpe_ratio": null,
      "sortino_ratio": null,
      "max_drawdown": 0.0,
      "max_drawdown_pct": 0.0,
      "calmar_ratio": null,
      "daily_metrics": {
        "trading_days": 64,
        "total_return_pct": 1.057256373024182,
        "annualized_sharpe": 0.22519141119818065,
        "annualized_sortino": 0.3233449259204081,
        "annualized_volatility": 0.22537324512175605,
        "max_drawdown_pct": 13.564970913059426,
        "calmar_ratio": 0.3167398550331346,
        "spy_return_pct": -5.926117785785124,
        "excess_return_pct": 6.983374158809306
      }
    }
  ]
}