{
  "run_name": "debate_1_round_no_macro_causal_out_rca_revise",
  "num_episodes": 1,
  "episode_summaries": [
    {
      "episode_id": "ep_000",
      "initial_cash": 100000.0,
      "final_cash": 6759.819999999992,
      "final_positions": {
        "AAPL": 74,
        "CAT": 29,
        "COP": 140,
        "COST": 28,
        "DAL": 71,
        "GS": 25,
        "JPM": 78,
        "MS": 74,
        "NVDA": 198,
        "RTX": 90,
        "UNH": 31,
        "WMT": 180
      },
      "final_prices": {
        "AAPL": 135.79,
        "CAT": 154.5,
        "COP": 91.17,
        "COST": 452.46,
        "DAL": 27.22,
        "GS": 268.6,
        "JPM": 95.76,
        "MS": 70.71,
        "NVDA": 12.12,
        "RTX": 75.81,
        "UNH": 476.64,
        "WMT": 41.52,
        "_CASH_": 1.0
      },
      "position_values": {
        "AAPL": 10048.46,
        "CAT": 4480.5,
        "COP": 12763.800000000001,
        "COST": 12668.88,
        "DAL": 1932.62,
        "GS": 6715.000000000001,
        "JPM": 7469.280000000001,
        "MS": 5232.54,
        "NVDA": 2399.7599999999998,
        "RTX": 6822.900000000001,
        "UNH": 14775.84,
        "WMT": 7473.6
      },
      "book_value": 99543.0,
      "return_pct": -0.457,
      "return_pct_with_cash_interest": -0.430455473666807,
      "total_trades": 12,
      "sharpe_ratio": null,
      "sortino_ratio": null,
      "max_drawdown": 430.45547366680694,
      "max_drawdown_pct": 0.430455473666807,
      "calmar_ratio": -3.9742467085859507,
      "daily_metrics": {
        "trading_days": 64,
        "total_return_pct": -0.43003329266392387,
        "annualized_sharpe": -0.06334892212506751,
        "annualized_sortino": -0.08678989487026477,
        "annualized_volatility": 0.20086076708876688,
        "max_drawdown_pct": 12.271401968957655,
        "calmar_ratio": -0.1392725324294665,
        "spy_return_pct": -5.926117785785124,
        "excess_return_pct": 5.4960844931212
      }
    }
  ]
}