{
  "run_name": "vote_no_macro_enriched",
  "num_episodes": 1,
  "episode_summaries": [
    {
      "episode_id": "ep_000",
      "initial_cash": 100000.0,
      "final_cash": 13222.609999999984,
      "final_positions": {
        "AAPL": 74,
        "CAT": 5,
        "COP": 203,
        "COST": 19,
        "DAL": 35,
        "GS": 14,
        "JPM": 29,
        "MS": 59,
        "NVDA": 462,
        "RTX": 101,
        "UNH": 45,
        "WMT": 51
      },
      "final_prices": {
        "AAPL": 135.79,
        "CAT": 154.5,
        "COP": 91.17,
        "COST": 452.46,
        "DAL": 27.22,
        "GS": 268.6,
        "JPM": 95.76,
        "MS": 70.71,
        "NVDA": 12.12,
        "RTX": 75.81,
        "UNH": 476.64,
        "WMT": 41.52,
        "_CASH_": 1.0
      },
      "position_values": {
        "AAPL": 10048.46,
        "CAT": 772.5,
        "COP": 18507.510000000002,
        "COST": 8596.74,
        "DAL": 952.6999999999999,
        "GS": 3760.4000000000005,
        "JPM": 2777.04,
        "MS": 4171.889999999999,
        "NVDA": 5599.44,
        "RTX": 7656.81,
        "UNH": 21448.8,
        "WMT": 2117.52
      },
      "book_value": 99632.41999999998,
      "return_pct": -0.3675800000000163,
      "return_pct_with_cash_interest": -0.31565732760068205,
      "total_trades": 12,
      "sharpe_ratio": null,
      "sortino_ratio": null,
      "max_drawdown": 315.65732760068204,
      "max_drawdown_pct": 0.31565732760068205,
      "calmar_ratio": -3.9811003847113873,
      "daily_metrics": {
        "trading_days": 64,
        "total_return_pct": -0.31483151644730245,
        "annualized_sharpe": -0.05035534272954888,
        "annualized_sortino": -0.07007627498886973,
        "annualized_volatility": 0.19299621164067618,
        "max_drawdown_pct": 11.334086939738834,
        "calmar_ratio": -0.11058600590441704,
        "spy_return_pct": -5.926117785785124,
        "excess_return_pct": 5.611286269337821
      }
    }
  ]
}