{
  "run_name": "vote_no_macro_enriched",
  "num_episodes": 1,
  "episode_summaries": [
    {
      "episode_id": "ep_000",
      "initial_cash": 100000.0,
      "final_cash": 16542.05,
      "final_positions": {
        "AMZN": 55,
        "BAC": 214,
        "CAT": 72,
        "COST": 36,
        "DAL": 52,
        "GS": 13,
        "JPM": 73,
        "RTX": 187
      },
      "final_prices": {
        "AMZN": 106.21,
        "BAC": 28.26,
        "CAT": 167.16,
        "COST": 458.38,
        "DAL": 28.11,
        "GS": 270.2,
        "JPM": 102.29,
        "RTX": 88.49,
        "_CASH_": 1.0
      },
      "position_values": {
        "AMZN": 5841.549999999999,
        "BAC": 6047.64,
        "CAT": 12035.52,
        "COST": 16501.68,
        "DAL": 1461.72,
        "GS": 3512.6,
        "JPM": 7467.17,
        "RTX": 16547.629999999997
      },
      "book_value": 85957.56,
      "return_pct": -14.042440000000003,
      "return_pct_with_cash_interest": -14.028809664712579,
      "total_trades": 8,
      "sharpe_ratio": null,
      "sortino_ratio": null,
      "max_drawdown": 14028.809664712579,
      "max_drawdown_pct": 14.028809664712579,
      "calmar_ratio": -3.234233445394111,
      "daily_metrics": {
        "trading_days": 62,
        "total_return_pct": -14.029026106937556,
        "annualized_sharpe": -2.4522063776928564,
        "annualized_sortino": -3.0156873789973924,
        "annualized_volatility": 0.23996717940514037,
        "max_drawdown_pct": 17.13497525390958,
        "calmar_ratio": -2.647975550972326,
        "spy_return_pct": -16.347338773929817,
        "excess_return_pct": 2.318312666992261
      }
    }
  ]
}