{
  "run_name": "debate_slim_no_macro",
  "num_episodes": 1,
  "episode_summaries": [
    {
      "episode_id": "ep_000",
      "initial_cash": 100000.0,
      "final_cash": 9467.700000000003,
      "final_positions": {
        "AAPL": 24,
        "AMD": 21,
        "AMT": 4,
        "AMZN": 22,
        "AVGO": 18,
        "BAC": 42,
        "CAT": 2,
        "COP": 11,
        "COST": 4,
        "CVX": 7,
        "DAL": 20,
        "DE": 1,
        "DIS": 8,
        "GOOG": 39,
        "GS": 2,
        "HD": 2,
        "JNJ": 13,
        "JPM": 10,
        "LLY": 1,
        "META": 10,
        "MS": 21,
        "MSFT": 24,
        "NFLX": 14,
        "NKE": 14,
        "NVDA": 56,
        "OXY": 24,
        "PFE": 43,
        "PG": 6,
        "PLD": 9,
        "RTX": 6,
        "TSLA": 6,
        "UNH": 3,
        "WMT": 30,
        "XOM": 19
      },
      "final_prices": {
        "AAPL": 254.15,
        "AMD": 161.79,
        "AMT": 190.47,
        "AMZN": 219.57,
        "AVGO": 329.28,
        "BAC": 51.03,
        "BLK": 1153.8,
        "CAT": 474.67,
        "COP": 93.0,
        "COST": 924.32,
        "CVX": 152.09,
        "DAL": 56.42,
        "DE": 455.68,
        "DIS": 113.73,
        "GOOG": 243.39,
        "GS": 788.27,
        "HD": 402.59,
        "JNJ": 183.28,
        "JPM": 312.49,
        "LLY": 760.61,
        "META": 733.78,
        "MS": 158.0,
        "MSFT": 515.81,
        "NFLX": 119.89,
        "NKE": 68.83,
        "NVDA": 186.57,
        "OXY": 46.98,
        "PFE": 24.63,
        "PG": 151.51,
        "PLD": 113.63,
        "RTX": 166.12,
        "TSLA": 444.72,
        "UNH": 342.99,
        "WMT": 102.85,
        "XOM": 111.03,
        "_CASH_": 1.0
      },
      "position_values": {
        "AAPL": 6099.6,
        "AMD": 3397.5899999999997,
        "AMT": 761.88,
        "AMZN": 4830.54,
        "AVGO": 5927.039999999999,
        "BAC": 2143.26,
        "CAT": 949.34,
        "COP": 1023.0,
        "COST": 3697.28,
        "CVX": 1064.63,
        "DAL": 1128.4,
        "DE": 455.68,
        "DIS": 909.84,
        "GOOG": 9492.21,
        "GS": 1576.54,
        "HD": 805.18,
        "JNJ": 2382.64,
        "JPM": 3124.9,
        "LLY": 760.61,
        "META": 7337.799999999999,
        "MS": 3318.0,
        "MSFT": 12379.439999999999,
        "NFLX": 1678.46,
        "NKE": 963.62,
        "NVDA": 10447.92,
        "OXY": 1127.52,
        "PFE": 1059.09,
        "PG": 909.06,
        "PLD": 1022.67,
        "RTX": 996.72,
        "TSLA": 2668.32,
        "UNH": 1028.97,
        "WMT": 3085.5,
        "XOM": 2109.57
      },
      "book_value": 110130.51999999999,
      "return_pct": 10.13051999999999,
      "return_pct_with_cash_interest": 10.231384527565796,
      "total_trades": 34,
      "sharpe_ratio": null,
      "sortino_ratio": null,
      "max_drawdown": 0.0,
      "max_drawdown_pct": 0.0,
      "calmar_ratio": null,
      "daily_metrics": {
        "trading_days": 64,
        "total_return_pct": 10.232900685352128,
        "annualized_sharpe": 3.5832023423586086,
        "annualized_sortino": 5.865225453735309,
        "annualized_volatility": 0.096589983277044,
        "max_drawdown_pct": 2.391347219326661,
        "calmar_ratio": 19.927640138311634,
        "spy_return_pct": 8.156218975304325,
        "excess_return_pct": 2.0766817100478026
      }
    }
  ]
}