{
  "run_name": "single_agent_slim",
  "num_episodes": 1,
  "episode_summaries": [
    {
      "episode_id": "ep_000",
      "initial_cash": 100000.0,
      "final_cash": 6078.279999999988,
      "final_positions": {
        "AAPL": 40,
        "BLK": 8,
        "COST": 12,
        "DAL": 46,
        "DIS": 51,
        "JPM": 33,
        "LLY": 9,
        "META": 15,
        "NVDA": 92,
        "RTX": 76,
        "UNH": 11,
        "WMT": 114
      },
      "final_prices": {
        "AAPL": 204.55,
        "BLK": 1033.51,
        "COST": 987.17,
        "DAL": 48.73,
        "DIS": 123.18,
        "JPM": 285.83,
        "LLY": 775.39,
        "META": 736.99,
        "NVDA": 157.97,
        "RTX": 144.33,
        "UNH": 307.94,
        "WMT": 97.35,
        "_CASH_": 1.0
      },
      "position_values": {
        "AAPL": 8182.0,
        "BLK": 8268.08,
        "COST": 11846.039999999999,
        "DAL": 2241.58,
        "DIS": 6282.18,
        "JPM": 9432.39,
        "LLY": 6978.51,
        "META": 11054.85,
        "NVDA": 14533.24,
        "RTX": 10969.080000000002,
        "UNH": 3387.34,
        "WMT": 11097.9
      },
      "book_value": 110351.46999999999,
      "return_pct": 10.351469999999987,
      "return_pct_with_cash_interest": 10.416225203546011,
      "total_trades": 12,
      "sharpe_ratio": null,
      "sortino_ratio": null,
      "max_drawdown": 0.0,
      "max_drawdown_pct": 0.0,
      "calmar_ratio": null,
      "daily_metrics": {
        "trading_days": 62,
        "total_return_pct": 10.415418374238348,
        "annualized_sharpe": 1.3694777514060132,
        "annualized_sortino": 2.1550515862927226,
        "annualized_volatility": 0.2939621135000683,
        "max_drawdown_pct": 10.5678340992984,
        "calmar_ratio": 4.602101745621688,
        "spy_return_pct": 10.465185277889864,
        "excess_return_pct": -0.04976690365151626
      }
    }
  ]
}