{
  "run_name": "debate_slim_no_macro",
  "num_episodes": 1,
  "episode_summaries": [
    {
      "episode_id": "ep_000",
      "initial_cash": 100000.0,
      "final_cash": 7311.960000000012,
      "final_positions": {
        "BAC": 318,
        "COP": 229,
        "GS": 33,
        "JNJ": 144,
        "MSFT": 88,
        "NVDA": 264,
        "WMT": 206
      },
      "final_prices": {
        "BAC": 27.6,
        "COP": 91.17,
        "GS": 268.6,
        "JNJ": 147.38,
        "MSFT": 226.31,
        "NVDA": 12.12,
        "WMT": 41.52,
        "_CASH_": 1.0
      },
      "position_values": {
        "BAC": 8776.800000000001,
        "COP": 20877.93,
        "GS": 8863.800000000001,
        "JNJ": 21222.72,
        "MSFT": 19915.28,
        "NVDA": 3199.68,
        "WMT": 8553.12
      },
      "book_value": 98721.29000000001,
      "return_pct": -1.278709999999992,
      "return_pct_with_cash_interest": -1.2499973249927716,
      "total_trades": 7,
      "sharpe_ratio": null,
      "sortino_ratio": null,
      "max_drawdown": 1249.9973249927716,
      "max_drawdown_pct": 1.2499973249927716,
      "calmar_ratio": -3.925623204712957,
      "daily_metrics": {
        "trading_days": 64,
        "total_return_pct": -1.2487745603765652,
        "annualized_sharpe": -0.2524559666788063,
        "annualized_sortino": -0.3533265698710591,
        "annualized_volatility": 0.18861278166807285,
        "max_drawdown_pct": 10.491172471535181,
        "calmar_ratio": -0.46727937257295205,
        "spy_return_pct": -5.926117785785124,
        "excess_return_pct": 4.677343225408558
      }
    }
  ]
}