{
  "run_name": "vote_causal_no_macro_causal_out_fix_scenario",
  "num_episodes": 1,
  "episode_summaries": [
    {
      "episode_id": "ep_000",
      "initial_cash": 100000.0,
      "final_cash": 8829.670000000006,
      "final_positions": {
        "AMD": 203,
        "LLY": 60,
        "UNH": 53
      },
      "final_prices": {
        "AMD": 180.49,
        "LLY": 767.26,
        "UNH": 477.24,
        "_CASH_": 1.0
      },
      "position_values": {
        "AMD": 36639.47,
        "LLY": 46035.6,
        "UNH": 25293.72
      },
      "book_value": 116798.46000000002,
      "return_pct": 16.79846000000002,
      "return_pct_with_cash_interest": 16.913834256198925,
      "total_trades": 3,
      "sharpe_ratio": null,
      "sortino_ratio": null,
      "max_drawdown": 0.0,
      "max_drawdown_pct": 0.0,
      "calmar_ratio": null,
      "daily_metrics": {
        "trading_days": 61,
        "total_return_pct": 16.910148515044536,
        "annualized_sharpe": 3.026449158788452,
        "annualized_sortino": 5.601454061104357,
        "annualized_volatility": 0.2030260929207328,
        "max_drawdown_pct": 5.378989014416087,
        "calmar_ratio": 16.13941844721444,
        "spy_return_pct": 11.01140082307238,
        "excess_return_pct": 5.898747691972156
      }
    }
  ]
}