{
  "run_name": "single_agent_slim",
  "num_episodes": 1,
  "episode_summaries": [
    {
      "episode_id": "ep_000",
      "initial_cash": 100000.0,
      "final_cash": 6125.549999999987,
      "final_positions": {
        "AAPL": 22,
        "AMD": 9,
        "AMT": 4,
        "AMZN": 31,
        "AVGO": 36,
        "BAC": 24,
        "BLK": 2,
        "CAT": 3,
        "COP": 19,
        "COST": 4,
        "CVX": 24,
        "DAL": 23,
        "DE": 2,
        "DIS": 10,
        "GOOG": 51,
        "GS": 3,
        "HD": 2,
        "JNJ": 12,
        "JPM": 12,
        "LLY": 2,
        "META": 10,
        "MS": 8,
        "MSFT": 18,
        "NFLX": 10,
        "NKE": 16,
        "NVDA": 92,
        "OXY": 20,
        "PFE": 42,
        "PG": 12,
        "PLD": 9,
        "RTX": 15,
        "TSLA": 3,
        "UNH": 3,
        "WMT": 34,
        "XOM": 43
      },
      "final_prices": {
        "AAPL": 204.55,
        "AMD": 141.9,
        "AMT": 216.98,
        "AMZN": 219.39,
        "AVGO": 274.65,
        "BAC": 46.55,
        "BLK": 1033.51,
        "CAT": 384.78,
        "COP": 87.51,
        "COST": 987.17,
        "CVX": 138.69,
        "DAL": 48.73,
        "DE": 504.97,
        "DIS": 123.18,
        "GOOG": 177.12,
        "GS": 696.84,
        "HD": 362.23,
        "JNJ": 149.88,
        "JPM": 285.83,
        "LLY": 775.39,
        "META": 736.99,
        "MS": 139.04,
        "MSFT": 494.54,
        "NFLX": 133.91,
        "NKE": 69.76,
        "NVDA": 157.97,
        "OXY": 41.55,
        "PFE": 23.03,
        "PG": 156.03,
        "PLD": 103.39,
        "RTX": 144.33,
        "TSLA": 317.66,
        "UNH": 307.94,
        "WMT": 97.35,
        "XOM": 105.18,
        "_CASH_": 1.0
      },
      "position_values": {
        "AAPL": 4500.1,
        "AMD": 1277.1000000000001,
        "AMT": 867.92,
        "AMZN": 6801.089999999999,
        "AVGO": 9887.4,
        "BAC": 1117.1999999999998,
        "BLK": 2067.02,
        "CAT": 1154.34,
        "COP": 1662.69,
        "COST": 3948.68,
        "CVX": 3328.56,
        "DAL": 1120.79,
        "DE": 1009.94,
        "DIS": 1231.8000000000002,
        "GOOG": 9033.12,
        "GS": 2090.52,
        "HD": 724.46,
        "JNJ": 1798.56,
        "JPM": 3429.96,
        "LLY": 1550.78,
        "META": 7369.9,
        "MS": 1112.32,
        "MSFT": 8901.720000000001,
        "NFLX": 1339.1,
        "NKE": 1116.16,
        "NVDA": 14533.24,
        "OXY": 831.0,
        "PFE": 967.26,
        "PG": 1872.3600000000001,
        "PLD": 930.51,
        "RTX": 2164.9500000000003,
        "TSLA": 952.98,
        "UNH": 923.8199999999999,
        "WMT": 3309.8999999999996,
        "XOM": 4522.740000000001
      },
      "book_value": 115575.54,
      "return_pct": 15.575539999999993,
      "return_pct_with_cash_interest": 15.640798796416306,
      "total_trades": 35,
      "sharpe_ratio": null,
      "sortino_ratio": null,
      "max_drawdown": 0.0,
      "max_drawdown_pct": 0.0,
      "calmar_ratio": null,
      "daily_metrics": {
        "trading_days": 62,
        "total_return_pct": 15.639844731817487,
        "annualized_sharpe": 1.8636381740013916,
        "annualized_sortino": 3.049457024130962,
        "annualized_volatility": 0.3213605041398938,
        "max_drawdown_pct": 11.512395816127992,
        "calmar_ratio": 6.847030656583459,
        "spy_return_pct": 10.465185277889864,
        "excess_return_pct": 5.174659453927623
      }
    }
  ]
}