{
  "run_name": "debate_1_round_no_macro_causal_out_rca_revise",
  "num_episodes": 1,
  "episode_summaries": [
    {
      "episode_id": "ep_000",
      "initial_cash": 100000.0,
      "final_cash": 20253.860000000008,
      "final_positions": {
        "BAC": 353,
        "COP": 178,
        "GS": 37,
        "JNJ": 100,
        "MSFT": 80,
        "NVDA": 264,
        "WMT": 154
      },
      "final_prices": {
        "BAC": 27.6,
        "COP": 91.17,
        "GS": 268.6,
        "JNJ": 147.38,
        "MSFT": 226.31,
        "NVDA": 12.12,
        "WMT": 41.52,
        "_CASH_": 1.0
      },
      "position_values": {
        "BAC": 9742.800000000001,
        "COP": 16228.26,
        "GS": 9938.2,
        "JNJ": 14738.0,
        "MSFT": 18104.8,
        "NVDA": 3199.68,
        "WMT": 6394.080000000001
      },
      "book_value": 98599.68000000002,
      "return_pct": -1.4003199999999778,
      "return_pct_with_cash_interest": -1.3207869473271712,
      "total_trades": 7,
      "sharpe_ratio": null,
      "sortino_ratio": null,
      "max_drawdown": 1320.7869473271712,
      "max_drawdown_pct": 1.3207869473271712,
      "calmar_ratio": -3.9214482703404725,
      "daily_metrics": {
        "trading_days": 64,
        "total_return_pct": -1.3195220031530188,
        "annualized_sharpe": -0.314873570024219,
        "annualized_sortino": -0.44190415042298714,
        "annualized_volatility": 0.1704252986262234,
        "max_drawdown_pct": 10.093812285492113,
        "calmar_ratio": -0.5126443333611763,
        "spy_return_pct": -5.926117785785124,
        "excess_return_pct": 4.606595782632105
      }
    }
  ]
}