{
  "run_name": "debate_1_round_no_macro_causal_out_rca_revise",
  "num_episodes": 1,
  "episode_summaries": [
    {
      "episode_id": "ep_000",
      "initial_cash": 100000.0,
      "final_cash": 25180.609999999993,
      "final_positions": {
        "JPM": 269,
        "RTX": 73,
        "WMT": 634
      },
      "final_prices": {
        "JPM": 161.96,
        "RTX": 80.44,
        "WMT": 51.44,
        "_CASH_": 1.0
      },
      "position_values": {
        "JPM": 43567.240000000005,
        "RTX": 5872.12,
        "WMT": 32612.96
      },
      "book_value": 107232.93,
      "return_pct": 7.2329299999999925,
      "return_pct_with_cash_interest": 7.561956356521231,
      "total_trades": 3,
      "sharpe_ratio": null,
      "sortino_ratio": null,
      "max_drawdown": 0.0,
      "max_drawdown_pct": 0.0,
      "calmar_ratio": null,
      "daily_metrics": {
        "trading_days": 63,
        "total_return_pct": 7.561956356521173,
        "annualized_sharpe": 2.733497418820214,
        "annualized_sortino": 3.67005410169597,
        "annualized_volatility": 0.08917321173372843,
        "max_drawdown_pct": 2.6780795560201365,
        "calmar_ratio": 12.641541211607493,
        "spy_return_pct": 11.684051763783549,
        "excess_return_pct": -4.122095407262376
      }
    }
  ]
}