{
  "run_name": "vote_no_macro_enriched",
  "num_episodes": 1,
  "episode_summaries": [
    {
      "episode_id": "ep_000",
      "initial_cash": 100000.0,
      "final_cash": 15183.27000000001,
      "final_positions": {
        "AAPL": 149,
        "AMD": 118,
        "MSFT": 83,
        "NVDA": 511
      },
      "final_prices": {
        "AAPL": 171.08,
        "AMD": 109.34,
        "MSFT": 298.25,
        "NVDA": 27.24,
        "_CASH_": 1.0
      },
      "position_values": {
        "AAPL": 25490.920000000002,
        "AMD": 12902.12,
        "MSFT": 24754.75,
        "NVDA": 13919.64
      },
      "book_value": 92250.70000000001,
      "return_pct": -7.749299999999988,
      "return_pct_with_cash_interest": -7.746643624946781,
      "total_trades": 4,
      "sharpe_ratio": null,
      "sortino_ratio": null,
      "max_drawdown": 7746.643624946781,
      "max_drawdown_pct": 7.746643624946781,
      "calmar_ratio": -3.5587406976239153,
      "daily_metrics": {
        "trading_days": 62,
        "total_return_pct": -7.746685793259924,
        "annualized_sharpe": -0.8234661340742295,
        "annualized_sortino": -1.1666228744776737,
        "annualized_volatility": 0.3326086754636702,
        "max_drawdown_pct": 19.00712511588792,
        "calmar_ratio": -1.4504259956122247,
        "spy_return_pct": -5.163593841839523,
        "excess_return_pct": -2.5830919514204007
      }
    }
  ]
}