{
  "run_name": "debate_1_round_no_macro_causal_out_rca_revise",
  "num_episodes": 1,
  "episode_summaries": [
    {
      "episode_id": "ep_000",
      "initial_cash": 100000.0,
      "final_cash": 18346.280000000006,
      "final_positions": {
        "CAT": 154,
        "COST": 45,
        "SLB": 547
      },
      "final_prices": {
        "CAT": 217.95,
        "COST": 477.71,
        "SLB": 45.16,
        "_CASH_": 1.0
      },
      "position_values": {
        "CAT": 33564.299999999996,
        "COST": 21496.95,
        "SLB": 24702.519999999997
      },
      "book_value": 98110.04999999999,
      "return_pct": -1.8899500000000118,
      "return_pct_with_cash_interest": -1.6944971587830366,
      "total_trades": 3,
      "sharpe_ratio": null,
      "sortino_ratio": null,
      "max_drawdown": 1694.4971587830369,
      "max_drawdown_pct": 1.6944971587830366,
      "calmar_ratio": -3.8994738332768315,
      "daily_metrics": {
        "trading_days": 62,
        "total_return_pct": -1.517105790070622,
        "annualized_sharpe": -0.44368368013234805,
        "annualized_sortino": -0.6004733680496251,
        "annualized_volatility": 0.19385366880584665,
        "max_drawdown_pct": 12.924448663132631,
        "calmar_ratio": -0.4589532701250365,
        "spy_return_pct": 7.9124952092378145,
        "excess_return_pct": -9.429600999308436
      }
    }
  ]
}