{
  "run_name": "debate_1_round_no_macro_causal_out",
  "num_episodes": 1,
  "episode_summaries": [
    {
      "episode_id": "ep_000",
      "initial_cash": 100000.0,
      "final_cash": 10806.209999999992,
      "final_positions": {
        "AMD": 169,
        "LLY": 60,
        "UNH": 59
      },
      "final_prices": {
        "AMD": 180.49,
        "LLY": 767.26,
        "UNH": 477.24,
        "_CASH_": 1.0
      },
      "position_values": {
        "AMD": 30502.81,
        "LLY": 46035.6,
        "UNH": 28157.16
      },
      "book_value": 115501.78,
      "return_pct": 15.501779999999998,
      "return_pct_with_cash_interest": 15.642981023490021,
      "total_trades": 3,
      "sharpe_ratio": null,
      "sortino_ratio": null,
      "max_drawdown": 0.0,
      "max_drawdown_pct": 0.0,
      "calmar_ratio": null,
      "daily_metrics": {
        "trading_days": 61,
        "total_return_pct": 15.638470221509895,
        "annualized_sharpe": 3.1006571827395684,
        "annualized_sortino": 5.636357280864774,
        "annualized_volatility": 0.1823090181019204,
        "max_drawdown_pct": 4.512197081037922,
        "calmar_ratio": 17.46759364361702,
        "spy_return_pct": 11.01140082307238,
        "excess_return_pct": 4.627069398437515
      },
      "mean_revisions_metrics": {
        "trading_days": 61,
        "total_return_pct": 15.73695734880802,
        "annualized_sharpe": 3.3171400215923463,
        "annualized_sortino": 5.893058384865109,
        "annualized_volatility": 0.1708850185050338,
        "max_drawdown_pct": 3.7773376380908434,
        "calmar_ratio": 21.027292903447783,
        "spy_return_pct": 11.01140082307238,
        "excess_return_pct": 4.725556525735639
      }
    }
  ]
}