{
  "run_name": "vote_causal_no_macro_causal_out_fix_scenario",
  "num_episodes": 1,
  "episode_summaries": [
    {
      "episode_id": "ep_000",
      "initial_cash": 100000.0,
      "final_cash": 8443.599999999993,
      "final_positions": {
        "AMD": 132,
        "AMZN": 125,
        "BAC": 188,
        "CAT": 59,
        "CVX": 139,
        "PG": 94,
        "RTX": 163
      },
      "final_prices": {
        "AMD": 113.91,
        "AMZN": 130.36,
        "BAC": 26.75,
        "CAT": 235.62,
        "CVX": 139.95,
        "PG": 141.44,
        "RTX": 92.32,
        "SLB": 0.0,
        "_CASH_": 1.0
      },
      "position_values": {
        "AMD": 15036.119999999999,
        "AMZN": 16295.000000000002,
        "BAC": 5029.0,
        "CAT": 13901.58,
        "CVX": 19453.05,
        "PG": 13295.36,
        "RTX": 15048.159999999998
      },
      "book_value": 106501.87,
      "return_pct": 6.501869999999996,
      "return_pct_with_cash_interest": 6.602030146381993,
      "total_trades": 7,
      "sharpe_ratio": null,
      "sortino_ratio": null,
      "max_drawdown": 0.0,
      "max_drawdown_pct": 0.0,
      "calmar_ratio": null,
      "daily_metrics": {
        "trading_days": 62,
        "total_return_pct": 6.600431059952913,
        "annualized_sharpe": 1.631817803128942,
        "annualized_sortino": 2.543158553037981,
        "annualized_volatility": 0.13594521238002555,
        "max_drawdown_pct": 4.485159927877428,
        "calmar_ratio": 6.495327930798686,
        "spy_return_pct": 8.26782495367423,
        "excess_return_pct": -1.667393893721317
      }
    }
  ]
}