{
  "run_name": "single_agent_slim",
  "num_episodes": 1,
  "episode_summaries": [
    {
      "episode_id": "ep_000",
      "initial_cash": 100000.0,
      "final_cash": 5202.9200000000055,
      "final_positions": {
        "AMZN": 119,
        "BAC": 1001,
        "MS": 408
      },
      "final_prices": {
        "AMZN": 163.0,
        "BAC": 37.21,
        "MS": 76.82,
        "_CASH_": 1.0
      },
      "position_values": {
        "AMZN": 19397.0,
        "BAC": 37247.21,
        "MS": 31342.559999999998
      },
      "book_value": 93189.69,
      "return_pct": -6.810309999999998,
      "return_pct_with_cash_interest": -6.809399727911601,
      "total_trades": 3,
      "sharpe_ratio": null,
      "sortino_ratio": null,
      "max_drawdown": 6809.399727911601,
      "max_drawdown_pct": 6.809399727911601,
      "calmar_ratio": -3.6096674484535725,
      "daily_metrics": {
        "trading_days": 62,
        "total_return_pct": -6.8145240779187155,
        "annualized_sharpe": -0.7848930354988204,
        "annualized_sortino": -1.0929278303456231,
        "annualized_volatility": 0.30709945611408435,
        "max_drawdown_pct": 20.019319662027062,
        "calmar_ratio": -1.2286259669889021,
        "spy_return_pct": -5.163593841839523,
        "excess_return_pct": -1.6509302360791924
      }
    }
  ]
}