{
  "run_name": "vote_no_macro_enriched",
  "num_episodes": 1,
  "episode_summaries": [
    {
      "episode_id": "ep_000",
      "initial_cash": 100000.0,
      "final_cash": 12565.389999999996,
      "final_positions": {
        "AAPL": 20,
        "AMZN": 22,
        "AVGO": 21,
        "BAC": 46,
        "BLK": 1,
        "CAT": 2,
        "COP": 21,
        "COST": 6,
        "CVX": 21,
        "DAL": 16,
        "GOOG": 26,
        "GS": 3,
        "HD": 2,
        "JNJ": 7,
        "JPM": 17,
        "LLY": 1,
        "META": 5,
        "MS": 16,
        "MSFT": 9,
        "NFLX": 33,
        "NVDA": 96,
        "OXY": 20,
        "PFE": 41,
        "PG": 18,
        "RTX": 8,
        "TSLA": 9,
        "UNH": 4,
        "WMT": 44,
        "XOM": 48
      },
      "final_prices": {
        "AAPL": 221.17,
        "AMD": 102.74,
        "AMT": 210.22,
        "AMZN": 190.26,
        "AVGO": 166.43,
        "BAC": 40.81,
        "BLK": 927.37,
        "CAT": 325.32,
        "COP": 101.54,
        "COST": 941.91,
        "CVX": 160.09,
        "DAL": 43.07,
        "DE": 464.63,
        "DIS": 97.62,
        "GOOG": 155.8,
        "GS": 535.2,
        "HD": 359.84,
        "JNJ": 161.34,
        "JPM": 240.37,
        "LLY": 819.84,
        "META": 575.06,
        "MS": 114.25,
        "MSFT": 372.54,
        "NFLX": 93.25,
        "NKE": 61.93,
        "NVDA": 108.36,
        "OXY": 48.54,
        "PFE": 23.63,
        "PG": 165.87,
        "PLD": 108.91,
        "RTX": 130.26,
        "TSLA": 259.16,
        "UNH": 513.35,
        "WMT": 87.2,
        "XOM": 114.98,
        "_CASH_": 1.0
      },
      "position_values": {
        "AAPL": 4423.4,
        "AMZN": 4185.719999999999,
        "AVGO": 3495.03,
        "BAC": 1877.2600000000002,
        "BLK": 927.37,
        "CAT": 650.64,
        "COP": 2132.34,
        "COST": 5651.46,
        "CVX": 3361.89,
        "DAL": 689.12,
        "GOOG": 4050.8,
        "GS": 1605.6000000000001,
        "HD": 719.68,
        "JNJ": 1129.38,
        "JPM": 4086.29,
        "LLY": 819.84,
        "META": 2875.2999999999997,
        "MS": 1828.0,
        "MSFT": 3352.86,
        "NFLX": 3077.25,
        "NVDA": 10402.56,
        "OXY": 970.8,
        "PFE": 968.8299999999999,
        "PG": 2985.66,
        "RTX": 1042.08,
        "TSLA": 2332.44,
        "UNH": 2053.4,
        "WMT": 3836.8,
        "XOM": 5519.04
      },
      "book_value": 93616.23,
      "return_pct": -6.383770000000004,
      "return_pct_with_cash_interest": -6.249904105851471,
      "total_trades": 29,
      "sharpe_ratio": null,
      "sortino_ratio": null,
      "max_drawdown": 6249.90410585147,
      "max_drawdown_pct": 6.249904105851471,
      "calmar_ratio": -3.6403861447942694,
      "daily_metrics": {
        "trading_days": 60,
        "total_return_pct": -6.256310891487578,
        "annualized_sharpe": -1.5732416046787279,
        "annualized_sortino": -1.9914245919699072,
        "annualized_volatility": 0.18821674654367163,
        "max_drawdown_pct": 11.77304025936377,
        "calmar_ratio": -1.934349821848088,
        "spy_return_pct": -4.031069434308774,
        "excess_return_pct": -2.2252414571788037
      }
    }
  ]
}