{
  "run_name": "debate_1_round_no_macro_causal_out",
  "num_episodes": 1,
  "episode_summaries": [
    {
      "episode_id": "ep_000",
      "initial_cash": 100000.0,
      "final_cash": 12674.959999999992,
      "final_positions": {
        "AMD": 61,
        "COP": 88,
        "COST": 41,
        "MSFT": 85,
        "NKE": 51,
        "PG": 87,
        "WMT": 252
      },
      "final_prices": {
        "AMD": 113.91,
        "COP": 95.29,
        "COST": 518.7,
        "MSFT": 333.39,
        "NKE": 104.61,
        "PG": 141.44,
        "WMT": 50.91,
        "_CASH_": 1.0
      },
      "position_values": {
        "AMD": 6948.51,
        "COP": 8385.52,
        "COST": 21266.7,
        "MSFT": 28338.149999999998,
        "NKE": 5335.11,
        "PG": 12305.28,
        "WMT": 12829.32
      },
      "book_value": 108083.54999999999,
      "return_pct": 8.083549999999988,
      "return_pct_with_cash_interest": 8.233903622742176,
      "total_trades": 7,
      "sharpe_ratio": null,
      "sortino_ratio": null,
      "max_drawdown": 0.0,
      "max_drawdown_pct": 0.0,
      "calmar_ratio": null,
      "daily_metrics": {
        "trading_days": 62,
        "total_return_pct": 8.231362982583349,
        "annualized_sharpe": 2.479602261063,
        "annualized_sortino": 4.219466474869877,
        "annualized_volatility": 0.11325806523948828,
        "max_drawdown_pct": 3.0044342328493943,
        "calmar_ratio": 12.387839949950521,
        "spy_return_pct": 8.26782495367423,
        "excess_return_pct": -0.03646197109088156
      },
      "mean_revisions_metrics": {
        "trading_days": 62,
        "total_return_pct": 8.280148210463375,
        "annualized_sharpe": 2.482050371987205,
        "annualized_sortino": 4.218941850905241,
        "annualized_volatility": 0.11391472201961451,
        "max_drawdown_pct": 3.0072648118762038,
        "calmar_ratio": 12.458504539469676,
        "spy_return_pct": 8.26782495367423,
        "excess_return_pct": 0.01232325678914492
      }
    }
  ]
}