{
  "run_name": "vote_causal_no_macro_causal_out_fix_scenario",
  "num_episodes": 1,
  "episode_summaries": [
    {
      "episode_id": "ep_000",
      "initial_cash": 100000.0,
      "final_cash": 3458.66999999999,
      "final_positions": {
        "AVGO": 60,
        "BLK": 14,
        "COST": 16,
        "DE": 4,
        "GS": 30,
        "MS": 106,
        "MSFT": 38,
        "NKE": 13,
        "PFE": 246
      },
      "final_prices": {
        "AVGO": 166.43,
        "BLK": 927.37,
        "COST": 941.91,
        "DE": 464.63,
        "GS": 535.2,
        "MS": 114.25,
        "MSFT": 372.54,
        "NKE": 61.93,
        "PFE": 23.63,
        "_CASH_": 1.0
      },
      "position_values": {
        "AVGO": 9985.800000000001,
        "BLK": 12983.18,
        "COST": 15070.56,
        "DE": 1858.52,
        "GS": 16056.000000000002,
        "MS": 12110.5,
        "MSFT": 14156.52,
        "NKE": 805.09,
        "PFE": 5812.98
      },
      "book_value": 92297.81999999999,
      "return_pct": -7.702180000000007,
      "return_pct_with_cash_interest": -7.665332918284694,
      "total_trades": 9,
      "sharpe_ratio": null,
      "sortino_ratio": null,
      "max_drawdown": 7665.332918284694,
      "max_drawdown_pct": 7.665332918284694,
      "calmar_ratio": -3.56313256191593,
      "daily_metrics": {
        "trading_days": 60,
        "total_return_pct": -7.667096409690552,
        "annualized_sharpe": -1.689183890096897,
        "annualized_sortino": -2.109992456742214,
        "annualized_volatility": 0.21036932468581052,
        "max_drawdown_pct": 13.935727080030436,
        "calmar_ratio": -1.9602960077693103,
        "spy_return_pct": -4.031069434308774,
        "excess_return_pct": -3.6360269753817773
      }
    }
  ]
}