{
  "run_name": "debate_slim_no_macro",
  "num_episodes": 1,
  "episode_summaries": [
    {
      "episode_id": "ep_000",
      "initial_cash": 100000.0,
      "final_cash": 17146.050000000003,
      "final_positions": {
        "AMZN": 271,
        "COP": 221,
        "CVX": 243
      },
      "final_prices": {
        "AMZN": 130.36,
        "COP": 95.29,
        "CVX": 139.95,
        "_CASH_": 1.0
      },
      "position_values": {
        "AMZN": 35327.560000000005,
        "COP": 21059.09,
        "CVX": 34007.85
      },
      "book_value": 107540.55,
      "return_pct": 7.540550000000003,
      "return_pct_with_cash_interest": 7.743940837779271,
      "total_trades": 3,
      "sharpe_ratio": null,
      "sortino_ratio": null,
      "max_drawdown": 0.0,
      "max_drawdown_pct": 0.0,
      "calmar_ratio": null,
      "daily_metrics": {
        "trading_days": 62,
        "total_return_pct": 7.73846864275969,
        "annualized_sharpe": 1.8142669446158588,
        "annualized_sortino": 3.0061806074967024,
        "annualized_volatility": 0.1469131264508222,
        "max_drawdown_pct": 5.290902138159779,
        "calmar_ratio": 6.565205219196478,
        "spy_return_pct": 8.26782495367423,
        "excess_return_pct": -0.5293563109145403
      }
    }
  ]
}