{
  "run_name": "debate_slim_no_macro",
  "num_episodes": 1,
  "episode_summaries": [
    {
      "episode_id": "ep_000",
      "initial_cash": 100000.0,
      "final_cash": 7414.589999999982,
      "final_positions": {
        "AAPL": 84,
        "AMD": 24,
        "AVGO": 91,
        "MSFT": 50,
        "NVDA": 201
      },
      "final_prices": {
        "AAPL": 221.17,
        "AMD": 102.74,
        "AVGO": 166.43,
        "MSFT": 372.54,
        "NVDA": 108.36,
        "_CASH_": 1.0
      },
      "position_values": {
        "AAPL": 18578.28,
        "AMD": 2465.7599999999998,
        "AVGO": 15145.130000000001,
        "MSFT": 18627.0,
        "NVDA": 21780.36
      },
      "book_value": 84011.11999999998,
      "return_pct": -15.98888000000002,
      "return_pct_with_cash_interest": -15.913668881890219,
      "total_trades": 5,
      "sharpe_ratio": null,
      "sortino_ratio": null,
      "max_drawdown": 15909.888363441598,
      "max_drawdown_pct": 15.909888363441599,
      "calmar_ratio": -3.1426293339918296,
      "daily_metrics": {
        "trading_days": 60,
        "total_return_pct": -15.913790481890262,
        "annualized_sharpe": -2.061729198832369,
        "annualized_sortino": -2.44005908096487,
        "annualized_volatility": 0.34433163319894183,
        "max_drawdown_pct": 18.78166915932448,
        "calmar_ratio": -2.6626047882633537,
        "spy_return_pct": -4.031069434308774,
        "excess_return_pct": -11.882721047581487
      }
    }
  ]
}