{
  "run_name": "debate_slim_no_macro",
  "num_episodes": 1,
  "episode_summaries": [
    {
      "episode_id": "ep_000",
      "initial_cash": 100000.0,
      "final_cash": 3936.600000000003,
      "final_positions": {
        "AAPL": 28,
        "AMZN": 41,
        "AVGO": 17,
        "BAC": 23,
        "BLK": 1,
        "CAT": 2,
        "COP": 10,
        "COST": 4,
        "CVX": 14,
        "DAL": 16,
        "DE": 2,
        "DIS": 9,
        "GOOG": 47,
        "GS": 3,
        "HD": 2,
        "JNJ": 14,
        "JPM": 12,
        "LLY": 3,
        "META": 10,
        "MS": 8,
        "MSFT": 21,
        "NFLX": 33,
        "NKE": 13,
        "NVDA": 67,
        "OXY": 20,
        "PFE": 41,
        "PG": 6,
        "PLD": 19,
        "RTX": 17,
        "TSLA": 4,
        "UNH": 6,
        "WMT": 33,
        "XOM": 29
      },
      "final_prices": {
        "AAPL": 221.17,
        "AMD": 102.74,
        "AMT": 210.22,
        "AMZN": 190.26,
        "AVGO": 166.43,
        "BAC": 40.81,
        "BLK": 927.37,
        "CAT": 325.32,
        "COP": 101.54,
        "COST": 941.91,
        "CVX": 160.09,
        "DAL": 43.07,
        "DE": 464.63,
        "DIS": 97.62,
        "GOOG": 155.8,
        "GS": 535.2,
        "HD": 359.84,
        "JNJ": 161.34,
        "JPM": 240.37,
        "LLY": 819.84,
        "META": 575.06,
        "MS": 114.25,
        "MSFT": 372.54,
        "NFLX": 93.25,
        "NKE": 61.93,
        "NVDA": 108.36,
        "OXY": 48.54,
        "PFE": 23.63,
        "PG": 165.87,
        "PLD": 108.91,
        "RTX": 130.26,
        "TSLA": 259.16,
        "UNH": 513.35,
        "WMT": 87.2,
        "XOM": 114.98,
        "_CASH_": 1.0
      },
      "position_values": {
        "AAPL": 6192.759999999999,
        "AMZN": 7800.66,
        "AVGO": 2829.31,
        "BAC": 938.6300000000001,
        "BLK": 927.37,
        "CAT": 650.64,
        "COP": 1015.4000000000001,
        "COST": 3767.64,
        "CVX": 2241.26,
        "DAL": 689.12,
        "DE": 929.26,
        "DIS": 878.58,
        "GOOG": 7322.6,
        "GS": 1605.6000000000001,
        "HD": 719.68,
        "JNJ": 2258.76,
        "JPM": 2884.44,
        "LLY": 2459.52,
        "META": 5750.599999999999,
        "MS": 914.0,
        "MSFT": 7823.34,
        "NFLX": 3077.25,
        "NKE": 805.09,
        "NVDA": 7260.12,
        "OXY": 970.8,
        "PFE": 968.8299999999999,
        "PG": 995.22,
        "PLD": 2069.29,
        "RTX": 2214.42,
        "TSLA": 1036.64,
        "UNH": 3080.1000000000004,
        "WMT": 2877.6,
        "XOM": 3334.42
      },
      "book_value": 93225.55,
      "return_pct": -6.774449999999997,
      "return_pct_with_cash_interest": -6.732511271563781,
      "total_trades": 33,
      "sharpe_ratio": null,
      "sortino_ratio": null,
      "max_drawdown": 6732.511271563781,
      "max_drawdown_pct": 6.732511271563781,
      "calmar_ratio": -3.6138748443422064,
      "daily_metrics": {
        "trading_days": 60,
        "total_return_pct": -6.734762647810218,
        "annualized_sharpe": -1.6679676140756603,
        "annualized_sortino": -2.1125489926587537,
        "annualized_volatility": 0.19017899752502765,
        "max_drawdown_pct": 11.97704439166024,
        "calmar_ratio": -2.0320338129373603,
        "spy_return_pct": -4.031069434308774,
        "excess_return_pct": -2.7036932135014435
      }
    }
  ]
}