{
  "run_name": "single_agent_slim",
  "num_episodes": 1,
  "episode_summaries": [
    {
      "episode_id": "ep_000",
      "initial_cash": 100000.0,
      "final_cash": 15381.960000000014,
      "final_positions": {
        "AMD": 81,
        "LLY": 57,
        "UNH": 79
      },
      "final_prices": {
        "AMD": 180.49,
        "LLY": 767.26,
        "UNH": 477.24,
        "_CASH_": 1.0
      },
      "position_values": {
        "AMD": 14619.69,
        "LLY": 43733.82,
        "UNH": 37701.96
      },
      "book_value": 111437.43000000002,
      "return_pct": 11.437430000000022,
      "return_pct_with_cash_interest": 11.638420772461657,
      "total_trades": 3,
      "sharpe_ratio": null,
      "sortino_ratio": null,
      "max_drawdown": 0.0,
      "max_drawdown_pct": 0.0,
      "calmar_ratio": null,
      "daily_metrics": {
        "trading_days": 61,
        "total_return_pct": 11.63194082966607,
        "annualized_sharpe": 2.948742190835252,
        "annualized_sortino": 4.817254356518327,
        "annualized_volatility": 0.13994663300804028,
        "max_drawdown_pct": 2.903550594335378,
        "calmar_ratio": 19.043485270267148,
        "spy_return_pct": 11.01140082307238,
        "excess_return_pct": 0.6205400065936892
      }
    }
  ]
}