{
  "run_name": "vote_no_macro_enriched",
  "num_episodes": 1,
  "episode_summaries": [
    {
      "episode_id": "ep_000",
      "initial_cash": 100000.0,
      "final_cash": 12273.950000000004,
      "final_positions": {
        "CAT": 120,
        "NVDA": 749,
        "TSLA": 42,
        "WMT": 611
      },
      "final_prices": {
        "CAT": 207.36,
        "NVDA": 27.24,
        "TSLA": 359.2,
        "WMT": 47.3,
        "_CASH_": 1.0
      },
      "position_values": {
        "CAT": 24883.2,
        "NVDA": 20402.76,
        "TSLA": 15086.4,
        "WMT": 28900.3
      },
      "book_value": 101546.61000000002,
      "return_pct": 1.5466100000000151,
      "return_pct_with_cash_interest": 1.5487573776455539,
      "total_trades": 4,
      "sharpe_ratio": null,
      "sortino_ratio": null,
      "max_drawdown": 0.0,
      "max_drawdown_pct": 0.0,
      "calmar_ratio": null,
      "daily_metrics": {
        "trading_days": 62,
        "total_return_pct": 1.5487232893518377,
        "annualized_sharpe": 0.37966257422966315,
        "annualized_sortino": 0.5619890078859213,
        "annualized_volatility": 0.23284925496826364,
        "max_drawdown_pct": 15.499180009837415,
        "calmar_ratio": 0.40907308698192857,
        "spy_return_pct": -5.163593841839523,
        "excess_return_pct": 6.7123171311913605
      }
    }
  ]
}