{
  "run_name": "debate_1_round_no_macro_causal_out",
  "num_episodes": 1,
  "episode_summaries": [
    {
      "episode_id": "ep_000",
      "initial_cash": 100000.0,
      "final_cash": 15208.639999999996,
      "final_positions": {
        "AMZN": 113,
        "BAC": 900,
        "MS": 350
      },
      "final_prices": {
        "AMZN": 163.0,
        "BAC": 37.21,
        "MS": 76.82,
        "_CASH_": 1.0
      },
      "position_values": {
        "AMZN": 18419.0,
        "BAC": 33489.0,
        "MS": 26886.999999999996
      },
      "book_value": 94003.64,
      "return_pct": -5.996360000000001,
      "return_pct_with_cash_interest": -5.993699186361759,
      "total_trades": 3,
      "sharpe_ratio": null,
      "sortino_ratio": null,
      "max_drawdown": 5993.699186361759,
      "max_drawdown_pct": 5.993699186361759,
      "calmar_ratio": -3.6545325005664493,
      "daily_metrics": {
        "trading_days": 62,
        "total_return_pct": -5.998333925134705,
        "annualized_sharpe": -0.7867707605218823,
        "annualized_sortino": -1.095322876725605,
        "annualized_volatility": 0.27353838425360094,
        "max_drawdown_pct": 17.94875601057813,
        "calmar_ratio": -1.2212305175586626,
        "spy_return_pct": -5.163593841839523,
        "excess_return_pct": -0.8347400832951823
      },
      "mean_revisions_metrics": {
        "trading_days": 62,
        "total_return_pct": -5.779380613732036,
        "annualized_sharpe": -0.7281240738114713,
        "annualized_sortino": -1.0214004823170573,
        "annualized_volatility": 0.28015606174166857,
        "max_drawdown_pct": 17.948517036080823,
        "calmar_ratio": -1.180573734587254,
        "spy_return_pct": -5.163593841839523,
        "excess_return_pct": -0.6157867718925125
      }
    }
  ]
}