{
  "run_name": "vote_causal_no_macro_causal_out_fix_scenario",
  "num_episodes": 1,
  "episode_summaries": [
    {
      "episode_id": "ep_000",
      "initial_cash": 100000.0,
      "final_cash": 7427.66,
      "final_positions": {
        "BAC": 353,
        "COP": 267,
        "GS": 29,
        "JNJ": 125,
        "MSFT": 80,
        "NVDA": 330,
        "WMT": 232
      },
      "final_prices": {
        "BAC": 27.6,
        "COP": 91.17,
        "GS": 268.6,
        "JNJ": 147.38,
        "MSFT": 226.31,
        "NVDA": 12.12,
        "WMT": 41.52,
        "_CASH_": 1.0
      },
      "position_values": {
        "BAC": 9742.800000000001,
        "COP": 24342.39,
        "GS": 7789.400000000001,
        "JNJ": 18422.5,
        "MSFT": 18104.8,
        "NVDA": 3999.6,
        "WMT": 9632.640000000001
      },
      "book_value": 99461.79000000001,
      "return_pct": -0.5382099999999919,
      "return_pct_with_cash_interest": -0.5090429931175604,
      "total_trades": 7,
      "sharpe_ratio": null,
      "sortino_ratio": null,
      "max_drawdown": 509.0429931175604,
      "max_drawdown_pct": 0.5090429931175604,
      "calmar_ratio": -3.969560938414825,
      "daily_metrics": {
        "trading_days": 64,
        "total_return_pct": -0.5085791025187063,
        "annualized_sharpe": -0.08571944592745447,
        "annualized_sortino": -0.12133555192364115,
        "annualized_volatility": 0.196069896277659,
        "max_drawdown_pct": 10.610280747473382,
        "calmar_ratio": -0.19027298590446248,
        "spy_return_pct": -5.926117785785124,
        "excess_return_pct": 5.417538683266417
      }
    }
  ]
}