{
  "run_name": "single_agent_slim",
  "num_episodes": 1,
  "episode_summaries": [
    {
      "episode_id": "ep_000",
      "initial_cash": 100000.0,
      "final_cash": 15424.679999999997,
      "final_positions": {
        "CAT": 198,
        "COST": 22,
        "SLB": 608
      },
      "final_prices": {
        "CAT": 0.0,
        "COST": 477.71,
        "SLB": 0.0,
        "_CASH_": 1.0
      },
      "position_values": {
        "CAT": 0.0,
        "COST": 10509.619999999999,
        "SLB": 0.0
      },
      "book_value": 25934.299999999996,
      "return_pct": -74.0657,
      "return_pct_with_cash_interest": -73.90137254337867,
      "total_trades": 3,
      "sharpe_ratio": null,
      "sortino_ratio": null,
      "max_drawdown": 73901.37254337867,
      "max_drawdown_pct": 73.90137254337867,
      "calmar_ratio": -1.3468768862548441,
      "daily_metrics": {
        "trading_days": 62,
        "total_return_pct": -3.0904223402984496,
        "annualized_sharpe": -0.6552405728100016,
        "annualized_sortino": -0.8591981494538314,
        "annualized_volatility": 0.22217226878625854,
        "max_drawdown_pct": 15.147976217994469,
        "calmar_ratio": -0.7790058323397189,
        "spy_return_pct": 7.9124952092378145,
        "excess_return_pct": -11.002917549536264
      }
    }
  ]
}