{
  "run_name": "vote_causal_no_macro_causal_out_fix_scenario",
  "num_episodes": 1,
  "episode_summaries": [
    {
      "episode_id": "ep_000",
      "initial_cash": 100000.0,
      "final_cash": 7712.249999999989,
      "final_positions": {
        "AMD": 102,
        "COP": 88,
        "COST": 37,
        "MSFT": 63,
        "NKE": 86,
        "PG": 87,
        "WMT": 357
      },
      "final_prices": {
        "AMD": 113.91,
        "COP": 95.29,
        "COST": 518.7,
        "MSFT": 333.39,
        "NKE": 104.61,
        "PG": 141.44,
        "WMT": 50.91,
        "_CASH_": 1.0
      },
      "position_values": {
        "AMD": 11618.82,
        "COP": 8385.52,
        "COST": 19191.9,
        "MSFT": 21003.57,
        "NKE": 8996.46,
        "PG": 12305.28,
        "WMT": 18174.87
      },
      "book_value": 107388.66999999998,
      "return_pct": 7.388669999999983,
      "return_pct_with_cash_interest": 7.480154685316025,
      "total_trades": 7,
      "sharpe_ratio": null,
      "sortino_ratio": null,
      "max_drawdown": 0.0,
      "max_drawdown_pct": 0.0,
      "calmar_ratio": null,
      "daily_metrics": {
        "trading_days": 62,
        "total_return_pct": 7.478694105194678,
        "annualized_sharpe": 2.1141219822992454,
        "annualized_sortino": 3.4578750988318077,
        "annualized_volatility": 0.11975776145572722,
        "max_drawdown_pct": 3.348394980062959,
        "calmar_ratio": 9.98719468475444,
        "spy_return_pct": 8.26782495367423,
        "excess_return_pct": -0.7891308484795525
      }
    }
  ]
}