{
  "run_name": "vote_causal_no_macro_causal_out_fix_scenario",
  "num_episodes": 1,
  "episode_summaries": [
    {
      "episode_id": "ep_000",
      "initial_cash": 100000.0,
      "final_cash": 12069.999999999987,
      "final_positions": {
        "AAPL": 58,
        "AMD": 15,
        "AMZN": 53,
        "BAC": 181,
        "COP": 98,
        "CVX": 88,
        "GS": 14,
        "PG": 51,
        "TSLA": 22,
        "UNH": 29,
        "WMT": 168,
        "XOM": 154
      },
      "final_prices": {
        "AAPL": 127.88,
        "AMD": 64.77,
        "AMZN": 84.0,
        "BAC": 30.44,
        "COP": 106.18,
        "CVX": 156.7,
        "GS": 316.79,
        "PG": 139.51,
        "TSLA": 123.18,
        "UNH": 501.9,
        "WMT": 45.57,
        "XOM": 98.83,
        "_CASH_": 1.0
      },
      "position_values": {
        "AAPL": 7417.04,
        "AMD": 971.55,
        "AMZN": 4452.0,
        "BAC": 5509.64,
        "COP": 10405.640000000001,
        "CVX": 13789.599999999999,
        "GS": 4435.06,
        "PG": 7115.009999999999,
        "TSLA": 2709.96,
        "UNH": 14555.099999999999,
        "WMT": 7655.76,
        "XOM": 15219.82
      },
      "book_value": 106306.17999999998,
      "return_pct": 6.306179999999978,
      "return_pct_with_cash_interest": 6.398064441609866,
      "total_trades": 12,
      "sharpe_ratio": null,
      "sortino_ratio": null,
      "max_drawdown": 0.0,
      "max_drawdown_pct": 0.0,
      "calmar_ratio": null,
      "daily_metrics": {
        "trading_days": 63,
        "total_return_pct": 6.398064441609866,
        "annualized_sharpe": 1.1605065769055358,
        "annualized_sortino": 1.7976519915202078,
        "annualized_volatility": 0.2056091529987393,
        "max_drawdown_pct": 7.276261871831655,
        "calmar_ratio": 3.8694057695363573,
        "spy_return_pct": 4.794232360106329,
        "excess_return_pct": 1.603832081503537
      }
    }
  ]
}