{
  "run_name": "debate_1_round_no_macro_causal_out_rca_revise",
  "num_episodes": 1,
  "episode_summaries": [
    {
      "episode_id": "ep_000",
      "initial_cash": 100000.0,
      "final_cash": 17717.289999999994,
      "final_positions": {
        "AAPL": 74,
        "BAC": 318,
        "COP": 165,
        "DAL": 106,
        "GS": 33,
        "RTX": 124,
        "UNH": 57
      },
      "final_prices": {
        "AAPL": 135.79,
        "BAC": 27.6,
        "COP": 91.17,
        "DAL": 27.22,
        "GS": 268.6,
        "RTX": 75.81,
        "UNH": 476.64,
        "_CASH_": 1.0
      },
      "position_values": {
        "AAPL": 10048.46,
        "BAC": 8776.800000000001,
        "COP": 15043.050000000001,
        "DAL": 2885.3199999999997,
        "GS": 8863.800000000001,
        "RTX": 9400.44,
        "UNH": 27168.48
      },
      "book_value": 99903.64,
      "return_pct": -0.09636000000000058,
      "return_pct_with_cash_interest": -0.026787574852904072,
      "total_trades": 7,
      "sharpe_ratio": null,
      "sortino_ratio": null,
      "max_drawdown": 26.787574852904072,
      "max_drawdown_pct": 0.026787574852904072,
      "calmar_ratio": -3.99839303251929,
      "daily_metrics": {
        "trading_days": 64,
        "total_return_pct": -0.025681050824059637,
        "annualized_sharpe": -0.005436919988738189,
        "annualized_sortino": -0.007756032854536677,
        "annualized_volatility": 0.17869752955790735,
        "max_drawdown_pct": 9.515923683456268,
        "calmar_ratio": -0.010790822047769844,
        "spy_return_pct": -5.926117785785124,
        "excess_return_pct": 5.9004367349610645
      }
    }
  ]
}