{
  "run_name": "debate_1_round_no_macro_causal_out",
  "num_episodes": 1,
  "episode_summaries": [
    {
      "episode_id": "ep_000",
      "initial_cash": 100000.0,
      "final_cash": 21429.629999999994,
      "final_positions": {
        "AMZN": 18,
        "BAC": 214,
        "CAT": 57,
        "COST": 40,
        "DAL": 52,
        "GS": 10,
        "JPM": 97,
        "RTX": 187
      },
      "final_prices": {
        "AMZN": 106.21,
        "BAC": 28.26,
        "CAT": 167.16,
        "COST": 458.38,
        "DAL": 28.11,
        "GS": 270.2,
        "JPM": 102.29,
        "RTX": 88.49,
        "_CASH_": 1.0
      },
      "position_values": {
        "AMZN": 1911.78,
        "BAC": 6047.64,
        "CAT": 9528.119999999999,
        "COST": 18335.2,
        "DAL": 1461.72,
        "GS": 2702.0,
        "JPM": 9922.130000000001,
        "RTX": 16547.629999999997
      },
      "book_value": 87885.84999999999,
      "return_pct": -12.114150000000008,
      "return_pct_with_cash_interest": -12.096492391542444,
      "total_trades": 8,
      "sharpe_ratio": null,
      "sortino_ratio": null,
      "max_drawdown": 12096.492391542444,
      "max_drawdown_pct": 12.096492391542444,
      "calmar_ratio": -3.330970486979207,
      "daily_metrics": {
        "trading_days": 62,
        "total_return_pct": -12.096597184649568,
        "annualized_sharpe": -2.2960784129143343,
        "annualized_sortino": -2.881509329660394,
        "annualized_volatility": 0.21910398153369126,
        "max_drawdown_pct": 15.630668073362495,
        "calmar_ratio": -2.5778388791963467,
        "spy_return_pct": -16.347338773929817,
        "excess_return_pct": 4.250741589280249
      },
      "mean_revisions_metrics": {
        "trading_days": 62,
        "total_return_pct": -14.128514269763501,
        "annualized_sharpe": -2.4187343340744794,
        "annualized_sortino": -3.0209543643017343,
        "annualized_volatility": 0.2447660886992544,
        "max_drawdown_pct": 17.387788460812768,
        "calmar_ratio": -2.623992177718475,
        "spy_return_pct": -16.347338773929817,
        "excess_return_pct": 2.2188245041663155
      }
    }
  ]
}