{
  "run_name": "vote_causal_no_macro_causal_out_fix_scenario",
  "num_episodes": 1,
  "episode_summaries": [
    {
      "episode_id": "ep_000",
      "initial_cash": 100000.0,
      "final_cash": 6270.870000000001,
      "final_positions": {
        "AAPL": 39,
        "AMZN": 41,
        "AVGO": 25,
        "CAT": 12,
        "DE": 11,
        "META": 13,
        "MSFT": 32,
        "NKE": 43,
        "NVDA": 94,
        "TSLA": 12,
        "UNH": 12,
        "WMT": 92
      },
      "final_prices": {
        "AAPL": 254.15,
        "AMZN": 219.57,
        "AVGO": 329.28,
        "CAT": 474.67,
        "DE": 455.68,
        "META": 733.78,
        "MSFT": 515.81,
        "NKE": 68.83,
        "NVDA": 186.57,
        "TSLA": 444.72,
        "UNH": 342.99,
        "WMT": 102.85,
        "_CASH_": 1.0
      },
      "position_values": {
        "AAPL": 9911.85,
        "AMZN": 9002.369999999999,
        "AVGO": 8232.0,
        "CAT": 5696.04,
        "DE": 5012.4800000000005,
        "META": 9539.14,
        "MSFT": 16505.92,
        "NKE": 2959.69,
        "NVDA": 17537.579999999998,
        "TSLA": 5336.64,
        "UNH": 4115.88,
        "WMT": 9462.199999999999
      },
      "book_value": 109582.65999999999,
      "return_pct": 9.582659999999988,
      "return_pct_with_cash_interest": 9.649466968955139,
      "total_trades": 12,
      "sharpe_ratio": null,
      "sortino_ratio": null,
      "max_drawdown": 0.0,
      "max_drawdown_pct": 0.0,
      "calmar_ratio": null,
      "daily_metrics": {
        "trading_days": 64,
        "total_return_pct": 9.65053311540281,
        "annualized_sharpe": 2.69841225959902,
        "annualized_sortino": 4.008102889499118,
        "annualized_volatility": 0.12151783305574278,
        "max_drawdown_pct": 3.0726024017240117,
        "calmar_ratio": 14.501806659104611,
        "spy_return_pct": 8.156218975304325,
        "excess_return_pct": 1.494314140098485
      }
    }
  ]
}