{
  "run_name": "vote_no_macro_enriched",
  "num_episodes": 1,
  "episode_summaries": [
    {
      "episode_id": "ep_000",
      "initial_cash": 100000.0,
      "final_cash": 13334.359999999993,
      "final_positions": {
        "AAPL": 94,
        "AMD": 145,
        "AMZN": 42,
        "BAC": 632,
        "MSFT": 55,
        "TSLA": 50
      },
      "final_prices": {
        "AAPL": 173.76,
        "AMD": 143.9,
        "AMZN": 166.72,
        "BAC": 39.96,
        "MSFT": 324.68,
        "SLB": 0.0,
        "TSLA": 352.26,
        "_CASH_": 1.0
      },
      "position_values": {
        "AAPL": 16333.439999999999,
        "AMD": 20865.5,
        "AMZN": 7002.24,
        "BAC": 25254.72,
        "MSFT": 17857.4,
        "TSLA": 17613.0
      },
      "book_value": 118260.66,
      "return_pct": 18.260660000000005,
      "return_pct_with_cash_interest": 18.262659704122793,
      "total_trades": 6,
      "sharpe_ratio": null,
      "sortino_ratio": null,
      "max_drawdown": 0.0,
      "max_drawdown_pct": 0.0,
      "calmar_ratio": null,
      "daily_metrics": {
        "trading_days": 64,
        "total_return_pct": 18.26269144787587,
        "annualized_sharpe": 3.257234350979372,
        "annualized_sortino": 5.094458195270493,
        "annualized_volatility": 0.2094885316784666,
        "max_drawdown_pct": 8.139908622365075,
        "calmar_ratio": 11.745831055402718,
        "spy_return_pct": 9.761579016803571,
        "excess_return_pct": 8.501112431072299
      }
    }
  ]
}