{
  "run_name": "debate_1_round_no_macro_causal_out_rca_revise",
  "num_episodes": 1,
  "episode_summaries": [
    {
      "episode_id": "ep_000",
      "initial_cash": 100000.0,
      "final_cash": 15919.429999999997,
      "final_positions": {
        "AAPL": 13,
        "AMD": 19,
        "AMT": 23,
        "AMZN": 26,
        "AVGO": 24,
        "BAC": 24,
        "BLK": 1,
        "CAT": 3,
        "COP": 19,
        "COST": 5,
        "CVX": 18,
        "DE": 2,
        "GOOG": 38,
        "GS": 1,
        "HD": 2,
        "JNJ": 18,
        "JPM": 8,
        "LLY": 2,
        "META": 5,
        "MS": 8,
        "MSFT": 18,
        "NFLX": 10,
        "NKE": 16,
        "NVDA": 55,
        "OXY": 20,
        "PFE": 42,
        "PG": 12,
        "PLD": 27,
        "RTX": 15,
        "TSLA": 3,
        "UNH": 9,
        "WMT": 45,
        "XOM": 17
      },
      "final_prices": {
        "AAPL": 204.55,
        "AMD": 141.9,
        "AMT": 216.98,
        "AMZN": 219.39,
        "AVGO": 274.65,
        "BAC": 46.55,
        "BLK": 1033.51,
        "CAT": 384.78,
        "COP": 87.51,
        "COST": 987.17,
        "CVX": 138.69,
        "DAL": 48.73,
        "DE": 504.97,
        "DIS": 123.18,
        "GOOG": 177.12,
        "GS": 696.84,
        "HD": 362.23,
        "JNJ": 149.88,
        "JPM": 285.83,
        "LLY": 775.39,
        "META": 736.99,
        "MS": 139.04,
        "MSFT": 494.54,
        "NFLX": 133.91,
        "NKE": 69.76,
        "NVDA": 157.97,
        "OXY": 41.55,
        "PFE": 23.03,
        "PG": 156.03,
        "PLD": 103.39,
        "RTX": 144.33,
        "TSLA": 317.66,
        "UNH": 307.94,
        "WMT": 97.35,
        "XOM": 105.18,
        "_CASH_": 1.0
      },
      "position_values": {
        "AAPL": 2659.15,
        "AMD": 2696.1,
        "AMT": 4990.54,
        "AMZN": 5704.139999999999,
        "AVGO": 6591.599999999999,
        "BAC": 1117.1999999999998,
        "BLK": 1033.51,
        "CAT": 1154.34,
        "COP": 1662.69,
        "COST": 4935.849999999999,
        "CVX": 2496.42,
        "DE": 1009.94,
        "GOOG": 6730.56,
        "GS": 696.84,
        "HD": 724.46,
        "JNJ": 2697.84,
        "JPM": 2286.64,
        "LLY": 1550.78,
        "META": 3684.95,
        "MS": 1112.32,
        "MSFT": 8901.720000000001,
        "NFLX": 1339.1,
        "NKE": 1116.16,
        "NVDA": 8688.35,
        "OXY": 831.0,
        "PFE": 967.26,
        "PG": 1872.3600000000001,
        "PLD": 2791.53,
        "RTX": 2164.9500000000003,
        "TSLA": 952.98,
        "UNH": 2771.46,
        "WMT": 4380.75,
        "XOM": 1788.0600000000002
      },
      "book_value": 110020.98,
      "return_pct": 10.020979999999996,
      "return_pct_with_cash_interest": 10.1905782958973,
      "total_trades": 33,
      "sharpe_ratio": null,
      "sortino_ratio": null,
      "max_drawdown": 0.0,
      "max_drawdown_pct": 0.0,
      "calmar_ratio": null,
      "daily_metrics": {
        "trading_days": 62,
        "total_return_pct": 10.187872197850258,
        "annualized_sharpe": 1.5586335822607635,
        "annualized_sortino": 2.544398402626614,
        "annualized_volatility": 0.2446205847423086,
        "max_drawdown_pct": 9.215385192185718,
        "calmar_ratio": 5.1449609537098775,
        "spy_return_pct": 10.465185277889864,
        "excess_return_pct": -0.2773130800396064
      }
    }
  ]
}