{
  "run_name": "debate_1_round_no_macro_causal_out",
  "num_episodes": 1,
  "episode_summaries": [
    {
      "episode_id": "ep_000",
      "initial_cash": 100000.0,
      "final_cash": 20351.83999999999,
      "final_positions": {
        "AAPL": 88,
        "AMD": 31,
        "CAT": 77,
        "COP": 263,
        "GS": 22,
        "JPM": 146,
        "MS": 141
      },
      "final_prices": {
        "AAPL": 127.88,
        "AMD": 64.77,
        "CAT": 227.08,
        "COP": 106.18,
        "GS": 316.79,
        "JPM": 123.99,
        "MS": 76.82,
        "_CASH_": 1.0
      },
      "position_values": {
        "AAPL": 11253.439999999999,
        "AMD": 2007.87,
        "CAT": 17485.16,
        "COP": 27925.34,
        "GS": 6969.38,
        "JPM": 18102.54,
        "MS": 10831.619999999999
      },
      "book_value": 114927.19,
      "return_pct": 14.927190000000001,
      "return_pct_with_cash_interest": 15.082121023540502,
      "total_trades": 7,
      "sharpe_ratio": null,
      "sortino_ratio": null,
      "max_drawdown": 0.0,
      "max_drawdown_pct": 0.0,
      "calmar_ratio": null,
      "daily_metrics": {
        "trading_days": 63,
        "total_return_pct": 15.08274682354048,
        "annualized_sharpe": 2.4479160930905572,
        "annualized_sortino": 4.41944165194699,
        "annualized_volatility": 0.22776704409735457,
        "max_drawdown_pct": 7.831511057379141,
        "calmar_ratio": 9.62835375211523,
        "spy_return_pct": 4.794232360106329,
        "excess_return_pct": 10.28851446343415
      },
      "mean_revisions_metrics": {
        "trading_days": 63,
        "total_return_pct": 15.127807596990579,
        "annualized_sharpe": 2.3998155902450993,
        "annualized_sortino": 4.311167474293878,
        "annualized_volatility": 0.23352597432936162,
        "max_drawdown_pct": 7.881358290283318,
        "calmar_ratio": 9.60233462995176,
        "spy_return_pct": 4.794232360106329,
        "excess_return_pct": 10.33357523688425
      }
    }
  ]
}