{
  "run_name": "debate_1_round_no_macro_causal_out_rca_revise",
  "num_episodes": 1,
  "episode_summaries": [
    {
      "episode_id": "ep_000",
      "initial_cash": 100000.0,
      "final_cash": 17705.329999999994,
      "final_positions": {
        "AMZN": 30,
        "BAC": 322,
        "CAT": 53,
        "COST": 36,
        "DAL": 26,
        "GS": 16,
        "JPM": 105,
        "RTX": 176
      },
      "final_prices": {
        "AMZN": 106.21,
        "BAC": 28.26,
        "CAT": 167.16,
        "COST": 458.38,
        "DAL": 28.11,
        "GS": 270.2,
        "JPM": 102.29,
        "RTX": 88.49,
        "_CASH_": 1.0
      },
      "position_values": {
        "AMZN": 3186.2999999999997,
        "BAC": 9099.720000000001,
        "CAT": 8859.48,
        "COST": 16501.68,
        "DAL": 730.86,
        "GS": 4323.2,
        "JPM": 10740.45,
        "RTX": 15574.24
      },
      "book_value": 86721.26000000001,
      "return_pct": -13.278739999999992,
      "return_pct_with_cash_interest": -13.264151144067728,
      "total_trades": 8,
      "sharpe_ratio": null,
      "sortino_ratio": null,
      "max_drawdown": 13264.151144067728,
      "max_drawdown_pct": 13.264151144067728,
      "calmar_ratio": -3.2721923492663487,
      "daily_metrics": {
        "trading_days": 62,
        "total_return_pct": -13.264382807073169,
        "annualized_sharpe": -2.41899483835479,
        "annualized_sortino": -3.0308351436225527,
        "annualized_volatility": 0.22944661706281588,
        "max_drawdown_pct": 16.23225421265258,
        "calmar_ratio": -2.6739020954180606,
        "spy_return_pct": -16.347338773929817,
        "excess_return_pct": 3.082955966856648
      }
    }
  ]
}