{
  "run_name": "vote_causal_no_macro_causal_out_fix_scenario",
  "num_episodes": 1,
  "episode_summaries": [
    {
      "episode_id": "ep_000",
      "initial_cash": 100000.0,
      "final_cash": 6394.309999999992,
      "final_positions": {
        "AAPL": 40,
        "BLK": 8,
        "COST": 11,
        "DAL": 46,
        "DIS": 71,
        "JPM": 41,
        "LLY": 10,
        "META": 13,
        "NVDA": 64,
        "RTX": 69,
        "UNH": 13,
        "WMT": 114
      },
      "final_prices": {
        "AAPL": 204.55,
        "BLK": 1033.51,
        "COST": 987.17,
        "DAL": 48.73,
        "DIS": 123.18,
        "JPM": 285.83,
        "LLY": 775.39,
        "META": 736.99,
        "NVDA": 157.97,
        "RTX": 144.33,
        "UNH": 307.94,
        "WMT": 97.35,
        "_CASH_": 1.0
      },
      "position_values": {
        "AAPL": 8182.0,
        "BLK": 8268.08,
        "COST": 10858.869999999999,
        "DAL": 2241.58,
        "DIS": 8745.78,
        "JPM": 11719.029999999999,
        "LLY": 7753.9,
        "META": 9580.87,
        "NVDA": 10110.08,
        "RTX": 9958.77,
        "UNH": 4003.22,
        "WMT": 11097.9
      },
      "book_value": 108914.39,
      "return_pct": 8.91439,
      "return_pct_with_cash_interest": 8.98251204202279,
      "total_trades": 12,
      "sharpe_ratio": null,
      "sortino_ratio": null,
      "max_drawdown": 0.0,
      "max_drawdown_pct": 0.0,
      "calmar_ratio": null,
      "daily_metrics": {
        "trading_days": 62,
        "total_return_pct": 8.981425091685814,
        "annualized_sharpe": 1.2154992834761147,
        "annualized_sortino": 1.890401868762749,
        "annualized_volatility": 0.2855250857383331,
        "max_drawdown_pct": 10.464277478891747,
        "calmar_ratio": 3.924013434839478,
        "spy_return_pct": 10.465185277889864,
        "excess_return_pct": -1.4837601862040497
      }
    }
  ]
}