{
  "run_name": "single_agent_slim",
  "num_episodes": 1,
  "episode_summaries": [
    {
      "episode_id": "ep_000",
      "initial_cash": 100000.0,
      "final_cash": 27324.330000000005,
      "final_positions": {
        "AMD": 51,
        "AMZN": 87,
        "BAC": 264,
        "CAT": 50,
        "CVX": 97,
        "PG": 65,
        "RTX": 119,
        "SLB": 155
      },
      "final_prices": {
        "AMD": 113.91,
        "AMZN": 130.36,
        "BAC": 26.75,
        "CAT": 235.62,
        "CVX": 139.95,
        "PG": 141.44,
        "RTX": 92.32,
        "SLB": 45.76,
        "_CASH_": 1.0
      },
      "position_values": {
        "AMD": 5809.41,
        "AMZN": 11341.320000000002,
        "BAC": 7062.0,
        "CAT": 11781.0,
        "CVX": 13575.15,
        "PG": 9193.6,
        "RTX": 10986.08,
        "SLB": 7092.799999999999
      },
      "book_value": 104165.69,
      "return_pct": 4.165690000000002,
      "return_pct_with_cash_interest": 4.4898182027322475,
      "total_trades": 8,
      "sharpe_ratio": null,
      "sortino_ratio": null,
      "max_drawdown": 0.0,
      "max_drawdown_pct": 0.0,
      "calmar_ratio": null,
      "daily_metrics": {
        "trading_days": 62,
        "total_return_pct": 4.484150499889074,
        "annualized_sharpe": 1.2282517000217437,
        "annualized_sortino": 1.8993548538887999,
        "annualized_volatility": 0.11180083241434775,
        "max_drawdown_pct": 4.346334087264901,
        "calmar_ratio": 4.412805938220682,
        "spy_return_pct": 8.26782495367423,
        "excess_return_pct": -3.7836744537851565
      }
    }
  ]
}