{
  "run_name": "vote_causal_no_macro_causal_out_fix_scenario",
  "num_episodes": 1,
  "episode_summaries": [
    {
      "episode_id": "ep_000",
      "initial_cash": 100000.0,
      "final_cash": 22116.38,
      "final_positions": {
        "CAT": 233,
        "COST": 57
      },
      "final_prices": {
        "CAT": 217.95,
        "COST": 477.71,
        "SLB": 0.0,
        "_CASH_": 1.0
      },
      "position_values": {
        "CAT": 50782.35,
        "COST": 27229.469999999998
      },
      "book_value": 100128.2,
      "return_pct": 0.1281999999999971,
      "return_pct_with_cash_interest": 0.36381775512169406,
      "total_trades": 2,
      "sharpe_ratio": null,
      "sortino_ratio": null,
      "max_drawdown": 0.0,
      "max_drawdown_pct": 0.0,
      "calmar_ratio": null,
      "daily_metrics": {
        "trading_days": 62,
        "total_return_pct": 0.36005825539556097,
        "annualized_sharpe": -0.0672177646977475,
        "annualized_sortino": -0.09362418338272056,
        "annualized_volatility": 0.17891475650895125,
        "max_drawdown_pct": 10.796913200519642,
        "calmar_ratio": 0.13411520494743087,
        "spy_return_pct": 7.9124952092378145,
        "excess_return_pct": -7.552436953842253
      }
    }
  ]
}