{
  "run_name": "single_agent_slim",
  "num_episodes": 1,
  "episode_summaries": [
    {
      "episode_id": "ep_000",
      "initial_cash": 100000.0,
      "final_cash": 4578.109999999988,
      "final_positions": {
        "AAPL": 59,
        "CAT": 23,
        "COP": 191,
        "COST": 26,
        "DAL": 35,
        "GS": 22,
        "JPM": 78,
        "MS": 59,
        "NVDA": 132,
        "RTX": 113,
        "UNH": 37,
        "WMT": 206
      },
      "final_prices": {
        "AAPL": 135.79,
        "CAT": 154.5,
        "COP": 91.17,
        "COST": 452.46,
        "DAL": 27.22,
        "GS": 268.6,
        "JPM": 95.76,
        "MS": 70.71,
        "NVDA": 12.12,
        "RTX": 75.81,
        "UNH": 476.64,
        "WMT": 41.52,
        "_CASH_": 1.0
      },
      "position_values": {
        "AAPL": 8011.61,
        "CAT": 3553.5,
        "COP": 17413.47,
        "COST": 11763.96,
        "DAL": 952.6999999999999,
        "GS": 5909.200000000001,
        "JPM": 7469.280000000001,
        "MS": 4171.889999999999,
        "NVDA": 1599.84,
        "RTX": 8566.53,
        "UNH": 17635.68,
        "WMT": 8553.12
      },
      "book_value": 100178.88999999998,
      "return_pct": 0.17888999999998487,
      "return_pct_with_cash_interest": 0.1968673664759117,
      "total_trades": 12,
      "sharpe_ratio": null,
      "sortino_ratio": null,
      "max_drawdown": 0.0,
      "max_drawdown_pct": 0.0,
      "calmar_ratio": null,
      "daily_metrics": {
        "trading_days": 64,
        "total_return_pct": 0.19903218992816984,
        "annualized_sharpe": 0.06122352766265061,
        "annualized_sortino": 0.08462177210756557,
        "annualized_volatility": 0.2025381185729541,
        "max_drawdown_pct": 11.221919987881101,
        "calmar_ratio": 0.07115616085941144,
        "spy_return_pct": -5.926117785785124,
        "excess_return_pct": 6.125149975713294
      }
    }
  ]
}