{
  "run_name": "debate_1_round_no_macro_causal_out_rca_revise",
  "num_episodes": 1,
  "episode_summaries": [
    {
      "episode_id": "ep_000",
      "initial_cash": 100000.0,
      "final_cash": 9147.240000000018,
      "final_positions": {
        "AAPL": 45,
        "BLK": 7,
        "COST": 13,
        "DAL": 23,
        "DIS": 20,
        "JPM": 41,
        "LLY": 9,
        "META": 13,
        "NVDA": 73,
        "RTX": 69,
        "UNH": 9,
        "WMT": 149
      },
      "final_prices": {
        "AAPL": 204.55,
        "BLK": 1033.51,
        "COST": 987.17,
        "DAL": 48.73,
        "DIS": 123.18,
        "JPM": 285.83,
        "LLY": 775.39,
        "META": 736.99,
        "NVDA": 157.97,
        "RTX": 144.33,
        "UNH": 307.94,
        "WMT": 97.35,
        "_CASH_": 1.0
      },
      "position_values": {
        "AAPL": 9204.75,
        "BLK": 7234.57,
        "COST": 12833.21,
        "DAL": 1120.79,
        "DIS": 2463.6000000000004,
        "JPM": 11719.029999999999,
        "LLY": 6978.51,
        "META": 9580.87,
        "NVDA": 11531.81,
        "RTX": 9958.77,
        "UNH": 2771.46,
        "WMT": 14505.15
      },
      "book_value": 109049.76000000002,
      "return_pct": 9.049760000000024,
      "return_pct_with_cash_interest": 9.147210493903607,
      "total_trades": 12,
      "sharpe_ratio": null,
      "sortino_ratio": null,
      "max_drawdown": 0.0,
      "max_drawdown_pct": 0.0,
      "calmar_ratio": null,
      "daily_metrics": {
        "trading_days": 62,
        "total_return_pct": 9.14565558092622,
        "annualized_sharpe": 1.2782626567202298,
        "annualized_sortino": 1.998169727779814,
        "annualized_volatility": 0.273802115126881,
        "max_drawdown_pct": 10.117182237739279,
        "calmar_ratio": 4.142871655334058,
        "spy_return_pct": 10.465185277889864,
        "excess_return_pct": -1.3195296969636434
      }
    }
  ]
}