{
  "run_name": "vote_no_macro_enriched",
  "num_episodes": 1,
  "episode_summaries": [
    {
      "episode_id": "ep_000",
      "initial_cash": 100000.0,
      "final_cash": 12387.150000000014,
      "final_positions": {
        "AMD": 153,
        "AMZN": 96,
        "BAC": 188,
        "CAT": 55,
        "CVX": 104,
        "PG": 137,
        "RTX": 130
      },
      "final_prices": {
        "AMD": 113.91,
        "AMZN": 130.36,
        "BAC": 26.75,
        "CAT": 235.62,
        "CVX": 139.95,
        "PG": 141.44,
        "RTX": 92.32,
        "SLB": 0.0,
        "_CASH_": 1.0
      },
      "position_values": {
        "AMD": 17428.23,
        "AMZN": 12514.560000000001,
        "BAC": 5029.0,
        "CAT": 12959.1,
        "CVX": 14554.8,
        "PG": 19377.28,
        "RTX": 12001.599999999999
      },
      "book_value": 106251.72,
      "return_pct": 6.251720000000001,
      "return_pct_with_cash_interest": 6.398659546787604,
      "total_trades": 7,
      "sharpe_ratio": null,
      "sortino_ratio": null,
      "max_drawdown": 0.0,
      "max_drawdown_pct": 0.0,
      "calmar_ratio": null,
      "daily_metrics": {
        "trading_days": 62,
        "total_return_pct": 6.396313613363483,
        "annualized_sharpe": 1.639954798219655,
        "annualized_sortino": 2.5440093006380686,
        "annualized_volatility": 0.1300471127043928,
        "max_drawdown_pct": 3.840585827295785,
        "calmar_ratio": 7.328666969084505,
        "spy_return_pct": 8.26782495367423,
        "excess_return_pct": -1.8715113403107475
      }
    }
  ]
}