{
  "run_name": "debate_slim_no_macro",
  "num_episodes": 1,
  "episode_summaries": [
    {
      "episode_id": "ep_000",
      "initial_cash": 100000.0,
      "final_cash": 5689.499999999993,
      "final_positions": {
        "AMZN": 55,
        "BAC": 295,
        "CAT": 62,
        "COST": 36,
        "DAL": 130,
        "GS": 23,
        "JPM": 105,
        "RTX": 187
      },
      "final_prices": {
        "AMZN": 106.21,
        "BAC": 28.26,
        "CAT": 167.16,
        "COST": 458.38,
        "DAL": 28.11,
        "GS": 270.2,
        "JPM": 102.29,
        "RTX": 88.49,
        "_CASH_": 1.0
      },
      "position_values": {
        "AMZN": 5841.549999999999,
        "BAC": 8336.7,
        "CAT": 10363.92,
        "COST": 16501.68,
        "DAL": 3654.2999999999997,
        "GS": 6214.599999999999,
        "JPM": 10740.45,
        "RTX": 16547.629999999997
      },
      "book_value": 83890.32999999999,
      "return_pct": -16.109670000000012,
      "return_pct_with_cash_interest": -16.104981959967613,
      "total_trades": 8,
      "sharpe_ratio": null,
      "sortino_ratio": null,
      "max_drawdown": 16104.981959967612,
      "max_drawdown_pct": 16.104981959967613,
      "calmar_ratio": -3.1332721036538405,
      "daily_metrics": {
        "trading_days": 62,
        "total_return_pct": -16.10518740346399,
        "annualized_sharpe": -2.4794186362468813,
        "annualized_sortino": -3.078334816540759,
        "annualized_volatility": 0.2738339280849533,
        "max_drawdown_pct": 19.33229806521751,
        "calmar_ratio": -2.610231632981007,
        "spy_return_pct": -16.347338773929817,
        "excess_return_pct": 0.2421513704658267
      }
    }
  ]
}