{
  "run_name": "vote_causal_no_macro_causal_out_fix_scenario",
  "num_episodes": 1,
  "episode_summaries": [
    {
      "episode_id": "ep_000",
      "initial_cash": 100000.0,
      "final_cash": 7774.380000000012,
      "final_positions": {
        "BAC": 349,
        "CAT": 76,
        "GS": 9,
        "JPM": 189,
        "NKE": 65,
        "TSLA": 47,
        "WMT": 326
      },
      "final_prices": {
        "BAC": 31.91,
        "CAT": 286.0,
        "GS": 367.18,
        "JPM": 161.96,
        "NKE": 103.6,
        "TSLA": 248.48,
        "WMT": 51.44,
        "_CASH_": 1.0
      },
      "position_values": {
        "BAC": 11136.59,
        "CAT": 21736.0,
        "GS": 3304.62,
        "JPM": 30610.440000000002,
        "NKE": 6734.0,
        "TSLA": 11678.56,
        "WMT": 16769.44
      },
      "book_value": 109744.03,
      "return_pct": 9.744029999999999,
      "return_pct_with_cash_interest": 9.845615145300762,
      "total_trades": 7,
      "sharpe_ratio": null,
      "sortino_ratio": null,
      "max_drawdown": 0.0,
      "max_drawdown_pct": 0.0,
      "calmar_ratio": null,
      "daily_metrics": {
        "trading_days": 63,
        "total_return_pct": 9.845615145300748,
        "annualized_sharpe": 2.1768549797872168,
        "annualized_sortino": 3.42335071781386,
        "annualized_volatility": 0.1541883420635461,
        "max_drawdown_pct": 7.949043964669336,
        "calmar_ratio": 5.735253700409432,
        "spy_return_pct": 11.684051763783549,
        "excess_return_pct": -1.8384366184828007
      }
    }
  ]
}