{
  "run_name": "vote_no_macro_enriched",
  "num_episodes": 1,
  "episode_summaries": [
    {
      "episode_id": "ep_000",
      "initial_cash": 100000.0,
      "final_cash": 15946.63000000002,
      "final_positions": {
        "BAC": 233,
        "CAT": 83,
        "GS": 22,
        "JPM": 145,
        "NKE": 65,
        "TSLA": 23,
        "WMT": 346
      },
      "final_prices": {
        "BAC": 31.91,
        "CAT": 286.0,
        "GS": 367.18,
        "JPM": 161.96,
        "NKE": 103.6,
        "TSLA": 248.48,
        "WMT": 51.44,
        "_CASH_": 1.0
      },
      "position_values": {
        "BAC": 7435.03,
        "CAT": 23738.0,
        "GS": 8077.96,
        "JPM": 23484.2,
        "NKE": 6734.0,
        "TSLA": 5715.04,
        "WMT": 17798.239999999998
      },
      "book_value": 108929.10000000002,
      "return_pct": 8.92910000000002,
      "return_pct_with_cash_interest": 9.13746912083117,
      "total_trades": 7,
      "sharpe_ratio": null,
      "sortino_ratio": null,
      "max_drawdown": 0.0,
      "max_drawdown_pct": 0.0,
      "calmar_ratio": null,
      "daily_metrics": {
        "trading_days": 63,
        "total_return_pct": 9.137469120831142,
        "annualized_sharpe": 2.2657400118438322,
        "annualized_sortino": 3.6112736148857763,
        "annualized_volatility": 0.13553349242933288,
        "max_drawdown_pct": 6.541236120621156,
        "calmar_ratio": 6.40117777418369,
        "spy_return_pct": 11.684051763783549,
        "excess_return_pct": -2.5465826429524068
      }
    }
  ]
}