{
  "run_name": "debate_1_round_no_macro_causal_out",
  "num_episodes": 1,
  "episode_summaries": [
    {
      "episode_id": "ep_000",
      "initial_cash": 100000.0,
      "final_cash": 7777.849999999989,
      "final_positions": {
        "AAPL": 51,
        "AMD": 20,
        "AMZN": 17,
        "BAC": 75,
        "CAT": 5,
        "COP": 48,
        "COST": 18,
        "CVX": 30,
        "DE": 3,
        "GS": 5,
        "JNJ": 26,
        "JPM": 28,
        "MS": 23,
        "MSFT": 40,
        "NKE": 6,
        "NVDA": 272,
        "PG": 20,
        "TSLA": 8,
        "UNH": 21,
        "WMT": 43,
        "XOM": 113
      },
      "final_prices": {
        "AAPL": 171.08,
        "AMD": 109.34,
        "AMZN": 163.0,
        "BAC": 37.21,
        "CAT": 207.36,
        "COP": 86.37,
        "COST": 549.84,
        "CVX": 138.66,
        "DE": 394.54,
        "GS": 298.46,
        "JNJ": 157.81,
        "JPM": 122.91,
        "MS": 76.82,
        "MSFT": 298.25,
        "NKE": 125.7,
        "NVDA": 27.24,
        "PG": 137.99,
        "TSLA": 359.2,
        "UNH": 478.08,
        "WMT": 47.3,
        "XOM": 71.97,
        "_CASH_": 1.0
      },
      "position_values": {
        "AAPL": 8725.08,
        "AMD": 2186.8,
        "AMZN": 2771.0,
        "BAC": 2790.75,
        "CAT": 1036.8000000000002,
        "COP": 4145.76,
        "COST": 9897.12,
        "CVX": 4159.8,
        "DE": 1183.6200000000001,
        "GS": 1492.3,
        "JNJ": 4103.06,
        "JPM": 3441.48,
        "MS": 1766.86,
        "MSFT": 11930.0,
        "NKE": 754.2,
        "NVDA": 7409.28,
        "PG": 2759.8,
        "TSLA": 2873.6,
        "UNH": 10039.68,
        "WMT": 2033.8999999999999,
        "XOM": 8132.61
      },
      "book_value": 101411.34999999999,
      "return_pct": 1.4113499999999912,
      "return_pct_with_cash_interest": 1.4127107666008232,
      "total_trades": 21,
      "sharpe_ratio": null,
      "sortino_ratio": null,
      "max_drawdown": 0.0,
      "max_drawdown_pct": 0.0,
      "calmar_ratio": null,
      "daily_metrics": {
        "trading_days": 62,
        "total_return_pct": 1.4115619652715832,
        "annualized_sharpe": 0.3939999631694881,
        "annualized_sortino": 0.5717564766309339,
        "annualized_volatility": 0.18606351105998167,
        "max_drawdown_pct": 8.652192910596584,
        "calmar_ratio": 0.6665278202428593,
        "spy_return_pct": -5.163593841839523,
        "excess_return_pct": 6.5751558071111065
      },
      "mean_revisions_metrics": {
        "trading_days": 62,
        "total_return_pct": 1.948188186250758,
        "annualized_sharpe": 0.5132139250942398,
        "annualized_sortino": 0.7468631754381075,
        "annualized_volatility": 0.1838727262070055,
        "max_drawdown_pct": 8.44609503700535,
        "calmar_ratio": 0.949959838020857,
        "spy_return_pct": -5.163593841839523,
        "excess_return_pct": 7.111782028090281
      }
    }
  ]
}