{
  "run_name": "vote_no_macro_enriched",
  "num_episodes": 1,
  "episode_summaries": [
    {
      "episode_id": "ep_000",
      "initial_cash": 100000.0,
      "final_cash": 7799.230000000012,
      "final_positions": {
        "AAPL": 57,
        "AMZN": 24,
        "BAC": 237,
        "CVX": 118,
        "DE": 18,
        "JPM": 68,
        "MS": 118,
        "NVDA": 580,
        "PG": 64,
        "UNH": 19,
        "XOM": 179
      },
      "final_prices": {
        "AAPL": 173.76,
        "AMZN": 166.72,
        "BAC": 39.96,
        "CVX": 98.89,
        "DE": 324.8,
        "JPM": 141.93,
        "MS": 85.68,
        "NVDA": 29.35,
        "PG": 146.93,
        "SLB": 0.0,
        "UNH": 469.35,
        "XOM": 52.73,
        "_CASH_": 1.0
      },
      "position_values": {
        "AAPL": 9904.32,
        "AMZN": 4001.2799999999997,
        "BAC": 9470.52,
        "CVX": 11669.02,
        "DE": 5846.400000000001,
        "JPM": 9651.24,
        "MS": 10110.240000000002,
        "NVDA": 17023.0,
        "PG": 9403.52,
        "UNH": 8917.65,
        "XOM": 9438.67
      },
      "book_value": 113235.09000000001,
      "return_pct": 13.23509000000001,
      "return_pct_with_cash_interest": 13.236259621368095,
      "total_trades": 11,
      "sharpe_ratio": null,
      "sortino_ratio": null,
      "max_drawdown": 0.0,
      "max_drawdown_pct": 0.0,
      "calmar_ratio": null,
      "daily_metrics": {
        "trading_days": 64,
        "total_return_pct": 13.236278188200798,
        "annualized_sharpe": 2.9775051005395343,
        "annualized_sortino": 4.704586401888234,
        "annualized_volatility": 0.16906847428289903,
        "max_drawdown_pct": 4.671459187214561,
        "calmar_ratio": 13.78912710109891,
        "spy_return_pct": 9.761579016803571,
        "excess_return_pct": 3.4746991713972264
      }
    }
  ]
}