{
  "run_name": "vote_no_macro_enriched",
  "num_episodes": 1,
  "episode_summaries": [
    {
      "episode_id": "ep_000",
      "initial_cash": 100000.0,
      "final_cash": 19189.189999999984,
      "final_positions": {
        "AVGO": 52,
        "BLK": 10,
        "COST": 16,
        "DE": 11,
        "GS": 25,
        "MS": 81,
        "MSFT": 26,
        "NKE": 27,
        "PFE": 123
      },
      "final_prices": {
        "AVGO": 166.43,
        "BLK": 927.37,
        "COST": 941.91,
        "DE": 464.63,
        "GS": 535.2,
        "MS": 114.25,
        "MSFT": 372.54,
        "NKE": 61.93,
        "PFE": 23.63,
        "_CASH_": 1.0
      },
      "position_values": {
        "AVGO": 8654.36,
        "BLK": 9273.7,
        "COST": 15070.56,
        "DE": 5110.93,
        "GS": 13380.000000000002,
        "MS": 9254.25,
        "MSFT": 9686.04,
        "NKE": 1672.11,
        "PFE": 2906.49
      },
      "book_value": 94197.62999999999,
      "return_pct": -5.8023700000000105,
      "return_pct_with_cash_interest": -5.597937182766647,
      "total_trades": 9,
      "sharpe_ratio": null,
      "sortino_ratio": null,
      "max_drawdown": 5597.937182766647,
      "max_drawdown_pct": 5.597937182766647,
      "calmar_ratio": -3.676483107313246,
      "daily_metrics": {
        "trading_days": 60,
        "total_return_pct": -5.607721282333805,
        "annualized_sharpe": -1.562492955796929,
        "annualized_sortino": -1.9470777327970967,
        "annualized_volatility": 0.17275739122164363,
        "max_drawdown_pct": 11.887176474959112,
        "calmar_ratio": -1.7341074541378854,
        "spy_return_pct": -4.031069434308774,
        "excess_return_pct": -1.5766518480250307
      }
    }
  ]
}