{
  "run_name": "single_agent_slim",
  "num_episodes": 1,
  "episode_summaries": [
    {
      "episode_id": "ep_000",
      "initial_cash": 100000.0,
      "final_cash": 4348.919999999997,
      "final_positions": {
        "BAC": 424,
        "COP": 356,
        "GS": 29,
        "JNJ": 113,
        "MSFT": 88,
        "NVDA": 264,
        "WMT": 103
      },
      "final_prices": {
        "BAC": 27.6,
        "COP": 91.17,
        "GS": 268.6,
        "JNJ": 147.38,
        "MSFT": 226.31,
        "NVDA": 12.12,
        "WMT": 41.52,
        "_CASH_": 1.0
      },
      "position_values": {
        "BAC": 11702.400000000001,
        "COP": 32456.52,
        "GS": 7789.400000000001,
        "JNJ": 16653.94,
        "MSFT": 19915.28,
        "NVDA": 3199.68,
        "WMT": 4276.56
      },
      "book_value": 100342.7,
      "return_pct": 0.34269999999999706,
      "return_pct_with_cash_interest": 0.35977738097477413,
      "total_trades": 7,
      "sharpe_ratio": null,
      "sortino_ratio": null,
      "max_drawdown": 0.0,
      "max_drawdown_pct": 0.0,
      "calmar_ratio": null,
      "daily_metrics": {
        "trading_days": 64,
        "total_return_pct": 0.3604380904861464,
        "annualized_sharpe": 0.09911884285885354,
        "annualized_sortino": 0.14297173761863183,
        "annualized_volatility": 0.21542342653037697,
        "max_drawdown_pct": 11.323136749988874,
        "calmar_ratio": 0.12801806411665967,
        "spy_return_pct": -5.926117785785124,
        "excess_return_pct": 6.2865558762712705
      }
    }
  ]
}