{
  "run_name": "vote_no_macro_enriched",
  "num_episodes": 1,
  "episode_summaries": [
    {
      "episode_id": "ep_000",
      "initial_cash": 100000.0,
      "final_cash": 10158.42999999999,
      "final_positions": {
        "AAPL": 34,
        "AMD": 34,
        "AMZN": 5,
        "BAC": 125,
        "CAT": 15,
        "COP": 48,
        "COST": 11,
        "CVX": 60,
        "DE": 9,
        "GS": 5,
        "JNJ": 26,
        "JPM": 28,
        "MS": 23,
        "MSFT": 24,
        "NKE": 12,
        "NVDA": 238,
        "PG": 34,
        "TSLA": 8,
        "UNH": 14,
        "WMT": 65,
        "XOM": 132
      },
      "final_prices": {
        "AAPL": 171.08,
        "AMD": 109.34,
        "AMZN": 163.0,
        "BAC": 37.21,
        "CAT": 207.36,
        "COP": 86.37,
        "COST": 549.84,
        "CVX": 138.66,
        "DE": 394.54,
        "GS": 298.46,
        "JNJ": 157.81,
        "JPM": 122.91,
        "MS": 76.82,
        "MSFT": 298.25,
        "NKE": 125.7,
        "NVDA": 27.24,
        "PG": 137.99,
        "TSLA": 359.2,
        "UNH": 478.08,
        "WMT": 47.3,
        "XOM": 71.97,
        "_CASH_": 1.0
      },
      "position_values": {
        "AAPL": 5816.72,
        "AMD": 3717.56,
        "AMZN": 815.0,
        "BAC": 4651.25,
        "CAT": 3110.4,
        "COP": 4145.76,
        "COST": 6048.240000000001,
        "CVX": 8319.6,
        "DE": 3550.86,
        "GS": 1492.3,
        "JNJ": 4103.06,
        "JPM": 3441.48,
        "MS": 1766.86,
        "MSFT": 7158.0,
        "NKE": 1508.4,
        "NVDA": 6483.12,
        "PG": 4691.66,
        "TSLA": 2873.6,
        "UNH": 6693.12,
        "WMT": 3074.5,
        "XOM": 9500.039999999999
      },
      "book_value": 103119.95999999999,
      "return_pct": 3.119959999999992,
      "return_pct_with_cash_interest": 3.1217372587875722,
      "total_trades": 21,
      "sharpe_ratio": null,
      "sortino_ratio": null,
      "max_drawdown": 0.0,
      "max_drawdown_pct": 0.0,
      "calmar_ratio": null,
      "daily_metrics": {
        "trading_days": 62,
        "total_return_pct": 3.121709045902113,
        "annualized_sharpe": 0.8341546948466654,
        "annualized_sortino": 1.2309759112062513,
        "annualized_volatility": 0.16503656869750835,
        "max_drawdown_pct": 7.129421683123746,
        "calmar_ratio": 1.8351844342346677,
        "spy_return_pct": -5.163593841839523,
        "excess_return_pct": 8.285302887741636
      }
    }
  ]
}