{
  "run_name": "vote_no_macro_enriched",
  "num_episodes": 1,
  "episode_summaries": [
    {
      "episode_id": "ep_000",
      "initial_cash": 100000.0,
      "final_cash": 22397.87999999999,
      "final_positions": {
        "AAPL": 66,
        "CAT": 64,
        "COP": 361,
        "GS": 22,
        "JPM": 73,
        "MS": 183
      },
      "final_prices": {
        "AAPL": 127.88,
        "AMD": 64.77,
        "CAT": 227.08,
        "COP": 106.18,
        "GS": 316.79,
        "JPM": 123.99,
        "MS": 76.82,
        "_CASH_": 1.0
      },
      "position_values": {
        "AAPL": 8440.08,
        "CAT": 14533.12,
        "COP": 38330.98,
        "GS": 6969.38,
        "JPM": 9051.27,
        "MS": 14058.06
      },
      "book_value": 113780.76999999999,
      "return_pct": 13.78076999999999,
      "return_pct_with_cash_interest": 13.951276768603579,
      "total_trades": 6,
      "sharpe_ratio": null,
      "sortino_ratio": null,
      "max_drawdown": 0.0,
      "max_drawdown_pct": 0.0,
      "calmar_ratio": null,
      "daily_metrics": {
        "trading_days": 63,
        "total_return_pct": 13.951276768603579,
        "annualized_sharpe": 2.244845046645261,
        "annualized_sortino": 3.899270636594481,
        "annualized_volatility": 0.23107446598654705,
        "max_drawdown_pct": 8.829874477868243,
        "calmar_ratio": 7.769924565299375,
        "spy_return_pct": 4.794232360106329,
        "excess_return_pct": 9.15704440849725
      }
    }
  ]
}