{
  "run_name": "debate_1_round_no_macro_causal_out_rca_revise",
  "num_episodes": 1,
  "episode_summaries": [
    {
      "episode_id": "ep_000",
      "initial_cash": 100000.0,
      "final_cash": 9262.020000000004,
      "final_positions": {
        "AAPL": 28,
        "AMD": 8,
        "AMT": 5,
        "AMZN": 31,
        "AVGO": 13,
        "BAC": 46,
        "BLK": 1,
        "CAT": 2,
        "COP": 21,
        "COST": 3,
        "CVX": 21,
        "DAL": 16,
        "DE": 2,
        "DIS": 18,
        "GOOG": 36,
        "GS": 5,
        "HD": 2,
        "JNJ": 14,
        "JPM": 12,
        "LLY": 2,
        "META": 8,
        "MS": 16,
        "MSFT": 16,
        "NFLX": 22,
        "NKE": 13,
        "NVDA": 59,
        "OXY": 20,
        "PFE": 41,
        "PG": 12,
        "PLD": 9,
        "RTX": 8,
        "TSLA": 4,
        "UNH": 6,
        "WMT": 33,
        "XOM": 29
      },
      "final_prices": {
        "AAPL": 221.17,
        "AMD": 102.74,
        "AMT": 210.22,
        "AMZN": 190.26,
        "AVGO": 166.43,
        "BAC": 40.81,
        "BLK": 927.37,
        "CAT": 325.32,
        "COP": 101.54,
        "COST": 941.91,
        "CVX": 160.09,
        "DAL": 43.07,
        "DE": 464.63,
        "DIS": 97.62,
        "GOOG": 155.8,
        "GS": 535.2,
        "HD": 359.84,
        "JNJ": 161.34,
        "JPM": 240.37,
        "LLY": 819.84,
        "META": 575.06,
        "MS": 114.25,
        "MSFT": 372.54,
        "NFLX": 93.25,
        "NKE": 61.93,
        "NVDA": 108.36,
        "OXY": 48.54,
        "PFE": 23.63,
        "PG": 165.87,
        "PLD": 108.91,
        "RTX": 130.26,
        "TSLA": 259.16,
        "UNH": 513.35,
        "WMT": 87.2,
        "XOM": 114.98,
        "_CASH_": 1.0
      },
      "position_values": {
        "AAPL": 6192.759999999999,
        "AMD": 821.92,
        "AMT": 1051.1,
        "AMZN": 5898.0599999999995,
        "AVGO": 2163.59,
        "BAC": 1877.2600000000002,
        "BLK": 927.37,
        "CAT": 650.64,
        "COP": 2132.34,
        "COST": 2825.73,
        "CVX": 3361.89,
        "DAL": 689.12,
        "DE": 929.26,
        "DIS": 1757.16,
        "GOOG": 5608.8,
        "GS": 2676.0,
        "HD": 719.68,
        "JNJ": 2258.76,
        "JPM": 2884.44,
        "LLY": 1639.68,
        "META": 4600.48,
        "MS": 1828.0,
        "MSFT": 5960.64,
        "NFLX": 2051.5,
        "NKE": 805.09,
        "NVDA": 6393.24,
        "OXY": 970.8,
        "PFE": 968.8299999999999,
        "PG": 1990.44,
        "PLD": 980.1899999999999,
        "RTX": 1042.08,
        "TSLA": 1036.64,
        "UNH": 3080.1000000000004,
        "WMT": 2877.6,
        "XOM": 3334.42
      },
      "book_value": 94247.63,
      "return_pct": -5.7523699999999955,
      "return_pct_with_cash_interest": -5.653696692691461,
      "total_trades": 35,
      "sharpe_ratio": null,
      "sortino_ratio": null,
      "max_drawdown": 5653.696692691461,
      "max_drawdown_pct": 5.653696692691461,
      "calmar_ratio": -3.673383196575991,
      "daily_metrics": {
        "trading_days": 60,
        "total_return_pct": -5.658419170600769,
        "annualized_sharpe": -1.604344522748148,
        "annualized_sortino": -2.0414591377258366,
        "annualized_volatility": 0.16995890964025223,
        "max_drawdown_pct": 11.128101761697842,
        "calmar_ratio": -1.867709101450046,
        "spy_return_pct": -4.031069434308774,
        "excess_return_pct": -1.627349736291995
      }
    }
  ]
}