{
  "run_name": "debate_slim_no_macro",
  "num_episodes": 1,
  "episode_summaries": [
    {
      "episode_id": "ep_000",
      "initial_cash": 100000.0,
      "final_cash": 3720.090000000011,
      "final_positions": {
        "AAPL": 31,
        "AMD": 15,
        "AMZN": 35,
        "BAC": 131,
        "CAT": 22,
        "COP": 56,
        "COST": 11,
        "CVX": 57,
        "GS": 9,
        "JNJ": 24,
        "JPM": 56,
        "MS": 39,
        "MSFT": 25,
        "NKE": 18,
        "NVDA": 136,
        "PG": 21,
        "RTX": 31,
        "SLB": 101,
        "UNH": 13,
        "WMT": 87,
        "XOM": 121
      },
      "final_prices": {
        "AAPL": 162.55,
        "AMD": 98.01,
        "AMZN": 103.29,
        "BAC": 26.46,
        "CAT": 217.95,
        "COP": 90.23,
        "COST": 477.71,
        "CVX": 143.71,
        "GS": 303.94,
        "JNJ": 141.75,
        "JPM": 121.37,
        "MS": 79.97,
        "MSFT": 281.63,
        "NKE": 115.86,
        "NVDA": 27.75,
        "PG": 137.73,
        "RTX": 91.73,
        "SLB": 45.16,
        "TSLA": 207.46,
        "UNH": 448.98,
        "WMT": 47.58,
        "XOM": 99.01,
        "_CASH_": 1.0
      },
      "position_values": {
        "AAPL": 5039.05,
        "AMD": 1470.15,
        "AMZN": 3615.15,
        "BAC": 3466.26,
        "CAT": 4794.9,
        "COP": 5052.88,
        "COST": 5254.8099999999995,
        "CVX": 8191.47,
        "GS": 2735.46,
        "JNJ": 3402.0,
        "JPM": 6796.72,
        "MS": 3118.83,
        "MSFT": 7040.75,
        "NKE": 2085.48,
        "NVDA": 3774.0,
        "PG": 2892.33,
        "RTX": 2843.63,
        "SLB": 4561.16,
        "UNH": 5836.74,
        "WMT": 4139.46,
        "XOM": 11980.210000000001
      },
      "book_value": 101811.53000000001,
      "return_pct": 1.8115300000000132,
      "return_pct_with_cash_interest": 1.8511621303328576,
      "total_trades": 21,
      "sharpe_ratio": null,
      "sortino_ratio": null,
      "max_drawdown": 0.0,
      "max_drawdown_pct": 0.0,
      "calmar_ratio": null,
      "daily_metrics": {
        "trading_days": 62,
        "total_return_pct": 1.8843833629501168,
        "annualized_sharpe": 0.2854080642630164,
        "annualized_sortino": 0.4109963107675959,
        "annualized_volatility": 0.1633779817611899,
        "max_drawdown_pct": 8.279683371858448,
        "calmar_ratio": 0.9364218720986226,
        "spy_return_pct": 7.9124952092378145,
        "excess_return_pct": -6.028111846287698
      }
    }
  ]
}