{
  "run_name": "vote_causal_no_macro_causal_out_fix_scenario",
  "num_episodes": 1,
  "episode_summaries": [
    {
      "episode_id": "ep_000",
      "initial_cash": 100000.0,
      "final_cash": 6462.700000000005,
      "final_positions": {
        "AAPL": 32,
        "AMT": 5,
        "AMZN": 31,
        "AVGO": 17,
        "BAC": 46,
        "BLK": 1,
        "CAT": 2,
        "COP": 10,
        "COST": 4,
        "CVX": 14,
        "DAL": 16,
        "DE": 2,
        "DIS": 9,
        "GOOG": 36,
        "GS": 3,
        "HD": 2,
        "JNJ": 14,
        "JPM": 12,
        "LLY": 2,
        "META": 6,
        "MS": 16,
        "MSFT": 23,
        "NFLX": 22,
        "NKE": 13,
        "NVDA": 67,
        "OXY": 20,
        "PFE": 82,
        "PG": 6,
        "PLD": 9,
        "RTX": 8,
        "TSLA": 7,
        "UNH": 8,
        "WMT": 33,
        "XOM": 29
      },
      "final_prices": {
        "AAPL": 221.17,
        "AMD": 102.74,
        "AMT": 210.22,
        "AMZN": 190.26,
        "AVGO": 166.43,
        "BAC": 40.81,
        "BLK": 927.37,
        "CAT": 325.32,
        "COP": 101.54,
        "COST": 941.91,
        "CVX": 160.09,
        "DAL": 43.07,
        "DE": 464.63,
        "DIS": 97.62,
        "GOOG": 155.8,
        "GS": 535.2,
        "HD": 359.84,
        "JNJ": 161.34,
        "JPM": 240.37,
        "LLY": 819.84,
        "META": 575.06,
        "MS": 114.25,
        "MSFT": 372.54,
        "NFLX": 93.25,
        "NKE": 61.93,
        "NVDA": 108.36,
        "OXY": 48.54,
        "PFE": 23.63,
        "PG": 165.87,
        "PLD": 108.91,
        "RTX": 130.26,
        "TSLA": 259.16,
        "UNH": 513.35,
        "WMT": 87.2,
        "XOM": 114.98,
        "_CASH_": 1.0
      },
      "position_values": {
        "AAPL": 7077.44,
        "AMT": 1051.1,
        "AMZN": 5898.0599999999995,
        "AVGO": 2829.31,
        "BAC": 1877.2600000000002,
        "BLK": 927.37,
        "CAT": 650.64,
        "COP": 1015.4000000000001,
        "COST": 3767.64,
        "CVX": 2241.26,
        "DAL": 689.12,
        "DE": 929.26,
        "DIS": 878.58,
        "GOOG": 5608.8,
        "GS": 1605.6000000000001,
        "HD": 719.68,
        "JNJ": 2258.76,
        "JPM": 2884.44,
        "LLY": 1639.68,
        "META": 3450.3599999999997,
        "MS": 1828.0,
        "MSFT": 8568.42,
        "NFLX": 2051.5,
        "NKE": 805.09,
        "NVDA": 7260.12,
        "OXY": 970.8,
        "PFE": 1937.6599999999999,
        "PG": 995.22,
        "PLD": 980.1899999999999,
        "RTX": 1042.08,
        "TSLA": 1814.1200000000001,
        "UNH": 4106.8,
        "WMT": 2877.6,
        "XOM": 3334.42
      },
      "book_value": 93034.48000000001,
      "return_pct": -6.965519999999989,
      "return_pct_with_cash_interest": -6.896669362326691,
      "total_trades": 34,
      "sharpe_ratio": null,
      "sortino_ratio": null,
      "max_drawdown": 6896.669362326691,
      "max_drawdown_pct": 6.896669362326691,
      "calmar_ratio": -3.604897424063088,
      "daily_metrics": {
        "trading_days": 60,
        "total_return_pct": -6.899964535300255,
        "annualized_sharpe": -1.7947246436927518,
        "annualized_sortino": -2.2635227925688475,
        "annualized_volatility": 0.18175401379851397,
        "max_drawdown_pct": 11.68694664384685,
        "calmar_ratio": -2.128222466672673,
        "spy_return_pct": -4.031069434308774,
        "excess_return_pct": -2.868895100991481
      }
    }
  ]
}