{
  "run_name": "vote_no_macro_enriched",
  "num_episodes": 1,
  "episode_summaries": [
    {
      "episode_id": "ep_000",
      "initial_cash": 100000.0,
      "final_cash": 9943.650000000018,
      "final_positions": {
        "AAPL": 36,
        "AMD": 40,
        "AMZN": 19,
        "BAC": 113,
        "CAT": 13,
        "COP": 44,
        "COST": 18,
        "CVX": 34,
        "GS": 3,
        "JNJ": 21,
        "JPM": 41,
        "MS": 12,
        "MSFT": 31,
        "NKE": 8,
        "NVDA": 252,
        "PG": 29,
        "RTX": 21,
        "TSLA": 14,
        "UNH": 13,
        "WMT": 105,
        "XOM": 90
      },
      "final_prices": {
        "AAPL": 191.46,
        "AMD": 113.91,
        "AMZN": 130.36,
        "BAC": 26.75,
        "CAT": 235.62,
        "COP": 95.29,
        "COST": 518.7,
        "CVX": 139.95,
        "GS": 301.98,
        "JNJ": 152.51,
        "JPM": 136.53,
        "MS": 78.46,
        "MSFT": 333.39,
        "NKE": 104.61,
        "NVDA": 42.27,
        "PG": 141.44,
        "RTX": 92.32,
        "SLB": 0.0,
        "TSLA": 261.77,
        "UNH": 458.5,
        "WMT": 50.91,
        "XOM": 97.68,
        "_CASH_": 1.0
      },
      "position_values": {
        "AAPL": 6892.56,
        "AMD": 4556.4,
        "AMZN": 2476.84,
        "BAC": 3022.75,
        "CAT": 3063.06,
        "COP": 4192.76,
        "COST": 9336.6,
        "CVX": 4758.299999999999,
        "GS": 905.94,
        "JNJ": 3202.71,
        "JPM": 5597.7300000000005,
        "MS": 941.52,
        "MSFT": 10335.09,
        "NKE": 836.88,
        "NVDA": 10652.04,
        "PG": 4101.76,
        "RTX": 1938.7199999999998,
        "TSLA": 3664.7799999999997,
        "UNH": 5960.5,
        "WMT": 5345.549999999999,
        "XOM": 8791.2
      },
      "book_value": 110517.34000000003,
      "return_pct": 10.517340000000026,
      "return_pct_with_cash_interest": 10.635294123782689,
      "total_trades": 21,
      "sharpe_ratio": null,
      "sortino_ratio": null,
      "max_drawdown": 0.0,
      "max_drawdown_pct": 0.0,
      "calmar_ratio": null,
      "daily_metrics": {
        "trading_days": 62,
        "total_return_pct": 10.633410951229468,
        "annualized_sharpe": 2.967699715146937,
        "annualized_sortino": 5.554481387061069,
        "annualized_volatility": 0.12520396173615195,
        "max_drawdown_pct": 3.0029266339912075,
        "calmar_ratio": 16.587657894709583,
        "spy_return_pct": 8.26782495367423,
        "excess_return_pct": 2.365585997555238
      }
    }
  ]
}