{
  "run_name": "vote_causal_no_macro_causal_out_fix_scenario",
  "num_episodes": 1,
  "episode_summaries": [
    {
      "episode_id": "ep_000",
      "initial_cash": 100000.0,
      "final_cash": 8466.460000000008,
      "final_positions": {
        "AAPL": 109,
        "AMD": 77,
        "CVX": 140,
        "GS": 34,
        "JPM": 145,
        "NKE": 63,
        "TSLA": 8,
        "WMT": 307
      },
      "final_prices": {
        "AAPL": 162.55,
        "AMD": 98.01,
        "CVX": 143.71,
        "GS": 303.94,
        "JPM": 121.37,
        "NKE": 115.86,
        "SLB": 0.0,
        "TSLA": 207.46,
        "WMT": 47.58,
        "_CASH_": 1.0
      },
      "position_values": {
        "AAPL": 17717.95,
        "AMD": 7546.77,
        "CVX": 20119.4,
        "GS": 10333.96,
        "JPM": 17598.65,
        "NKE": 7299.18,
        "TSLA": 1659.68,
        "WMT": 14607.06
      },
      "book_value": 105349.11000000002,
      "return_pct": 5.349110000000016,
      "return_pct_with_cash_interest": 5.439307776445697,
      "total_trades": 8,
      "sharpe_ratio": null,
      "sortino_ratio": null,
      "max_drawdown": 0.0,
      "max_drawdown_pct": 0.0,
      "calmar_ratio": null,
      "daily_metrics": {
        "trading_days": 62,
        "total_return_pct": 5.437868587299366,
        "annualized_sharpe": 1.1728605037946354,
        "annualized_sortino": 1.7161404598942827,
        "annualized_volatility": 0.15789773777134322,
        "max_drawdown_pct": 6.806944257170601,
        "calmar_ratio": 3.4657098347739224,
        "spy_return_pct": 7.9124952092378145,
        "excess_return_pct": -2.474626621938448
      }
    }
  ]
}