{
  "run_name": "debate_slim_no_macro",
  "num_episodes": 1,
  "episode_summaries": [
    {
      "episode_id": "ep_000",
      "initial_cash": 100000.0,
      "final_cash": 6041.800000000007,
      "final_positions": {
        "AAPL": 72,
        "AMZN": 42,
        "BAC": 210,
        "CVX": 106,
        "DE": 18,
        "JPM": 61,
        "MS": 106,
        "NVDA": 483,
        "PG": 40,
        "SLB": 145,
        "UNH": 24,
        "XOM": 179
      },
      "final_prices": {
        "AAPL": 173.76,
        "AMZN": 166.72,
        "BAC": 39.96,
        "CVX": 98.89,
        "DE": 324.8,
        "JPM": 141.93,
        "MS": 85.68,
        "NVDA": 29.35,
        "PG": 146.93,
        "SLB": 27.1,
        "UNH": 469.35,
        "XOM": 52.73,
        "_CASH_": 1.0
      },
      "position_values": {
        "AAPL": 12510.72,
        "AMZN": 7002.24,
        "BAC": 8391.6,
        "CVX": 10482.34,
        "DE": 5846.400000000001,
        "JPM": 8657.73,
        "MS": 9082.08,
        "NVDA": 14176.050000000001,
        "PG": 5877.200000000001,
        "SLB": 3929.5,
        "UNH": 11264.400000000001,
        "XOM": 9438.67
      },
      "book_value": 112700.73000000001,
      "return_pct": 12.70073000000001,
      "return_pct_with_cash_interest": 12.701636066160601,
      "total_trades": 12,
      "sharpe_ratio": null,
      "sortino_ratio": null,
      "max_drawdown": 0.0,
      "max_drawdown_pct": 0.0,
      "calmar_ratio": null,
      "daily_metrics": {
        "trading_days": 64,
        "total_return_pct": 12.720859149258656,
        "annualized_sharpe": 2.8640462531338993,
        "annualized_sortino": 4.469992039080219,
        "annualized_volatility": 0.1695096583943932,
        "max_drawdown_pct": 4.478774326292139,
        "calmar_ratio": 13.718537806880565,
        "spy_return_pct": 9.761579016803571,
        "excess_return_pct": 2.959280132455085
      }
    }
  ]
}