{
  "run_name": "debate_1_round_no_macro_causal_out_rca_revise",
  "num_episodes": 1,
  "episode_summaries": [
    {
      "episode_id": "ep_000",
      "initial_cash": 100000.0,
      "final_cash": 13508.739999999998,
      "final_positions": {
        "CAT": 109,
        "NVDA": 851,
        "TSLA": 53,
        "WMT": 480
      },
      "final_prices": {
        "CAT": 207.36,
        "NVDA": 27.24,
        "TSLA": 359.2,
        "WMT": 47.3,
        "_CASH_": 1.0
      },
      "position_values": {
        "CAT": 22602.24,
        "NVDA": 23181.239999999998,
        "TSLA": 19037.6,
        "WMT": 22704.0
      },
      "book_value": 101033.82,
      "return_pct": 1.033820000000007,
      "return_pct_with_cash_interest": 1.0361834091955242,
      "total_trades": 4,
      "sharpe_ratio": null,
      "sortino_ratio": null,
      "max_drawdown": 0.0,
      "max_drawdown_pct": 0.0,
      "calmar_ratio": null,
      "daily_metrics": {
        "trading_days": 62,
        "total_return_pct": 1.036145891534412,
        "annualized_sharpe": 0.2853370726991375,
        "annualized_sortino": 0.4221082402647332,
        "annualized_volatility": 0.2679563599658537,
        "max_drawdown_pct": 17.14407801170122,
        "calmar_ratio": 0.24553350586605713,
        "spy_return_pct": -5.163593841839523,
        "excess_return_pct": 6.199739733373935
      }
    }
  ]
}