{
  "run_name": "vote_causal_no_macro_causal_out_fix_scenario",
  "num_episodes": 1,
  "episode_summaries": [
    {
      "episode_id": "ep_000",
      "initial_cash": 100000.0,
      "final_cash": 7738.349999999984,
      "final_positions": {
        "AAPL": 29,
        "AMD": 14,
        "AMT": 4,
        "AMZN": 27,
        "AVGO": 14,
        "BAC": 42,
        "CAT": 2,
        "COST": 4,
        "CVX": 7,
        "DE": 3,
        "GOOG": 33,
        "GS": 5,
        "JNJ": 6,
        "JPM": 13,
        "META": 10,
        "MS": 28,
        "MSFT": 32,
        "NFLX": 22,
        "NVDA": 69,
        "PFE": 43,
        "PLD": 9,
        "RTX": 13,
        "TSLA": 3,
        "WMT": 30,
        "XOM": 19
      },
      "final_prices": {
        "AAPL": 254.15,
        "AMD": 161.79,
        "AMT": 190.47,
        "AMZN": 219.57,
        "AVGO": 329.28,
        "BAC": 51.03,
        "BLK": 1153.8,
        "CAT": 474.67,
        "COP": 93.0,
        "COST": 924.32,
        "CVX": 152.09,
        "DAL": 56.42,
        "DE": 455.68,
        "DIS": 113.73,
        "GOOG": 243.39,
        "GS": 788.27,
        "HD": 402.59,
        "JNJ": 183.28,
        "JPM": 312.49,
        "LLY": 760.61,
        "META": 733.78,
        "MS": 158.0,
        "MSFT": 515.81,
        "NFLX": 119.89,
        "NKE": 68.83,
        "NVDA": 186.57,
        "OXY": 46.98,
        "PFE": 24.63,
        "PG": 151.51,
        "PLD": 113.63,
        "RTX": 166.12,
        "TSLA": 444.72,
        "UNH": 342.99,
        "WMT": 102.85,
        "XOM": 111.03,
        "_CASH_": 1.0
      },
      "position_values": {
        "AAPL": 7370.35,
        "AMD": 2265.06,
        "AMT": 761.88,
        "AMZN": 5928.389999999999,
        "AVGO": 4609.92,
        "BAC": 2143.26,
        "CAT": 949.34,
        "COST": 3697.28,
        "CVX": 1064.63,
        "DE": 1367.04,
        "GOOG": 8031.87,
        "GS": 3941.35,
        "JNJ": 1099.68,
        "JPM": 4062.37,
        "META": 7337.799999999999,
        "MS": 4424.0,
        "MSFT": 16505.92,
        "NFLX": 2637.58,
        "NVDA": 12873.33,
        "PFE": 1059.09,
        "PLD": 1022.67,
        "RTX": 2159.56,
        "TSLA": 1334.16,
        "WMT": 3085.5,
        "XOM": 2109.57
      },
      "book_value": 109579.94999999998,
      "return_pct": 9.579949999999982,
      "return_pct_with_cash_interest": 9.662390826905016,
      "total_trades": 25,
      "sharpe_ratio": null,
      "sortino_ratio": null,
      "max_drawdown": 0.0,
      "max_drawdown_pct": 0.0,
      "calmar_ratio": null,
      "daily_metrics": {
        "trading_days": 64,
        "total_return_pct": 9.663706468014352,
        "annualized_sharpe": 3.089427770362165,
        "annualized_sortino": 4.810914576256618,
        "annualized_volatility": 0.10571548674311156,
        "max_drawdown_pct": 2.734761293217897,
        "calmar_ratio": 16.318706572784563,
        "spy_return_pct": 8.156218975304325,
        "excess_return_pct": 1.5074874927100268
      }
    }
  ]
}