{
  "run_name": "vote_causal_no_macro_causal_out_fix_scenario",
  "num_episodes": 1,
  "episode_summaries": [
    {
      "episode_id": "ep_000",
      "initial_cash": 100000.0,
      "final_cash": 7119.749999999992,
      "final_positions": {
        "AAPL": 57,
        "AMD": 13,
        "AMZN": 35,
        "BAC": 75,
        "CAT": 15,
        "COP": 64,
        "COST": 11,
        "CVX": 50,
        "DE": 6,
        "GS": 8,
        "JNJ": 19,
        "JPM": 28,
        "MS": 35,
        "MSFT": 30,
        "NKE": 12,
        "NVDA": 238,
        "PG": 27,
        "TSLA": 11,
        "UNH": 12,
        "WMT": 65,
        "XOM": 94
      },
      "final_prices": {
        "AAPL": 171.08,
        "AMD": 109.34,
        "AMZN": 163.0,
        "BAC": 37.21,
        "CAT": 207.36,
        "COP": 86.37,
        "COST": 549.84,
        "CVX": 138.66,
        "DE": 394.54,
        "GS": 298.46,
        "JNJ": 157.81,
        "JPM": 122.91,
        "MS": 76.82,
        "MSFT": 298.25,
        "NKE": 125.7,
        "NVDA": 27.24,
        "PG": 137.99,
        "TSLA": 359.2,
        "UNH": 478.08,
        "WMT": 47.3,
        "XOM": 71.97,
        "_CASH_": 1.0
      },
      "position_values": {
        "AAPL": 9751.560000000001,
        "AMD": 1421.42,
        "AMZN": 5705.0,
        "BAC": 2790.75,
        "CAT": 3110.4,
        "COP": 5527.68,
        "COST": 6048.240000000001,
        "CVX": 6933.0,
        "DE": 2367.2400000000002,
        "GS": 2387.68,
        "JNJ": 2998.39,
        "JPM": 3441.48,
        "MS": 2688.7,
        "MSFT": 8947.5,
        "NKE": 1508.4,
        "NVDA": 6483.12,
        "PG": 3725.7300000000005,
        "TSLA": 3951.2,
        "UNH": 5736.96,
        "WMT": 3074.5,
        "XOM": 6765.18
      },
      "book_value": 102483.87999999999,
      "return_pct": 2.48387999999999,
      "return_pct_with_cash_interest": 2.4851256293199695,
      "total_trades": 21,
      "sharpe_ratio": null,
      "sortino_ratio": null,
      "max_drawdown": 0.0,
      "max_drawdown_pct": 0.0,
      "calmar_ratio": null,
      "daily_metrics": {
        "trading_days": 62,
        "total_return_pct": 2.4851058557239303,
        "annualized_sharpe": 0.6314654282652673,
        "annualized_sortino": 0.9167674638893629,
        "annualized_volatility": 0.18302515278895612,
        "max_drawdown_pct": 8.289477388185208,
        "calmar_ratio": 1.244607483030765,
        "spy_return_pct": -5.163593841839523,
        "excess_return_pct": 7.648699697563453
      }
    }
  ]
}