{
  "run_name": "vote_no_macro_enriched",
  "num_episodes": 1,
  "episode_summaries": [
    {
      "episode_id": "ep_000",
      "initial_cash": 100000.0,
      "final_cash": 39348.02,
      "final_positions": {
        "CAT": 215,
        "COST": 27
      },
      "final_prices": {
        "CAT": 217.95,
        "COST": 477.71,
        "SLB": 0.0,
        "_CASH_": 1.0
      },
      "position_values": {
        "CAT": 46859.25,
        "COST": 12898.17
      },
      "book_value": 99105.44,
      "return_pct": -0.8945599999999977,
      "return_pct_with_cash_interest": -0.4753642663001956,
      "total_trades": 2,
      "sharpe_ratio": null,
      "sortino_ratio": null,
      "max_drawdown": 475.3642663001956,
      "max_drawdown_pct": 0.4753642663001956,
      "calmar_ratio": -3.9715684250776024,
      "daily_metrics": {
        "trading_days": 62,
        "total_return_pct": -0.4820529228712403,
        "annualized_sharpe": -0.33580901398930374,
        "annualized_sortino": -0.4485995713237714,
        "annualized_volatility": 0.1511652358812585,
        "max_drawdown_pct": 9.668963731714284,
        "calmar_ratio": -0.1979854301039592,
        "spy_return_pct": 7.9124952092378145,
        "excess_return_pct": -8.394548132109055
      }
    }
  ]
}