{
  "run_name": "debate_1_round_no_macro_causal_out",
  "num_episodes": 1,
  "episode_summaries": [
    {
      "episode_id": "ep_000",
      "initial_cash": 100000.0,
      "final_cash": 10346.690000000002,
      "final_positions": {
        "AAPL": 103,
        "AMD": 118,
        "MSFT": 101,
        "NVDA": 749
      },
      "final_prices": {
        "AAPL": 171.08,
        "AMD": 109.34,
        "MSFT": 298.25,
        "NVDA": 27.24,
        "_CASH_": 1.0
      },
      "position_values": {
        "AAPL": 17621.24,
        "AMD": 12902.12,
        "MSFT": 30123.25,
        "NVDA": 20402.76
      },
      "book_value": 91396.06,
      "return_pct": -8.603940000000003,
      "return_pct_with_cash_interest": -8.602129804357087,
      "total_trades": 4,
      "sharpe_ratio": null,
      "sortino_ratio": null,
      "max_drawdown": 8602.129804357086,
      "max_drawdown_pct": 8.602129804357087,
      "calmar_ratio": -3.512834337928946,
      "daily_metrics": {
        "trading_days": 62,
        "total_return_pct": -8.60215854009475,
        "annualized_sharpe": -0.7961556965181152,
        "annualized_sortino": -1.1283118374485286,
        "annualized_volatility": 0.37364994406949814,
        "max_drawdown_pct": 20.67870971172141,
        "calmar_ratio": -1.4613070707054747,
        "spy_return_pct": -5.163593841839523,
        "excess_return_pct": -3.4385646982552274
      },
      "mean_revisions_metrics": {
        "trading_days": 62,
        "total_return_pct": -8.685813979871542,
        "annualized_sharpe": -0.7555273672768738,
        "annualized_sortino": -1.0757754404939952,
        "annualized_volatility": 0.39038920975408237,
        "max_drawdown_pct": 21.430930858528136,
        "calmar_ratio": -1.4219203711600983,
        "spy_return_pct": -5.163593841839523,
        "excess_return_pct": -3.5222201380320186
      }
    }
  ]
}