{
  "run_name": "single_agent_slim",
  "num_episodes": 1,
  "episode_summaries": [
    {
      "episode_id": "ep_000",
      "initial_cash": 100000.0,
      "final_cash": 11572.859999999988,
      "final_positions": {
        "AAPL": 23,
        "AMD": 15,
        "AMZN": 23,
        "BAC": 98,
        "CAT": 17,
        "COP": 65,
        "COST": 9,
        "CVX": 38,
        "GS": 6,
        "JNJ": 37,
        "JPM": 40,
        "MS": 26,
        "MSFT": 25,
        "NKE": 18,
        "NVDA": 68,
        "PG": 28,
        "RTX": 42,
        "SLB": 81,
        "TSLA": 8,
        "UNH": 19,
        "WMT": 87,
        "XOM": 91
      },
      "final_prices": {
        "AAPL": 162.55,
        "AMD": 98.01,
        "AMZN": 103.29,
        "BAC": 26.46,
        "CAT": 217.95,
        "COP": 90.23,
        "COST": 477.71,
        "CVX": 143.71,
        "GS": 303.94,
        "JNJ": 141.75,
        "JPM": 121.37,
        "MS": 79.97,
        "MSFT": 281.63,
        "NKE": 115.86,
        "NVDA": 27.75,
        "PG": 137.73,
        "RTX": 91.73,
        "SLB": 45.16,
        "TSLA": 207.46,
        "UNH": 448.98,
        "WMT": 47.58,
        "XOM": 99.01,
        "_CASH_": 1.0
      },
      "position_values": {
        "AAPL": 3738.65,
        "AMD": 1470.15,
        "AMZN": 2375.67,
        "BAC": 2593.08,
        "CAT": 3705.1499999999996,
        "COP": 5864.95,
        "COST": 4299.389999999999,
        "CVX": 5460.9800000000005,
        "GS": 1823.6399999999999,
        "JNJ": 5244.75,
        "JPM": 4854.8,
        "MS": 2079.22,
        "MSFT": 7040.75,
        "NKE": 2085.48,
        "NVDA": 1887.0,
        "PG": 3856.4399999999996,
        "RTX": 3852.6600000000003,
        "SLB": 3657.9599999999996,
        "TSLA": 1659.68,
        "UNH": 8530.62,
        "WMT": 4139.46,
        "XOM": 9009.91
      },
      "book_value": 100803.24999999999,
      "return_pct": 0.8032499999999854,
      "return_pct_with_cash_interest": 0.92654193536815,
      "total_trades": 22,
      "sharpe_ratio": null,
      "sortino_ratio": null,
      "max_drawdown": 0.0,
      "max_drawdown_pct": 0.0,
      "calmar_ratio": null,
      "daily_metrics": {
        "trading_days": 62,
        "total_return_pct": 0.9515514982343739,
        "annualized_sharpe": 0.04273803892522989,
        "annualized_sortino": 0.06076724959975791,
        "annualized_volatility": 0.14245434791559308,
        "max_drawdown_pct": 7.262483763327937,
        "calmar_ratio": 0.5316195652676072,
        "spy_return_pct": 7.9124952092378145,
        "excess_return_pct": -6.9609437110034404
      }
    }
  ]
}