{
  "run_name": "debate_slim_no_macro",
  "num_episodes": 1,
  "episode_summaries": [
    {
      "episode_id": "ep_000",
      "initial_cash": 100000.0,
      "final_cash": 8409.81,
      "final_positions": {
        "AMD": 91,
        "AMZN": 106,
        "BAC": 188,
        "CAT": 55,
        "CVX": 118,
        "PG": 101,
        "RTX": 130,
        "SLB": 265
      },
      "final_prices": {
        "AMD": 113.91,
        "AMZN": 130.36,
        "BAC": 26.75,
        "CAT": 235.62,
        "CVX": 139.95,
        "PG": 141.44,
        "RTX": 92.32,
        "SLB": 45.15,
        "_CASH_": 1.0
      },
      "position_values": {
        "AMD": 10365.81,
        "AMZN": 13818.160000000002,
        "BAC": 5029.0,
        "CAT": 12959.1,
        "CVX": 16514.1,
        "PG": 14285.44,
        "RTX": 12001.599999999999,
        "SLB": 11964.75
      },
      "book_value": 105347.76999999999,
      "return_pct": 5.347769999999989,
      "return_pct_with_cash_interest": 5.4459366336163075,
      "total_trades": 8,
      "sharpe_ratio": null,
      "sortino_ratio": null,
      "max_drawdown": 0.0,
      "max_drawdown_pct": 0.0,
      "calmar_ratio": null,
      "daily_metrics": {
        "trading_days": 62,
        "total_return_pct": 5.606383933616307,
        "annualized_sharpe": 1.3141438916044297,
        "annualized_sortino": 2.0174093378140276,
        "annualized_volatility": 0.1402442787714258,
        "max_drawdown_pct": 5.288631265841598,
        "calmar_ratio": 4.610437334994344,
        "spy_return_pct": 8.26782495367423,
        "excess_return_pct": -2.6614410200579233
      }
    }
  ]
}