{
  "run_name": "single_agent_slim",
  "num_episodes": 1,
  "episode_summaries": [
    {
      "episode_id": "ep_000",
      "initial_cash": 100000.0,
      "final_cash": 4827.139999999975,
      "final_positions": {
        "AAPL": 24,
        "AMD": 7,
        "AMT": 4,
        "AMZN": 31,
        "AVGO": 10,
        "BAC": 42,
        "CAT": 2,
        "COST": 6,
        "CVX": 14,
        "DE": 1,
        "DIS": 8,
        "GOOG": 33,
        "GS": 4,
        "HD": 2,
        "JNJ": 13,
        "JPM": 13,
        "LLY": 1,
        "META": 12,
        "MS": 7,
        "MSFT": 22,
        "NFLX": 37,
        "NVDA": 75,
        "OXY": 24,
        "PG": 12,
        "PLD": 9,
        "RTX": 6,
        "TSLA": 3,
        "UNH": 3,
        "WMT": 41,
        "XOM": 28
      },
      "final_prices": {
        "AAPL": 254.15,
        "AMD": 161.79,
        "AMT": 190.47,
        "AMZN": 219.57,
        "AVGO": 329.28,
        "BAC": 51.03,
        "BLK": 1153.8,
        "CAT": 474.67,
        "COP": 93.0,
        "COST": 924.32,
        "CVX": 152.09,
        "DAL": 56.42,
        "DE": 455.68,
        "DIS": 113.73,
        "GOOG": 243.39,
        "GS": 788.27,
        "HD": 402.59,
        "JNJ": 183.28,
        "JPM": 312.49,
        "LLY": 760.61,
        "META": 733.78,
        "MS": 158.0,
        "MSFT": 515.81,
        "NFLX": 119.89,
        "NKE": 68.83,
        "NVDA": 186.57,
        "OXY": 46.98,
        "PFE": 24.63,
        "PG": 151.51,
        "PLD": 113.63,
        "RTX": 166.12,
        "TSLA": 444.72,
        "UNH": 342.99,
        "WMT": 102.85,
        "XOM": 111.03,
        "_CASH_": 1.0
      },
      "position_values": {
        "AAPL": 6099.6,
        "AMD": 1132.53,
        "AMT": 761.88,
        "AMZN": 6806.67,
        "AVGO": 3292.7999999999997,
        "BAC": 2143.26,
        "CAT": 949.34,
        "COST": 5545.92,
        "CVX": 2129.26,
        "DE": 455.68,
        "DIS": 909.84,
        "GOOG": 8031.87,
        "GS": 3153.08,
        "HD": 805.18,
        "JNJ": 2382.64,
        "JPM": 4062.37,
        "LLY": 760.61,
        "META": 8805.36,
        "MS": 1106.0,
        "MSFT": 11347.82,
        "NFLX": 4435.93,
        "NVDA": 13992.75,
        "OXY": 1127.52,
        "PG": 1818.12,
        "PLD": 1022.67,
        "RTX": 996.72,
        "TSLA": 1334.16,
        "UNH": 1028.97,
        "WMT": 4216.849999999999,
        "XOM": 3108.84
      },
      "book_value": 108591.37999999998,
      "return_pct": 8.591379999999974,
      "return_pct_with_cash_interest": 8.642806132597542,
      "total_trades": 30,
      "sharpe_ratio": null,
      "sortino_ratio": null,
      "max_drawdown": 0.0,
      "max_drawdown_pct": 0.0,
      "calmar_ratio": null,
      "daily_metrics": {
        "trading_days": 64,
        "total_return_pct": 8.643709722256768,
        "annualized_sharpe": 2.9046330632539954,
        "annualized_sortino": 4.607838024238598,
        "annualized_volatility": 0.09954053298549533,
        "max_drawdown_pct": 2.2507948270464095,
        "calmar_ratio": 17.47007994569232,
        "spy_return_pct": 8.156218975304325,
        "excess_return_pct": 0.4874907469524423
      }
    }
  ]
}