{
  "run_name": "debate_1_round_no_macro_causal_out",
  "num_episodes": 1,
  "episode_summaries": [
    {
      "episode_id": "ep_000",
      "initial_cash": 100000.0,
      "final_cash": 15046.829999999994,
      "final_positions": {
        "AAPL": 149,
        "BAC": 1061,
        "XOM": 464
      },
      "final_prices": {
        "AAPL": 135.79,
        "BAC": 27.6,
        "XOM": 77.61,
        "_CASH_": 1.0
      },
      "position_values": {
        "AAPL": 20232.71,
        "BAC": 29283.600000000002,
        "XOM": 36011.04
      },
      "book_value": 100574.18,
      "return_pct": 0.574179999999993,
      "return_pct_with_cash_interest": 0.6332660370788071,
      "total_trades": 3,
      "sharpe_ratio": null,
      "sortino_ratio": null,
      "max_drawdown": 0.0,
      "max_drawdown_pct": 0.0,
      "calmar_ratio": null,
      "daily_metrics": {
        "trading_days": 64,
        "total_return_pct": 0.6291577789328294,
        "annualized_sharpe": 0.14642804574166887,
        "annualized_sortino": 0.21285587947937554,
        "annualized_volatility": 0.21052599873561406,
        "max_drawdown_pct": 12.260376443979565,
        "calmar_ratio": 0.20721070620292126,
        "spy_return_pct": -5.926117785785124,
        "excess_return_pct": 6.555275564717953
      },
      "mean_revisions_metrics": {
        "trading_days": 64,
        "total_return_pct": 0.7529440631671459,
        "annualized_sharpe": 0.16929135019918737,
        "annualized_sortino": 0.24465404005696137,
        "annualized_volatility": 0.20955309437932157,
        "max_drawdown_pct": 12.4551809406276,
        "calmar_ratio": 0.24455387837247428,
        "spy_return_pct": -5.926117785785124,
        "excess_return_pct": 6.679061848952269
      }
    }
  ]
}