{
  "run_name": "debate_1_round_no_macro_causal_out_rca_revise",
  "num_episodes": 1,
  "episode_summaries": [
    {
      "episode_id": "ep_000",
      "initial_cash": 100000.0,
      "final_cash": 9862.470000000016,
      "final_positions": {
        "BAC": 349,
        "CAT": 83,
        "GS": 22,
        "JPM": 153,
        "NKE": 65,
        "TSLA": 31,
        "WMT": 346
      },
      "final_prices": {
        "BAC": 31.91,
        "CAT": 286.0,
        "GS": 367.18,
        "JPM": 161.96,
        "NKE": 103.6,
        "TSLA": 248.48,
        "WMT": 51.44,
        "_CASH_": 1.0
      },
      "position_values": {
        "BAC": 11136.59,
        "CAT": 23738.0,
        "GS": 8077.96,
        "JPM": 24779.88,
        "NKE": 6734.0,
        "TSLA": 7702.88,
        "WMT": 17798.239999999998
      },
      "book_value": 109830.02000000002,
      "return_pct": 9.830020000000019,
      "return_pct_with_cash_interest": 9.958889498014557,
      "total_trades": 7,
      "sharpe_ratio": null,
      "sortino_ratio": null,
      "max_drawdown": 0.0,
      "max_drawdown_pct": 0.0,
      "calmar_ratio": null,
      "daily_metrics": {
        "trading_days": 63,
        "total_return_pct": 9.958889498014527,
        "annualized_sharpe": 2.2722888807378236,
        "annualized_sortino": 3.6583744832363276,
        "annualized_volatility": 0.14919983190282865,
        "max_drawdown_pct": 7.276296468299706,
        "calmar_ratio": 6.348181462565093,
        "spy_return_pct": 11.684051763783549,
        "excess_return_pct": -1.725162265769022
      }
    }
  ]
}