{
  "run_name": "debate_1_round_no_macro_causal_out",
  "num_episodes": 1,
  "episode_summaries": [
    {
      "episode_id": "ep_000",
      "initial_cash": 100000.0,
      "final_cash": 10556.520000000004,
      "final_positions": {
        "AAPL": 60,
        "AMD": 41,
        "AVGO": 87,
        "MSFT": 47,
        "NVDA": 223
      },
      "final_prices": {
        "AAPL": 221.17,
        "AMD": 102.74,
        "AVGO": 166.43,
        "MSFT": 372.54,
        "NVDA": 108.36,
        "_CASH_": 1.0
      },
      "position_values": {
        "AAPL": 13270.199999999999,
        "AMD": 4212.34,
        "AVGO": 14479.41,
        "MSFT": 17509.38,
        "NVDA": 24164.28
      },
      "book_value": 84192.13,
      "return_pct": -15.807869999999996,
      "return_pct_with_cash_interest": -15.695405684216968,
      "total_trades": 5,
      "sharpe_ratio": null,
      "sortino_ratio": null,
      "max_drawdown": 15695.405684216967,
      "max_drawdown_pct": 15.695405684216968,
      "calmar_ratio": -3.1529474661484564,
      "daily_metrics": {
        "trading_days": 60,
        "total_return_pct": -15.700814396077185,
        "annualized_sharpe": -1.9561183777563804,
        "annualized_sortino": -2.311889762143054,
        "annualized_volatility": 0.3554426904149374,
        "max_drawdown_pct": 19.026419323928206,
        "calmar_ratio": -2.6016325275429706,
        "spy_return_pct": -4.031069434308774,
        "excess_return_pct": -11.66974496176841
      },
      "mean_revisions_metrics": {
        "trading_days": 60,
        "total_return_pct": -15.660915812047127,
        "annualized_sharpe": -1.9923356113177604,
        "annualized_sortino": -2.3663012693730803,
        "annualized_volatility": 0.34916985289234226,
        "max_drawdown_pct": 18.790549789300478,
        "calmar_ratio": -2.629198054906209,
        "spy_return_pct": -4.031069434308774,
        "excess_return_pct": -11.629846377738353
      }
    }
  ]
}