{
  "run_name": "single_agent_slim",
  "num_episodes": 1,
  "episode_summaries": [
    {
      "episode_id": "ep_000",
      "initial_cash": 100000.0,
      "final_cash": 44.21999999999389,
      "final_positions": {
        "AAPL": 149,
        "BAC": 1061,
        "XOM": 663
      },
      "final_prices": {
        "AAPL": 135.79,
        "BAC": 27.6,
        "XOM": 77.61,
        "_CASH_": 1.0
      },
      "position_values": {
        "AAPL": 20232.71,
        "BAC": 29283.600000000002,
        "XOM": 51455.43
      },
      "book_value": 101015.95999999999,
      "return_pct": 1.0159599999999918,
      "return_pct_with_cash_interest": 1.0161336435222328,
      "total_trades": 3,
      "sharpe_ratio": null,
      "sortino_ratio": null,
      "max_drawdown": 0.0,
      "max_drawdown_pct": 0.0,
      "calmar_ratio": null,
      "daily_metrics": {
        "trading_days": 64,
        "total_return_pct": 1.0102924052590678,
        "annualized_sharpe": 0.21869904473879526,
        "annualized_sortino": 0.3197557087005871,
        "annualized_volatility": 0.25065938264840726,
        "max_drawdown_pct": 13.79822141356357,
        "calmar_ratio": 0.29734445208300836,
        "spy_return_pct": -5.926117785785124,
        "excess_return_pct": 6.9364101910441915
      }
    }
  ]
}