{
  "run_name": "vote_causal_no_macro_causal_out_fix_scenario",
  "num_episodes": 1,
  "episode_summaries": [
    {
      "episode_id": "ep_000",
      "initial_cash": 100000.0,
      "final_cash": 1975.7199999999957,
      "final_positions": {
        "AAPL": 86,
        "AMZN": 42,
        "BAC": 210,
        "CVX": 94,
        "DE": 18,
        "JPM": 68,
        "MS": 106,
        "NVDA": 532,
        "PG": 56,
        "UNH": 27,
        "XOM": 219
      },
      "final_prices": {
        "AAPL": 173.76,
        "AMZN": 166.72,
        "BAC": 39.96,
        "CVX": 98.89,
        "DE": 324.8,
        "JPM": 141.93,
        "MS": 85.68,
        "NVDA": 29.35,
        "PG": 146.93,
        "SLB": 0.0,
        "UNH": 469.35,
        "XOM": 52.73,
        "_CASH_": 1.0
      },
      "position_values": {
        "AAPL": 14943.359999999999,
        "AMZN": 7002.24,
        "BAC": 8391.6,
        "CVX": 9295.66,
        "DE": 5846.400000000001,
        "JPM": 9651.24,
        "MS": 9082.08,
        "NVDA": 15614.2,
        "PG": 8228.08,
        "UNH": 12672.45,
        "XOM": 11547.869999999999
      },
      "book_value": 114250.9,
      "return_pct": 14.250899999999994,
      "return_pct_with_cash_interest": 14.251196291342772,
      "total_trades": 11,
      "sharpe_ratio": null,
      "sortino_ratio": null,
      "max_drawdown": 0.0,
      "max_drawdown_pct": 0.0,
      "calmar_ratio": null,
      "daily_metrics": {
        "trading_days": 64,
        "total_return_pct": 14.25120099473819,
        "annualized_sharpe": 3.1095218923547407,
        "annualized_sortino": 4.950524966351231,
        "annualized_volatility": 0.1734491162755262,
        "max_drawdown_pct": 4.335131511797569,
        "calmar_ratio": 16.237017212431002,
        "spy_return_pct": 9.761579016803571,
        "excess_return_pct": 4.489621977934618
      }
    }
  ]
}