{
  "run_name": "vote_causal_no_macro_causal_out_fix_scenario",
  "num_episodes": 1,
  "episode_summaries": [
    {
      "episode_id": "ep_000",
      "initial_cash": 100000.0,
      "final_cash": 8593.26,
      "final_positions": {
        "AAPL": 122,
        "AMD": 136,
        "AMZN": 66,
        "BAC": 342,
        "MSFT": 80,
        "TSLA": 58
      },
      "final_prices": {
        "AAPL": 173.76,
        "AMD": 143.9,
        "AMZN": 166.72,
        "BAC": 39.96,
        "MSFT": 324.68,
        "SLB": 0.0,
        "TSLA": 352.26,
        "_CASH_": 1.0
      },
      "position_values": {
        "AAPL": 21198.719999999998,
        "AMD": 19570.4,
        "AMZN": 11003.52,
        "BAC": 13666.32,
        "MSFT": 25974.4,
        "TSLA": 20431.079999999998
      },
      "book_value": 120437.7,
      "return_pct": 20.437699999999996,
      "return_pct_with_cash_interest": 20.438988699078937,
      "total_trades": 6,
      "sharpe_ratio": null,
      "sortino_ratio": null,
      "max_drawdown": 0.0,
      "max_drawdown_pct": 0.0,
      "calmar_ratio": null,
      "daily_metrics": {
        "trading_days": 64,
        "total_return_pct": 20.439009156178,
        "annualized_sharpe": 3.353250282670044,
        "annualized_sortino": 5.272925442585954,
        "annualized_volatility": 0.22601935037729393,
        "max_drawdown_pct": 7.872649463938434,
        "calmar_ratio": 14.024646242931974,
        "spy_return_pct": 9.761579016803571,
        "excess_return_pct": 10.677430139374428
      }
    }
  ]
}