{
  "run_name": "vote_causal_no_macro_causal_out_fix_scenario",
  "num_episodes": 1,
  "episode_summaries": [
    {
      "episode_id": "ep_000",
      "initial_cash": 100000.0,
      "final_cash": 10825.720000000018,
      "final_positions": {
        "AAPL": 44,
        "AMZN": 35,
        "BAC": 108,
        "CAT": 12,
        "COP": 87,
        "COST": 19,
        "CVX": 64,
        "GS": 7,
        "JNJ": 20,
        "JPM": 52,
        "MS": 28,
        "MSFT": 26,
        "NVDA": 82,
        "PG": 25,
        "RTX": 13,
        "TSLA": 11,
        "UNH": 20,
        "WMT": 96,
        "XOM": 141
      },
      "final_prices": {
        "AAPL": 127.88,
        "AMD": 64.77,
        "AMZN": 84.0,
        "BAC": 30.44,
        "CAT": 227.08,
        "COP": 106.18,
        "COST": 438.14,
        "CVX": 156.7,
        "GS": 316.79,
        "JNJ": 160.4,
        "JPM": 123.99,
        "MS": 76.82,
        "MSFT": 233.69,
        "NVDA": 14.6,
        "PG": 139.51,
        "RTX": 94.01,
        "SLB": 0.0,
        "TSLA": 123.18,
        "UNH": 501.9,
        "WMT": 45.57,
        "XOM": 98.83,
        "_CASH_": 1.0
      },
      "position_values": {
        "AAPL": 5626.719999999999,
        "AMZN": 2940.0,
        "BAC": 3287.52,
        "CAT": 2724.96,
        "COP": 9237.66,
        "COST": 8324.66,
        "CVX": 10028.8,
        "GS": 2217.53,
        "JNJ": 3208.0,
        "JPM": 6447.48,
        "MS": 2150.96,
        "MSFT": 6075.94,
        "NVDA": 1197.2,
        "PG": 3487.75,
        "RTX": 1222.13,
        "TSLA": 1354.98,
        "UNH": 10038.0,
        "WMT": 4374.72,
        "XOM": 13935.03
      },
      "book_value": 108705.76000000001,
      "return_pct": 8.70576000000001,
      "return_pct_with_cash_interest": 8.788172198610205,
      "total_trades": 19,
      "sharpe_ratio": null,
      "sortino_ratio": null,
      "max_drawdown": 0.0,
      "max_drawdown_pct": 0.0,
      "calmar_ratio": null,
      "daily_metrics": {
        "trading_days": 63,
        "total_return_pct": 8.78817219861022,
        "annualized_sharpe": 1.5667690915037948,
        "annualized_sortino": 2.553097078370718,
        "annualized_volatility": 0.20956660884070472,
        "max_drawdown_pct": 7.108276653488854,
        "calmar_ratio": 5.636255438978389,
        "spy_return_pct": 4.794232360106329,
        "excess_return_pct": 3.9939398385038904
      }
    }
  ]
}