{
  "run_name": "vote_no_macro_enriched",
  "num_episodes": 1,
  "episode_summaries": [
    {
      "episode_id": "ep_000",
      "initial_cash": 100000.0,
      "final_cash": 11193.000000000007,
      "final_positions": {
        "AAPL": 14,
        "AMD": 38,
        "AMZN": 6,
        "BAC": 131,
        "CAT": 11,
        "COP": 121,
        "COST": 21,
        "CVX": 70,
        "DE": 9,
        "GS": 14,
        "JNJ": 14,
        "JPM": 48,
        "MS": 59,
        "MSFT": 11,
        "NVDA": 193,
        "PG": 32,
        "TSLA": 23,
        "UNH": 5,
        "WMT": 113,
        "XOM": 159
      },
      "final_prices": {
        "AAPL": 173.76,
        "AMD": 143.9,
        "AMZN": 166.72,
        "BAC": 39.96,
        "CAT": 191.47,
        "COP": 61.85,
        "COST": 541.24,
        "CVX": 98.89,
        "DE": 324.8,
        "GS": 343.86,
        "JNJ": 151.35,
        "JPM": 141.93,
        "MS": 85.68,
        "MSFT": 324.68,
        "NKE": 155.34,
        "NVDA": 29.35,
        "PG": 146.93,
        "SLB": 0.0,
        "TSLA": 352.26,
        "UNH": 469.35,
        "WMT": 45.78,
        "XOM": 52.73,
        "_CASH_": 1.0
      },
      "position_values": {
        "AAPL": 2432.64,
        "AMD": 5468.2,
        "AMZN": 1000.3199999999999,
        "BAC": 5234.76,
        "CAT": 2106.17,
        "COP": 7483.85,
        "COST": 11366.04,
        "CVX": 6922.3,
        "DE": 2923.2000000000003,
        "GS": 4814.04,
        "JNJ": 2118.9,
        "JPM": 6812.64,
        "MS": 5055.120000000001,
        "MSFT": 3571.48,
        "NVDA": 5664.55,
        "PG": 4701.76,
        "TSLA": 8101.98,
        "UNH": 2346.75,
        "WMT": 5173.14,
        "XOM": 8384.07
      },
      "book_value": 112874.91,
      "return_pct": 12.874910000000003,
      "return_pct_with_cash_interest": 12.87658857236842,
      "total_trades": 20,
      "sharpe_ratio": null,
      "sortino_ratio": null,
      "max_drawdown": 0.0,
      "max_drawdown_pct": 0.0,
      "calmar_ratio": null,
      "daily_metrics": {
        "trading_days": 64,
        "total_return_pct": 12.876615218403778,
        "annualized_sharpe": 3.1601833358731612,
        "annualized_sortino": 4.874367703976381,
        "annualized_volatility": 0.15459775238451928,
        "max_drawdown_pct": 5.93885105645247,
        "calmar_ratio": 10.49637375821631,
        "spy_return_pct": 9.761579016803571,
        "excess_return_pct": 3.1150362016002067
      }
    }
  ]
}