{
  "run_name": "vote_no_macro_enriched",
  "num_episodes": 1,
  "episode_summaries": [
    {
      "episode_id": "ep_000",
      "initial_cash": 100000.0,
      "final_cash": 18497.979999999974,
      "final_positions": {
        "AAPL": 19,
        "AMD": 14,
        "AMZN": 22,
        "AVGO": 14,
        "BAC": 42,
        "COP": 22,
        "COST": 5,
        "CVX": 7,
        "DIS": 8,
        "GOOG": 33,
        "GS": 5,
        "HD": 2,
        "JNJ": 13,
        "JPM": 17,
        "META": 8,
        "MS": 7,
        "MSFT": 22,
        "NFLX": 29,
        "NVDA": 69,
        "PG": 12,
        "WMT": 30,
        "XOM": 19
      },
      "final_prices": {
        "AAPL": 254.15,
        "AMD": 161.79,
        "AMT": 190.47,
        "AMZN": 219.57,
        "AVGO": 329.28,
        "BAC": 51.03,
        "BLK": 1153.8,
        "CAT": 474.67,
        "COP": 93.0,
        "COST": 924.32,
        "CVX": 152.09,
        "DAL": 56.42,
        "DE": 455.68,
        "DIS": 113.73,
        "GOOG": 243.39,
        "GS": 788.27,
        "HD": 402.59,
        "JNJ": 183.28,
        "JPM": 312.49,
        "LLY": 760.61,
        "META": 733.78,
        "MS": 158.0,
        "MSFT": 515.81,
        "NFLX": 119.89,
        "NKE": 68.83,
        "NVDA": 186.57,
        "OXY": 46.98,
        "PFE": 24.63,
        "PG": 151.51,
        "PLD": 113.63,
        "RTX": 166.12,
        "TSLA": 444.72,
        "UNH": 342.99,
        "WMT": 102.85,
        "XOM": 111.03,
        "_CASH_": 1.0
      },
      "position_values": {
        "AAPL": 4828.85,
        "AMD": 2265.06,
        "AMZN": 4830.54,
        "AVGO": 4609.92,
        "BAC": 2143.26,
        "COP": 2046.0,
        "COST": 4621.6,
        "CVX": 1064.63,
        "DIS": 909.84,
        "GOOG": 8031.87,
        "GS": 3941.35,
        "HD": 805.18,
        "JNJ": 2382.64,
        "JPM": 5312.33,
        "META": 5870.24,
        "MS": 1106.0,
        "MSFT": 11347.82,
        "NFLX": 3476.81,
        "NVDA": 12873.33,
        "PG": 1818.12,
        "WMT": 3085.5,
        "XOM": 2109.57
      },
      "book_value": 107978.43999999997,
      "return_pct": 7.978439999999972,
      "return_pct_with_cash_interest": 8.175508983345644,
      "total_trades": 22,
      "sharpe_ratio": null,
      "sortino_ratio": null,
      "max_drawdown": 0.0,
      "max_drawdown_pct": 0.0,
      "calmar_ratio": null,
      "daily_metrics": {
        "trading_days": 64,
        "total_return_pct": 8.17865393064414,
        "annualized_sharpe": 2.9943856124679966,
        "annualized_sortino": 4.705529872871935,
        "annualized_volatility": 0.09063057908066344,
        "max_drawdown_pct": 2.271746317703159,
        "calmar_ratio": 16.265611117191128,
        "spy_return_pct": 8.156218975304325,
        "excess_return_pct": 0.022434955339814877
      }
    }
  ]
}