{
  "run_name": "debate_1_round_no_macro_causal_out_rca_revise",
  "num_episodes": 1,
  "episode_summaries": [
    {
      "episode_id": "ep_000",
      "initial_cash": 100000.0,
      "final_cash": 18339.27000000001,
      "final_positions": {
        "AAPL": 110,
        "COP": 219,
        "GS": 26,
        "UNH": 52,
        "WMT": 361
      },
      "final_prices": {
        "AAPL": 127.88,
        "AMD": 64.77,
        "AMZN": 84.0,
        "BAC": 30.44,
        "COP": 106.18,
        "CVX": 156.7,
        "GS": 316.79,
        "PG": 139.51,
        "TSLA": 123.18,
        "UNH": 501.9,
        "WMT": 45.57,
        "XOM": 98.83,
        "_CASH_": 1.0
      },
      "position_values": {
        "AAPL": 14066.8,
        "COP": 23253.420000000002,
        "GS": 8236.54,
        "UNH": 26098.8,
        "WMT": 16450.77
      },
      "book_value": 106445.6,
      "return_pct": 6.445600000000005,
      "return_pct_with_cash_interest": 6.58521007319662,
      "total_trades": 5,
      "sharpe_ratio": null,
      "sortino_ratio": null,
      "max_drawdown": 0.0,
      "max_drawdown_pct": 0.0,
      "calmar_ratio": null,
      "daily_metrics": {
        "trading_days": 63,
        "total_return_pct": 6.58521007319662,
        "annualized_sharpe": 1.300932024573227,
        "annualized_sortino": 2.1040406669110285,
        "annualized_volatility": 0.1858978697734453,
        "max_drawdown_pct": 6.755082584407434,
        "calmar_ratio": 4.301775290940782,
        "spy_return_pct": 4.794232360106329,
        "excess_return_pct": 1.7909777130902915
      }
    }
  ]
}