{
  "run_name": "single_agent_slim",
  "num_episodes": 1,
  "episode_summaries": [
    {
      "episode_id": "ep_000",
      "initial_cash": 100000.0,
      "final_cash": 490.40999999999804,
      "final_positions": {
        "AAPL": 108,
        "AMD": 145,
        "AMZN": 60,
        "BAC": 395,
        "MSFT": 73,
        "SLB": 364,
        "TSLA": 58
      },
      "final_prices": {
        "AAPL": 173.76,
        "AMD": 143.9,
        "AMZN": 166.72,
        "BAC": 39.96,
        "MSFT": 324.68,
        "SLB": 27.1,
        "TSLA": 352.26,
        "_CASH_": 1.0
      },
      "position_values": {
        "AAPL": 18766.079999999998,
        "AMD": 20865.5,
        "AMZN": 10003.2,
        "BAC": 15784.2,
        "MSFT": 23701.64,
        "SLB": 9864.4,
        "TSLA": 20431.079999999998
      },
      "book_value": 119906.51,
      "return_pct": 19.906509999999994,
      "return_pct_with_cash_interest": 19.90658354495444,
      "total_trades": 7,
      "sharpe_ratio": null,
      "sortino_ratio": null,
      "max_drawdown": 0.0,
      "max_drawdown_pct": 0.0,
      "calmar_ratio": null,
      "daily_metrics": {
        "trading_days": 64,
        "total_return_pct": 19.9480298124236,
        "annualized_sharpe": 3.16364483130655,
        "annualized_sortino": 4.931961430112204,
        "annualized_volatility": 0.23512008667778955,
        "max_drawdown_pct": 8.854739102105079,
        "calmar_ratio": 12.084039305964401,
        "spy_return_pct": 9.761579016803571,
        "excess_return_pct": 10.186450795620027
      }
    }
  ]
}