{
  "run_name": "debate_1_round_no_macro_causal_out",
  "num_episodes": 1,
  "episode_summaries": [
    {
      "episode_id": "ep_000",
      "initial_cash": 100000.0,
      "final_cash": 15352.159999999996,
      "final_positions": {
        "AAPL": 44,
        "BAC": 424,
        "COP": 191,
        "DAL": 71,
        "GS": 22,
        "RTX": 113,
        "UNH": 70
      },
      "final_prices": {
        "AAPL": 135.79,
        "BAC": 27.6,
        "COP": 91.17,
        "DAL": 27.22,
        "GS": 268.6,
        "RTX": 75.81,
        "UNH": 476.64,
        "_CASH_": 1.0
      },
      "position_values": {
        "AAPL": 5974.759999999999,
        "BAC": 11702.400000000001,
        "COP": 17413.47,
        "DAL": 1932.62,
        "GS": 5909.200000000001,
        "RTX": 8566.53,
        "UNH": 33364.799999999996
      },
      "book_value": 100215.94,
      "return_pct": 0.2159400000000023,
      "return_pct_with_cash_interest": 0.2762250098658406,
      "total_trades": 7,
      "sharpe_ratio": null,
      "sortino_ratio": null,
      "max_drawdown": 0.0,
      "max_drawdown_pct": 0.0,
      "calmar_ratio": null,
      "daily_metrics": {
        "trading_days": 64,
        "total_return_pct": 0.2765489209444495,
        "annualized_sharpe": 0.0641393177361056,
        "annualized_sortino": 0.09277181909481437,
        "annualized_volatility": 0.1836043155142146,
        "max_drawdown_pct": 8.896690775795822,
        "calmar_ratio": 0.12485461572938646,
        "spy_return_pct": -5.926117785785124,
        "excess_return_pct": 6.202666706729573
      },
      "mean_revisions_metrics": {
        "trading_days": 64,
        "total_return_pct": -0.06426575466252689,
        "annualized_sharpe": -0.0038239337934259134,
        "annualized_sortino": -0.005472042535780158,
        "annualized_volatility": 0.18851964104349114,
        "max_drawdown_pct": 9.640523110764878,
        "calmar_ratio": -0.02663914775353066,
        "spy_return_pct": -5.926117785785124,
        "excess_return_pct": 5.861852031122597
      }
    }
  ]
}