{
  "run_name": "debate_1_round_no_macro_causal_out_rca_revise",
  "num_episodes": 1,
  "episode_summaries": [
    {
      "episode_id": "ep_000",
      "initial_cash": 100000.0,
      "final_cash": 16075.570000000005,
      "final_positions": {
        "AVGO": 56,
        "BLK": 12,
        "COST": 14,
        "DE": 4,
        "GS": 23,
        "MS": 106,
        "MSFT": 26,
        "PFE": 328
      },
      "final_prices": {
        "AVGO": 166.43,
        "BLK": 927.37,
        "COST": 941.91,
        "DE": 464.63,
        "GS": 535.2,
        "MS": 114.25,
        "MSFT": 372.54,
        "NKE": 61.93,
        "PFE": 23.63,
        "_CASH_": 1.0
      },
      "position_values": {
        "AVGO": 9320.08,
        "BLK": 11128.44,
        "COST": 13186.74,
        "DE": 1858.52,
        "GS": 12309.6,
        "MS": 12110.5,
        "MSFT": 9686.04,
        "PFE": 7750.639999999999
      },
      "book_value": 93426.13,
      "return_pct": -6.573869999999996,
      "return_pct_with_cash_interest": -6.402608260253182,
      "total_trades": 8,
      "sharpe_ratio": null,
      "sortino_ratio": null,
      "max_drawdown": 6402.608260253182,
      "max_drawdown_pct": 6.402608260253182,
      "calmar_ratio": -3.6319783967648585,
      "daily_metrics": {
        "trading_days": 60,
        "total_return_pct": -6.410804800986734,
        "annualized_sharpe": -1.6797883518718153,
        "annualized_sortino": -2.0956411371774784,
        "annualized_volatility": 0.1811626842683432,
        "max_drawdown_pct": 12.053104457649686,
        "calmar_ratio": -1.9315367827984127,
        "spy_return_pct": -4.031069434308774,
        "excess_return_pct": -2.37973536667796
      }
    }
  ]
}