{
  "run_name": "vote_no_macro_enriched",
  "num_episodes": 1,
  "episode_summaries": [
    {
      "episode_id": "ep_000",
      "initial_cash": 100000.0,
      "final_cash": 17829.389999999992,
      "final_positions": {
        "COST": 18,
        "CVX": 114,
        "NKE": 63,
        "PG": 86,
        "TSLA": 16,
        "UNH": 29,
        "XOM": 212
      },
      "final_prices": {
        "COST": 477.71,
        "CVX": 143.71,
        "NKE": 115.86,
        "PG": 137.73,
        "TSLA": 207.46,
        "UNH": 448.98,
        "XOM": 99.01,
        "_CASH_": 1.0
      },
      "position_values": {
        "COST": 8598.779999999999,
        "CVX": 16382.94,
        "NKE": 7299.18,
        "PG": 11844.779999999999,
        "TSLA": 3319.36,
        "UNH": 13020.42,
        "XOM": 20990.120000000003
      },
      "book_value": 99284.97,
      "return_pct": -0.7150299999999988,
      "return_pct_with_cash_interest": -0.5250838674507685,
      "total_trades": 7,
      "sharpe_ratio": null,
      "sortino_ratio": null,
      "max_drawdown": 525.0838674507686,
      "max_drawdown_pct": 0.5250838674507685,
      "calmar_ratio": -3.968605108407626,
      "daily_metrics": {
        "trading_days": 62,
        "total_return_pct": -0.5281146340962151,
        "annualized_sharpe": -0.3962757941365692,
        "annualized_sortino": -0.5555769628158825,
        "annualized_volatility": 0.13774219523787545,
        "max_drawdown_pct": 7.0819406091657555,
        "calmar_ratio": -0.2959334436409231,
        "spy_return_pct": 7.9124952092378145,
        "excess_return_pct": -8.44060984333403
      }
    }
  ]
}