{
  "run_name": "vote_no_macro_enriched",
  "num_episodes": 1,
  "episode_summaries": [
    {
      "episode_id": "ep_000",
      "initial_cash": 100000.0,
      "final_cash": 15874.76,
      "final_positions": {
        "AAPL": 31,
        "BLK": 6,
        "COST": 12,
        "DAL": 23,
        "DIS": 20,
        "JPM": 33,
        "LLY": 9,
        "META": 6,
        "NVDA": 9,
        "RTX": 130,
        "UNH": 23,
        "WMT": 103
      },
      "final_prices": {
        "AAPL": 204.55,
        "BLK": 1033.51,
        "COST": 987.17,
        "DAL": 48.73,
        "DIS": 123.18,
        "JPM": 285.83,
        "LLY": 775.39,
        "META": 736.99,
        "NVDA": 157.97,
        "RTX": 144.33,
        "UNH": 307.94,
        "WMT": 97.35,
        "_CASH_": 1.0
      },
      "position_values": {
        "AAPL": 6341.05,
        "BLK": 6201.0599999999995,
        "COST": 11846.039999999999,
        "DAL": 1120.79,
        "DIS": 2463.6000000000004,
        "JPM": 9432.39,
        "LLY": 6978.51,
        "META": 4421.9400000000005,
        "NVDA": 1421.73,
        "RTX": 18762.9,
        "UNH": 7082.62,
        "WMT": 10027.05
      },
      "book_value": 101974.43999999999,
      "return_pct": 1.9744399999999878,
      "return_pct_with_cash_interest": 2.143562402232899,
      "total_trades": 12,
      "sharpe_ratio": null,
      "sortino_ratio": null,
      "max_drawdown": 0.0,
      "max_drawdown_pct": 0.0,
      "calmar_ratio": null,
      "daily_metrics": {
        "trading_days": 62,
        "total_return_pct": 2.1408638975104988,
        "annualized_sharpe": 0.30625408464765647,
        "annualized_sortino": 0.44770494446134956,
        "annualized_volatility": 0.22044567013700728,
        "max_drawdown_pct": 8.137516818679089,
        "calmar_ratio": 1.0866213335633543,
        "spy_return_pct": 10.465185277889864,
        "excess_return_pct": -8.324321380379365
      }
    }
  ]
}