{
  "run_name": "debate_1_round_no_macro_causal_out_rca_revise",
  "num_episodes": 1,
  "episode_summaries": [
    {
      "episode_id": "ep_000",
      "initial_cash": 100000.0,
      "final_cash": 25158.050000000003,
      "final_positions": {
        "AAPL": 243,
        "MSFT": 154,
        "NVDA": 577
      },
      "final_prices": {
        "AAPL": 127.88,
        "AMD": 64.77,
        "MSFT": 233.69,
        "NVDA": 14.6,
        "_CASH_": 1.0
      },
      "position_values": {
        "AAPL": 31074.84,
        "MSFT": 35988.26,
        "NVDA": 8424.199999999999
      },
      "book_value": 100645.35,
      "return_pct": 0.6453500000000059,
      "return_pct_with_cash_interest": 0.8368689209812583,
      "total_trades": 3,
      "sharpe_ratio": null,
      "sortino_ratio": null,
      "max_drawdown": 0.0,
      "max_drawdown_pct": 0.0,
      "calmar_ratio": null,
      "daily_metrics": {
        "trading_days": 63,
        "total_return_pct": 0.8368689209812583,
        "annualized_sharpe": 0.15899185266475482,
        "annualized_sortino": 0.25587814146552995,
        "annualized_volatility": 0.3062615200716198,
        "max_drawdown_pct": 9.445578260590866,
        "calmar_ratio": 0.35886967390171587,
        "spy_return_pct": 4.794232360106329,
        "excess_return_pct": -3.9573634391250705
      }
    }
  ]
}