{
  "run_name": "debate_slim_no_macro",
  "num_episodes": 1,
  "episode_summaries": [
    {
      "episode_id": "ep_000",
      "initial_cash": 100000.0,
      "final_cash": 6624.700000000006,
      "final_positions": {
        "AAPL": 122,
        "AMD": 126,
        "AMZN": 60,
        "BAC": 368,
        "MSFT": 58,
        "SLB": 327,
        "TSLA": 58
      },
      "final_prices": {
        "AAPL": 173.76,
        "AMD": 143.9,
        "AMZN": 166.72,
        "BAC": 39.96,
        "MSFT": 324.68,
        "SLB": 27.1,
        "TSLA": 352.26,
        "_CASH_": 1.0
      },
      "position_values": {
        "AAPL": 21198.719999999998,
        "AMD": 18131.4,
        "AMZN": 10003.2,
        "BAC": 14705.28,
        "MSFT": 18831.44,
        "SLB": 8861.7,
        "TSLA": 20431.079999999998
      },
      "book_value": 118787.52,
      "return_pct": 18.787520000000004,
      "return_pct_with_cash_interest": 18.788513481494594,
      "total_trades": 7,
      "sharpe_ratio": null,
      "sortino_ratio": null,
      "max_drawdown": 0.0,
      "max_drawdown_pct": 0.0,
      "calmar_ratio": null,
      "daily_metrics": {
        "trading_days": 64,
        "total_return_pct": 18.825768452243327,
        "annualized_sharpe": 3.156325361121349,
        "annualized_sortino": 4.911487787625179,
        "annualized_volatility": 0.22304302582679555,
        "max_drawdown_pct": 8.175323088995214,
        "calmar_ratio": 12.15390085995979,
        "spy_return_pct": 9.761579016803571,
        "excess_return_pct": 9.064189435439756
      }
    }
  ]
}