{
  "run_name": "debate_1_round_no_macro_causal_out_rca_revise",
  "num_episodes": 1,
  "episode_summaries": [
    {
      "episode_id": "ep_000",
      "initial_cash": 100000.0,
      "final_cash": 9653.779999999992,
      "final_positions": {
        "AMD": 102,
        "COP": 88,
        "COST": 37,
        "MSFT": 74,
        "NKE": 77,
        "PG": 87,
        "WMT": 273
      },
      "final_prices": {
        "AMD": 113.91,
        "COP": 95.29,
        "COST": 518.7,
        "MSFT": 333.39,
        "NKE": 104.61,
        "PG": 141.44,
        "WMT": 50.91,
        "_CASH_": 1.0
      },
      "position_values": {
        "AMD": 11618.82,
        "COP": 8385.52,
        "COST": 19191.9,
        "MSFT": 24670.86,
        "NKE": 8054.97,
        "PG": 12305.28,
        "WMT": 13898.429999999998
      },
      "book_value": 107779.56,
      "return_pct": 7.779559999999998,
      "return_pct_with_cash_interest": 7.894075611580309,
      "total_trades": 7,
      "sharpe_ratio": null,
      "sortino_ratio": null,
      "max_drawdown": 0.0,
      "max_drawdown_pct": 0.0,
      "calmar_ratio": null,
      "daily_metrics": {
        "trading_days": 62,
        "total_return_pct": 7.892247335893698,
        "annualized_sharpe": 2.195390646605861,
        "annualized_sortino": 3.626107056053021,
        "annualized_volatility": 0.12259625945968161,
        "max_drawdown_pct": 3.4527251725735217,
        "calmar_ratio": 10.283690982555328,
        "spy_return_pct": 8.26782495367423,
        "excess_return_pct": -0.37557761778053234
      }
    }
  ]
}