{
  "run_name": "vote_no_macro_enriched",
  "num_episodes": 1,
  "episode_summaries": [
    {
      "episode_id": "ep_000",
      "initial_cash": 100000.0,
      "final_cash": 13424.359999999993,
      "final_positions": {
        "AAPL": 59,
        "BAC": 247,
        "COP": 216,
        "GS": 18,
        "RTX": 203,
        "UNH": 66
      },
      "final_prices": {
        "AAPL": 135.79,
        "BAC": 27.6,
        "COP": 91.17,
        "DAL": 27.22,
        "GS": 268.6,
        "RTX": 75.81,
        "UNH": 476.64,
        "_CASH_": 1.0
      },
      "position_values": {
        "AAPL": 8011.61,
        "BAC": 6817.200000000001,
        "COP": 19692.72,
        "GS": 4834.8,
        "RTX": 15389.43,
        "UNH": 31458.239999999998
      },
      "book_value": 99628.35999999999,
      "return_pct": -0.37164000000001396,
      "return_pct_with_cash_interest": -0.31892509375601363,
      "total_trades": 6,
      "sharpe_ratio": null,
      "sortino_ratio": null,
      "max_drawdown": 318.92509375601367,
      "max_drawdown_pct": 0.31892509375601363,
      "calmar_ratio": -3.980905147221962,
      "daily_metrics": {
        "trading_days": 64,
        "total_return_pct": -0.3180866824125114,
        "annualized_sharpe": -0.058092984763406574,
        "annualized_sortino": -0.08233698201911412,
        "annualized_volatility": 0.1875725565467197,
        "max_drawdown_pct": 9.30574843962115,
        "calmar_ratio": -0.13607598065558257,
        "spy_return_pct": -5.926117785785124,
        "excess_return_pct": 5.608031103372612
      }
    }
  ]
}