{
  "run_name": "debate_1_round_no_macro_causal_out",
  "num_episodes": 1,
  "episode_summaries": [
    {
      "episode_id": "ep_000",
      "initial_cash": 100000.0,
      "final_cash": 6469.999999999991,
      "final_positions": {
        "AAPL": 29,
        "AMZN": 50,
        "AVGO": 36,
        "CAT": 7,
        "DE": 5,
        "META": 14,
        "MSFT": 40,
        "NKE": 28,
        "NVDA": 88,
        "TSLA": 15,
        "UNH": 6,
        "WMT": 92
      },
      "final_prices": {
        "AAPL": 254.15,
        "AMZN": 219.57,
        "AVGO": 329.28,
        "CAT": 474.67,
        "DE": 455.68,
        "META": 733.78,
        "MSFT": 515.81,
        "NKE": 68.83,
        "NVDA": 186.57,
        "TSLA": 444.72,
        "UNH": 342.99,
        "WMT": 102.85,
        "_CASH_": 1.0
      },
      "position_values": {
        "AAPL": 7370.35,
        "AMZN": 10978.5,
        "AVGO": 11854.079999999998,
        "CAT": 3322.69,
        "DE": 2278.4,
        "META": 10272.92,
        "MSFT": 20632.399999999998,
        "NKE": 1927.24,
        "NVDA": 16418.16,
        "TSLA": 6670.8,
        "UNH": 2057.94,
        "WMT": 9462.199999999999
      },
      "book_value": 109715.67999999998,
      "return_pct": 9.715679999999978,
      "return_pct_with_cash_interest": 9.78460840852061,
      "total_trades": 12,
      "sharpe_ratio": null,
      "sortino_ratio": null,
      "max_drawdown": 0.0,
      "max_drawdown_pct": 0.0,
      "calmar_ratio": null,
      "daily_metrics": {
        "trading_days": 64,
        "total_return_pct": 9.785708410197651,
        "annualized_sharpe": 2.5822939943116854,
        "annualized_sortino": 3.8027343460102436,
        "annualized_volatility": 0.12923283856530982,
        "max_drawdown_pct": 3.6514223494279636,
        "calmar_ratio": 12.398576985096147,
        "spy_return_pct": 8.156218975304325,
        "excess_return_pct": 1.6294894348933262
      },
      "mean_revisions_metrics": {
        "trading_days": 64,
        "total_return_pct": 9.888919916101818,
        "annualized_sharpe": 2.5013719013615705,
        "annualized_sortino": 3.689938244836286,
        "annualized_volatility": 0.13520663367746227,
        "max_drawdown_pct": 3.779892733809439,
        "calmar_ratio": 12.121906110291496,
        "spy_return_pct": 8.156218975304325,
        "excess_return_pct": 1.7327009407974927
      }
    }
  ]
}