{
  "run_name": "single_agent_slim",
  "num_episodes": 1,
  "episode_summaries": [
    {
      "episode_id": "ep_000",
      "initial_cash": 100000.0,
      "final_cash": 6167.839999999982,
      "final_positions": {
        "AAPL": 63,
        "AMD": 27,
        "AMZN": 17,
        "BAC": 100,
        "CAT": 10,
        "COP": 48,
        "COST": 14,
        "CVX": 40,
        "DE": 6,
        "GS": 5,
        "JNJ": 26,
        "JPM": 21,
        "MS": 23,
        "MSFT": 40,
        "NKE": 12,
        "NVDA": 272,
        "PG": 20,
        "TSLA": 14,
        "UNH": 14,
        "WMT": 43,
        "XOM": 75
      },
      "final_prices": {
        "AAPL": 171.08,
        "AMD": 109.34,
        "AMZN": 163.0,
        "BAC": 37.21,
        "CAT": 207.36,
        "COP": 86.37,
        "COST": 549.84,
        "CVX": 138.66,
        "DE": 394.54,
        "GS": 298.46,
        "JNJ": 157.81,
        "JPM": 122.91,
        "MS": 76.82,
        "MSFT": 298.25,
        "NKE": 125.7,
        "NVDA": 27.24,
        "PG": 137.99,
        "TSLA": 359.2,
        "UNH": 478.08,
        "WMT": 47.3,
        "XOM": 71.97,
        "_CASH_": 1.0
      },
      "position_values": {
        "AAPL": 10778.04,
        "AMD": 2952.1800000000003,
        "AMZN": 2771.0,
        "BAC": 3721.0,
        "CAT": 2073.6000000000004,
        "COP": 4145.76,
        "COST": 7697.76,
        "CVX": 5546.4,
        "DE": 2367.2400000000002,
        "GS": 1492.3,
        "JNJ": 4103.06,
        "JPM": 2581.11,
        "MS": 1766.86,
        "MSFT": 11930.0,
        "NKE": 1508.4,
        "NVDA": 7409.28,
        "PG": 2759.8,
        "TSLA": 5028.8,
        "UNH": 6693.12,
        "WMT": 2033.8999999999999,
        "XOM": 5397.75
      },
      "book_value": 100925.19999999998,
      "return_pct": 0.9251999999999825,
      "return_pct_with_cash_interest": 0.926279088780473,
      "total_trades": 21,
      "sharpe_ratio": null,
      "sortino_ratio": null,
      "max_drawdown": 0.0,
      "max_drawdown_pct": 0.0,
      "calmar_ratio": null,
      "daily_metrics": {
        "trading_days": 62,
        "total_return_pct": 0.9250914589126188,
        "annualized_sharpe": 0.280669741991063,
        "annualized_sortino": 0.4050851620438856,
        "annualized_volatility": 0.2033626945531522,
        "max_drawdown_pct": 10.0060752432597,
        "calmar_ratio": 0.37497528295797683,
        "spy_return_pct": -5.163593841839523,
        "excess_return_pct": 6.088685300752142
      }
    }
  ]
}