{
  "run_name": "vote_causal_no_macro_causal_out_fix_scenario",
  "num_episodes": 1,
  "episode_summaries": [
    {
      "episode_id": "ep_000",
      "initial_cash": 100000.0,
      "final_cash": 1500.5099999999793,
      "final_positions": {
        "AAPL": 57,
        "AMD": 29,
        "AMZN": 30,
        "BAC": 105,
        "CAT": 11,
        "COP": 52,
        "COST": 18,
        "CVX": 47,
        "DE": 6,
        "GS": 8,
        "JNJ": 28,
        "JPM": 34,
        "MS": 35,
        "MSFT": 44,
        "NKE": 14,
        "NVDA": 338,
        "PG": 32,
        "TSLA": 23,
        "UNH": 19,
        "WMT": 68,
        "XOM": 99
      },
      "final_prices": {
        "AAPL": 173.76,
        "AMD": 143.9,
        "AMZN": 166.72,
        "BAC": 39.96,
        "CAT": 191.47,
        "COP": 61.85,
        "COST": 541.24,
        "CVX": 98.89,
        "DE": 324.8,
        "GS": 343.86,
        "JNJ": 151.35,
        "JPM": 141.93,
        "MS": 85.68,
        "MSFT": 324.68,
        "NKE": 155.34,
        "NVDA": 29.35,
        "PG": 146.93,
        "SLB": 0.0,
        "TSLA": 352.26,
        "UNH": 469.35,
        "WMT": 45.78,
        "XOM": 52.73,
        "_CASH_": 1.0
      },
      "position_values": {
        "AAPL": 9904.32,
        "AMD": 4173.1,
        "AMZN": 5001.6,
        "BAC": 4195.8,
        "CAT": 2106.17,
        "COP": 3216.2000000000003,
        "COST": 9742.32,
        "CVX": 4647.83,
        "DE": 1948.8000000000002,
        "GS": 2750.88,
        "JNJ": 4237.8,
        "JPM": 4825.62,
        "MS": 2998.8,
        "MSFT": 14285.92,
        "NKE": 2174.76,
        "NVDA": 9920.300000000001,
        "PG": 4701.76,
        "TSLA": 8101.98,
        "UNH": 8917.65,
        "WMT": 3113.04,
        "XOM": 5220.2699999999995
      },
      "book_value": 117685.42999999998,
      "return_pct": 17.68542999999998,
      "return_pct_with_cash_interest": 17.685655025875487,
      "total_trades": 21,
      "sharpe_ratio": null,
      "sortino_ratio": null,
      "max_drawdown": 0.0,
      "max_drawdown_pct": 0.0,
      "calmar_ratio": null,
      "daily_metrics": {
        "trading_days": 64,
        "total_return_pct": 17.68565859798684,
        "annualized_sharpe": 3.831626713252534,
        "annualized_sortino": 6.225481481311958,
        "annualized_volatility": 0.17116520214693617,
        "max_drawdown_pct": 5.199254159704375,
        "calmar_ratio": 17.660249263647607,
        "spy_return_pct": 9.761579016803571,
        "excess_return_pct": 7.924079581183269
      }
    }
  ]
}