{
  "run_name": "debate_1_round_no_macro_causal_out",
  "num_episodes": 1,
  "episode_summaries": [
    {
      "episode_id": "ep_000",
      "initial_cash": 100000.0,
      "final_cash": 15187.14,
      "final_positions": {
        "AMZN": 193,
        "COP": 332,
        "CVX": 243
      },
      "final_prices": {
        "AMZN": 130.36,
        "COP": 95.29,
        "CVX": 139.95,
        "_CASH_": 1.0
      },
      "position_values": {
        "AMZN": 25159.480000000003,
        "COP": 31636.280000000002,
        "CVX": 34007.85
      },
      "book_value": 105990.75,
      "return_pct": 5.99075,
      "return_pct_with_cash_interest": 6.170903745502379,
      "total_trades": 3,
      "sharpe_ratio": null,
      "sortino_ratio": null,
      "max_drawdown": 0.0,
      "max_drawdown_pct": 0.0,
      "calmar_ratio": null,
      "daily_metrics": {
        "trading_days": 62,
        "total_return_pct": 6.1652586375495595,
        "annualized_sharpe": 1.2856284542589629,
        "annualized_sortino": 2.109984893970476,
        "annualized_volatility": 0.1625974635800331,
        "max_drawdown_pct": 6.583716429780299,
        "calmar_ratio": 4.106623073407545,
        "spy_return_pct": 8.26782495367423,
        "excess_return_pct": -2.102566316124671
      },
      "mean_revisions_metrics": {
        "trading_days": 62,
        "total_return_pct": 7.704625228069956,
        "annualized_sharpe": 1.6634199999099781,
        "annualized_sortino": 2.760680461439764,
        "annualized_volatility": 0.16070836523991341,
        "max_drawdown_pct": 6.134302976452779,
        "calmar_ratio": 5.634974710361392,
        "spy_return_pct": 8.26782495367423,
        "excess_return_pct": -0.5631997256042744
      }
    }
  ]
}