{
  "run_name": "debate_1_round_no_macro_causal_out",
  "num_episodes": 1,
  "episode_summaries": [
    {
      "episode_id": "ep_000",
      "initial_cash": 100000.0,
      "final_cash": 15390.109999999991,
      "final_positions": {
        "AAPL": 70,
        "AMD": 30,
        "CVX": 127,
        "GS": 25,
        "JPM": 145,
        "NKE": 36,
        "SLB": 243,
        "TSLA": 8,
        "WMT": 241
      },
      "final_prices": {
        "AAPL": 162.55,
        "AMD": 98.01,
        "CVX": 143.71,
        "GS": 303.94,
        "JPM": 121.37,
        "NKE": 115.86,
        "SLB": 45.16,
        "TSLA": 207.46,
        "WMT": 47.58,
        "_CASH_": 1.0
      },
      "position_values": {
        "AAPL": 11378.5,
        "AMD": 2940.3,
        "CVX": 18251.170000000002,
        "GS": 7598.5,
        "JPM": 17598.65,
        "NKE": 4170.96,
        "SLB": 10973.88,
        "TSLA": 1659.68,
        "WMT": 11466.779999999999
      },
      "book_value": 101428.52999999998,
      "return_pct": 1.4285299999999843,
      "return_pct_with_cash_interest": 1.5924891637182883,
      "total_trades": 9,
      "sharpe_ratio": null,
      "sortino_ratio": null,
      "max_drawdown": 0.0,
      "max_drawdown_pct": 0.0,
      "calmar_ratio": null,
      "daily_metrics": {
        "trading_days": 62,
        "total_return_pct": 1.6696559432532523,
        "annualized_sharpe": 0.2352465349159036,
        "annualized_sortino": 0.3243940323482019,
        "annualized_volatility": 0.15868711140587213,
        "max_drawdown_pct": 8.537917462614868,
        "calmar_ratio": 0.8020408333381911,
        "spy_return_pct": 7.9124952092378145,
        "excess_return_pct": -6.242839265984562
      },
      "mean_revisions_metrics": {
        "trading_days": 62,
        "total_return_pct": 1.2983400582404718,
        "annualized_sharpe": 0.14203538285209197,
        "annualized_sortino": 0.19495902845137852,
        "annualized_volatility": 0.1635462346548089,
        "max_drawdown_pct": 8.870121917447097,
        "calmar_ratio": 0.5969906362201323,
        "spy_return_pct": 7.9124952092378145,
        "excess_return_pct": -6.614155150997343
      }
    }
  ]
}