{
  "run_name": "single_agent_slim",
  "num_episodes": 1,
  "episode_summaries": [
    {
      "episode_id": "ep_000",
      "initial_cash": 100000.0,
      "final_cash": 2443.789999999989,
      "final_positions": {
        "AAPL": 57,
        "AMD": 58,
        "AMZN": 30,
        "BAC": 79,
        "CAT": 11,
        "COP": 69,
        "COST": 14,
        "CVX": 47,
        "DE": 6,
        "GS": 11,
        "JNJ": 14,
        "JPM": 41,
        "MS": 59,
        "MSFT": 29,
        "NKE": 7,
        "NVDA": 580,
        "PG": 16,
        "SLB": 36,
        "TSLA": 27,
        "UNH": 10,
        "WMT": 45,
        "XOM": 99
      },
      "final_prices": {
        "AAPL": 173.76,
        "AMD": 143.9,
        "AMZN": 166.72,
        "BAC": 39.96,
        "CAT": 191.47,
        "COP": 61.85,
        "COST": 541.24,
        "CVX": 98.89,
        "DE": 324.8,
        "GS": 343.86,
        "JNJ": 151.35,
        "JPM": 141.93,
        "MS": 85.68,
        "MSFT": 324.68,
        "NKE": 155.34,
        "NVDA": 29.35,
        "PG": 146.93,
        "SLB": 27.1,
        "TSLA": 352.26,
        "UNH": 469.35,
        "WMT": 45.78,
        "XOM": 52.73,
        "_CASH_": 1.0
      },
      "position_values": {
        "AAPL": 9904.32,
        "AMD": 8346.2,
        "AMZN": 5001.6,
        "BAC": 3156.84,
        "CAT": 2106.17,
        "COP": 4267.650000000001,
        "COST": 7577.360000000001,
        "CVX": 4647.83,
        "DE": 1948.8000000000002,
        "GS": 3782.46,
        "JNJ": 2118.9,
        "JPM": 5819.13,
        "MS": 5055.120000000001,
        "MSFT": 9415.72,
        "NKE": 1087.38,
        "NVDA": 17023.0,
        "PG": 2350.88,
        "SLB": 975.6,
        "TSLA": 9511.02,
        "UNH": 4693.5,
        "WMT": 2060.1,
        "XOM": 5220.2699999999995
      },
      "book_value": 118513.64,
      "return_pct": 18.513640000000002,
      "return_pct_with_cash_interest": 18.514006486050942,
      "total_trades": 22,
      "sharpe_ratio": null,
      "sortino_ratio": null,
      "max_drawdown": 0.0,
      "max_drawdown_pct": 0.0,
      "calmar_ratio": null,
      "daily_metrics": {
        "trading_days": 64,
        "total_return_pct": 18.520401003732943,
        "annualized_sharpe": 3.34305377281425,
        "annualized_sortino": 5.3575117875043405,
        "annualized_volatility": 0.20648854368550723,
        "max_drawdown_pct": 7.194461031752993,
        "calmar_ratio": 13.527157812775295,
        "spy_return_pct": 9.761579016803571,
        "excess_return_pct": 8.758821986929371
      }
    }
  ]
}