{
  "run_name": "debate_1_round_no_macro_causal_out_rca_revise",
  "num_episodes": 1,
  "episode_summaries": [
    {
      "episode_id": "ep_000",
      "initial_cash": 100000.0,
      "final_cash": 10935.230000000001,
      "final_positions": {
        "AAPL": 65,
        "AMZN": 36,
        "BAC": 210,
        "CVX": 82,
        "DE": 18,
        "JPM": 61,
        "MS": 94,
        "NVDA": 290,
        "PG": 64,
        "SLB": 218,
        "UNH": 27,
        "XOM": 139
      },
      "final_prices": {
        "AAPL": 173.76,
        "AMZN": 166.72,
        "BAC": 39.96,
        "CVX": 98.89,
        "DE": 324.8,
        "JPM": 141.93,
        "MS": 85.68,
        "NVDA": 29.35,
        "PG": 146.93,
        "SLB": 27.1,
        "UNH": 469.35,
        "XOM": 52.73,
        "_CASH_": 1.0
      },
      "position_values": {
        "AAPL": 11294.4,
        "AMZN": 6001.92,
        "BAC": 8391.6,
        "CVX": 8108.9800000000005,
        "DE": 5846.400000000001,
        "JPM": 8657.73,
        "MS": 8053.920000000001,
        "NVDA": 8511.5,
        "PG": 9403.52,
        "SLB": 5907.8,
        "UNH": 12672.45,
        "XOM": 7329.469999999999
      },
      "book_value": 111114.92,
      "return_pct": 11.114919999999998,
      "return_pct_with_cash_interest": 11.116559915565114,
      "total_trades": 12,
      "sharpe_ratio": null,
      "sortino_ratio": null,
      "max_drawdown": 0.0,
      "max_drawdown_pct": 0.0,
      "calmar_ratio": null,
      "daily_metrics": {
        "trading_days": 64,
        "total_return_pct": 11.140565947953698,
        "annualized_sharpe": 2.8715972954270614,
        "annualized_sortino": 4.419536258521501,
        "annualized_volatility": 0.14852809301412048,
        "max_drawdown_pct": 3.768517183661885,
        "calmar_ratio": 13.951766636852287,
        "spy_return_pct": 9.761579016803571,
        "excess_return_pct": 1.378986931150127
      }
    }
  ]
}