{
  "run_name": "vote_no_macro_enriched",
  "num_episodes": 1,
  "episode_summaries": [
    {
      "episode_id": "ep_000",
      "initial_cash": 100000.0,
      "final_cash": 18484.63000000002,
      "final_positions": {
        "AAPL": 4,
        "AMT": 33,
        "AMZN": 15,
        "AVGO": 12,
        "BAC": 49,
        "BLK": 1,
        "COP": 9,
        "COST": 6,
        "CVX": 49,
        "DE": 4,
        "GOOG": 32,
        "GS": 5,
        "JNJ": 24,
        "JPM": 20,
        "LLY": 1,
        "MSFT": 10,
        "NFLX": 32,
        "NVDA": 46,
        "PFE": 42,
        "PG": 18,
        "PLD": 18,
        "RTX": 23,
        "WMT": 45,
        "XOM": 69
      },
      "final_prices": {
        "AAPL": 204.55,
        "AMD": 141.9,
        "AMT": 216.98,
        "AMZN": 219.39,
        "AVGO": 274.65,
        "BAC": 46.55,
        "BLK": 1033.51,
        "CAT": 384.78,
        "COP": 87.51,
        "COST": 987.17,
        "CVX": 138.69,
        "DAL": 48.73,
        "DE": 504.97,
        "DIS": 123.18,
        "GOOG": 177.12,
        "GS": 696.84,
        "HD": 362.23,
        "JNJ": 149.88,
        "JPM": 285.83,
        "LLY": 775.39,
        "META": 736.99,
        "MS": 139.04,
        "MSFT": 494.54,
        "NFLX": 133.91,
        "NKE": 69.76,
        "NVDA": 157.97,
        "OXY": 41.55,
        "PFE": 23.03,
        "PG": 156.03,
        "PLD": 103.39,
        "RTX": 144.33,
        "TSLA": 317.66,
        "UNH": 307.94,
        "WMT": 97.35,
        "XOM": 105.18,
        "_CASH_": 1.0
      },
      "position_values": {
        "AAPL": 818.2,
        "AMT": 7160.339999999999,
        "AMZN": 3290.85,
        "AVGO": 3295.7999999999997,
        "BAC": 2280.95,
        "BLK": 1033.51,
        "COP": 787.59,
        "COST": 5923.0199999999995,
        "CVX": 6795.8099999999995,
        "DE": 2019.88,
        "GOOG": 5667.84,
        "GS": 3484.2000000000003,
        "JNJ": 3597.12,
        "JPM": 5716.599999999999,
        "LLY": 775.39,
        "MSFT": 4945.400000000001,
        "NFLX": 4285.12,
        "NVDA": 7266.62,
        "PFE": 967.26,
        "PG": 2808.54,
        "PLD": 1861.02,
        "RTX": 3319.59,
        "WMT": 4380.75,
        "XOM": 7257.42
      },
      "book_value": 108223.45000000001,
      "return_pct": 8.223450000000012,
      "return_pct_with_cash_interest": 8.420376758576923,
      "total_trades": 24,
      "sharpe_ratio": null,
      "sortino_ratio": null,
      "max_drawdown": 0.0,
      "max_drawdown_pct": 0.0,
      "calmar_ratio": null,
      "daily_metrics": {
        "trading_days": 62,
        "total_return_pct": 8.41723460957136,
        "annualized_sharpe": 1.4857294362192082,
        "annualized_sortino": 2.2121366202701283,
        "annualized_volatility": 0.20680628158155387,
        "max_drawdown_pct": 9.087762289702486,
        "calmar_ratio": 4.199437783983882,
        "spy_return_pct": 10.465185277889864,
        "excess_return_pct": -2.0479506683185047
      }
    }
  ]
}