{
  "run_name": "single_agent_slim",
  "num_episodes": 1,
  "episode_summaries": [
    {
      "episode_id": "ep_000",
      "initial_cash": 100000.0,
      "final_cash": 8883.989999999998,
      "final_positions": {
        "AAPL": 52,
        "AMZN": 92,
        "BAC": 188,
        "CAT": 17,
        "COP": 46,
        "COST": 18,
        "NKE": 28,
        "NVDA": 323,
        "PG": 28,
        "RTX": 37,
        "TSLA": 40,
        "WMT": 77
      },
      "final_prices": {
        "AAPL": 169.93,
        "AMZN": 180.38,
        "BAC": 36.19,
        "CAT": 356.09,
        "COP": 119.6,
        "COST": 725.66,
        "NKE": 90.0,
        "NVDA": 90.31,
        "PG": 154.11,
        "RTX": 93.85,
        "TSLA": 175.79,
        "WMT": 59.09,
        "_CASH_": 1.0
      },
      "position_values": {
        "AAPL": 8836.36,
        "AMZN": 16594.96,
        "BAC": 6803.719999999999,
        "CAT": 6053.53,
        "COP": 5501.599999999999,
        "COST": 13061.88,
        "NKE": 2520.0,
        "NVDA": 29170.13,
        "PG": 4315.08,
        "RTX": 3472.45,
        "TSLA": 7031.599999999999,
        "WMT": 4549.93
      },
      "book_value": 116795.22999999998,
      "return_pct": 16.79522999999998,
      "return_pct_with_cash_interest": 16.91131403692646,
      "total_trades": 12,
      "sharpe_ratio": null,
      "sortino_ratio": null,
      "max_drawdown": 0.0,
      "max_drawdown_pct": 0.0,
      "calmar_ratio": null,
      "daily_metrics": {
        "trading_days": 61,
        "total_return_pct": 16.90848812114673,
        "annualized_sharpe": 3.6534615888763655,
        "annualized_sortino": 7.03761397190016,
        "annualized_volatility": 0.16635503402056884,
        "max_drawdown_pct": 3.056096946139817,
        "calmar_ratio": 28.403268461980897,
        "spy_return_pct": 11.01140082307238,
        "excess_return_pct": 5.897087298074348
      }
    }
  ]
}