{
  "run_name": "debate_1_round_no_macro_causal_out",
  "num_episodes": 1,
  "episode_summaries": [
    {
      "episode_id": "ep_000",
      "initial_cash": 100000.0,
      "final_cash": 6805.679999999984,
      "final_positions": {
        "AAPL": 86,
        "AMZN": 24,
        "BAC": 158,
        "CVX": 82,
        "DE": 15,
        "JPM": 68,
        "MS": 106,
        "NVDA": 677,
        "PG": 56,
        "SLB": 72,
        "UNH": 30,
        "XOM": 139
      },
      "final_prices": {
        "AAPL": 173.76,
        "AMZN": 166.72,
        "BAC": 39.96,
        "CVX": 98.89,
        "DE": 324.8,
        "JPM": 141.93,
        "MS": 85.68,
        "NVDA": 29.35,
        "PG": 146.93,
        "SLB": 27.1,
        "UNH": 469.35,
        "XOM": 52.73,
        "_CASH_": 1.0
      },
      "position_values": {
        "AAPL": 14943.359999999999,
        "AMZN": 4001.2799999999997,
        "BAC": 6313.68,
        "CVX": 8108.9800000000005,
        "DE": 4872.0,
        "JPM": 9651.24,
        "MS": 9082.08,
        "NVDA": 19869.95,
        "PG": 8228.08,
        "SLB": 1951.2,
        "UNH": 14080.5,
        "XOM": 7329.469999999999
      },
      "book_value": 115237.49999999997,
      "return_pct": 15.23749999999997,
      "return_pct_with_cash_interest": 15.238520622388634,
      "total_trades": 12,
      "sharpe_ratio": null,
      "sortino_ratio": null,
      "max_drawdown": 0.0,
      "max_drawdown_pct": 0.0,
      "calmar_ratio": null,
      "daily_metrics": {
        "trading_days": 64,
        "total_return_pct": 15.246456823978036,
        "annualized_sharpe": 3.2237755468877327,
        "annualized_sortino": 5.221080756331973,
        "annualized_volatility": 0.17816872133308928,
        "max_drawdown_pct": 4.484145801739899,
        "calmar_ratio": 17.038868750562152,
        "spy_return_pct": 9.761579016803571,
        "excess_return_pct": 5.484877807174465
      },
      "mean_revisions_metrics": {
        "trading_days": 64,
        "total_return_pct": 13.889996860625498,
        "annualized_sharpe": 3.0117570539117393,
        "annualized_sortino": 4.785891440758273,
        "annualized_volatility": 0.1750203187349682,
        "max_drawdown_pct": 4.5796226064721575,
        "calmar_ratio": 14.901896260115652,
        "spy_return_pct": 9.761579016803571,
        "excess_return_pct": 4.128417843821927
      }
    }
  ]
}