{
  "run_name": "debate_slim_no_macro",
  "num_episodes": 1,
  "episode_summaries": [
    {
      "episode_id": "ep_000",
      "initial_cash": 100000.0,
      "final_cash": 15174.509999999998,
      "final_positions": {
        "AAPL": 220,
        "AMD": 110,
        "MSFT": 159,
        "NVDA": 990
      },
      "final_prices": {
        "AAPL": 127.88,
        "AMD": 64.77,
        "MSFT": 233.69,
        "NVDA": 14.6,
        "_CASH_": 1.0
      },
      "position_values": {
        "AAPL": 28133.6,
        "AMD": 7124.7,
        "MSFT": 37156.71,
        "NVDA": 14454.0
      },
      "book_value": 102043.51999999999,
      "return_pct": 2.04351999999999,
      "return_pct_with_cash_interest": 2.1590379269307016,
      "total_trades": 4,
      "sharpe_ratio": null,
      "sortino_ratio": null,
      "max_drawdown": 0.0,
      "max_drawdown_pct": 0.0,
      "calmar_ratio": null,
      "daily_metrics": {
        "trading_days": 63,
        "total_return_pct": 2.1577493269307157,
        "annualized_sharpe": 0.3283036249747372,
        "annualized_sortino": 0.532252201615309,
        "annualized_volatility": 0.3640862451211979,
        "max_drawdown_pct": 11.260108394164783,
        "calmar_ratio": 0.7916789157811581,
        "spy_return_pct": 4.794232360106329,
        "excess_return_pct": -2.636483033175613
      }
    }
  ]
}