{
  "run_name": "debate_1_round_no_macro_causal_out_rca_revise",
  "num_episodes": 1,
  "episode_summaries": [
    {
      "episode_id": "ep_000",
      "initial_cash": 100000.0,
      "final_cash": 14430.120000000003,
      "final_positions": {
        "AMD": 81,
        "AMZN": 106,
        "BAC": 340,
        "CAT": 64,
        "CVX": 90,
        "PG": 101,
        "RTX": 130,
        "SLB": 110
      },
      "final_prices": {
        "AMD": 113.91,
        "AMZN": 130.36,
        "BAC": 26.75,
        "CAT": 235.62,
        "CVX": 139.95,
        "PG": 141.44,
        "RTX": 92.32,
        "SLB": 45.76,
        "_CASH_": 1.0
      },
      "position_values": {
        "AMD": 9226.71,
        "AMZN": 13818.160000000002,
        "BAC": 9095.0,
        "CAT": 15079.68,
        "CVX": 12595.499999999998,
        "PG": 14285.44,
        "RTX": 12001.599999999999,
        "SLB": 5033.599999999999
      },
      "book_value": 105565.81,
      "return_pct": 5.565809999999997,
      "return_pct_with_cash_interest": 5.736983780319991,
      "total_trades": 8,
      "sharpe_ratio": null,
      "sortino_ratio": null,
      "max_drawdown": 0.0,
      "max_drawdown_pct": 0.0,
      "calmar_ratio": null,
      "daily_metrics": {
        "trading_days": 62,
        "total_return_pct": 5.73425094017337,
        "annualized_sharpe": 1.4821849361882458,
        "annualized_sortino": 2.3247412638749947,
        "annualized_volatility": 0.1264430551329664,
        "max_drawdown_pct": 4.491255959622348,
        "calmar_ratio": 5.563344381567447,
        "spy_return_pct": 8.26782495367423,
        "excess_return_pct": -2.5335740135008606
      }
    }
  ]
}