{
  "run_name": "vote_no_macro_enriched",
  "num_episodes": 1,
  "episode_summaries": [
    {
      "episode_id": "ep_000",
      "initial_cash": 100000.0,
      "final_cash": 22860.489999999994,
      "final_positions": {
        "AAPL": 22,
        "AMD": 15,
        "AMZN": 17,
        "BAC": 181,
        "COP": 131,
        "CVX": 80,
        "GS": 11,
        "PG": 34,
        "TSLA": 18,
        "UNH": 31,
        "WMT": 96,
        "XOM": 180
      },
      "final_prices": {
        "AAPL": 127.88,
        "AMD": 64.77,
        "AMZN": 84.0,
        "BAC": 30.44,
        "COP": 106.18,
        "CVX": 156.7,
        "GS": 316.79,
        "PG": 139.51,
        "TSLA": 123.18,
        "UNH": 501.9,
        "WMT": 45.57,
        "XOM": 98.83,
        "_CASH_": 1.0
      },
      "position_values": {
        "AAPL": 2813.3599999999997,
        "AMD": 971.55,
        "AMZN": 1428.0,
        "BAC": 5509.64,
        "COP": 13909.580000000002,
        "CVX": 12536.0,
        "GS": 3484.69,
        "PG": 4743.34,
        "TSLA": 2217.2400000000002,
        "UNH": 15558.9,
        "WMT": 4374.72,
        "XOM": 17789.4
      },
      "book_value": 108196.90999999999,
      "return_pct": 8.196909999999988,
      "return_pct_with_cash_interest": 8.370938447272435,
      "total_trades": 12,
      "sharpe_ratio": null,
      "sortino_ratio": null,
      "max_drawdown": 0.0,
      "max_drawdown_pct": 0.0,
      "calmar_ratio": null,
      "daily_metrics": {
        "trading_days": 63,
        "total_return_pct": 8.370938447272435,
        "annualized_sharpe": 1.6729293449469052,
        "annualized_sortino": 2.6049699442237713,
        "annualized_volatility": 0.18416332247509276,
        "max_drawdown_pct": 6.711686769601828,
        "calmar_ratio": 5.650986301176242,
        "spy_return_pct": 4.794232360106329,
        "excess_return_pct": 3.576706087166106
      }
    }
  ]
}