{
  "run_name": "debate_1_round_no_macro_causal_out_rca_revise",
  "num_episodes": 1,
  "episode_summaries": [
    {
      "episode_id": "ep_000",
      "initial_cash": 100000.0,
      "final_cash": 11003.530000000008,
      "final_positions": {
        "AAPL": 22,
        "AMD": 15,
        "AMZN": 35,
        "BAC": 144,
        "CAT": 12,
        "COP": 109,
        "COST": 17,
        "CVX": 80,
        "GS": 3,
        "JNJ": 40,
        "JPM": 31,
        "MS": 14,
        "MSFT": 17,
        "NVDA": 82,
        "PG": 25,
        "RTX": 26,
        "SLB": 90,
        "TSLA": 7,
        "UNH": 18,
        "WMT": 96,
        "XOM": 128
      },
      "final_prices": {
        "AAPL": 127.88,
        "AMD": 64.77,
        "AMZN": 84.0,
        "BAC": 30.44,
        "CAT": 227.08,
        "COP": 106.18,
        "COST": 438.14,
        "CVX": 156.7,
        "GS": 316.79,
        "JNJ": 160.4,
        "JPM": 123.99,
        "MS": 76.82,
        "MSFT": 233.69,
        "NVDA": 14.6,
        "PG": 139.51,
        "RTX": 94.01,
        "SLB": 49.3,
        "TSLA": 123.18,
        "UNH": 501.9,
        "WMT": 45.57,
        "XOM": 98.83,
        "_CASH_": 1.0
      },
      "position_values": {
        "AAPL": 2813.3599999999997,
        "AMD": 971.55,
        "AMZN": 2940.0,
        "BAC": 4383.360000000001,
        "CAT": 2724.96,
        "COP": 11573.62,
        "COST": 7448.38,
        "CVX": 12536.0,
        "GS": 950.3700000000001,
        "JNJ": 6416.0,
        "JPM": 3843.69,
        "MS": 1075.48,
        "MSFT": 3972.73,
        "NVDA": 1197.2,
        "PG": 3487.75,
        "RTX": 2444.26,
        "SLB": 4437.0,
        "TSLA": 862.26,
        "UNH": 9034.199999999999,
        "WMT": 4374.72,
        "XOM": 12650.24
      },
      "book_value": 111140.66000000002,
      "return_pct": 11.140660000000018,
      "return_pct_with_cash_interest": 11.224425800313824,
      "total_trades": 21,
      "sharpe_ratio": null,
      "sortino_ratio": null,
      "max_drawdown": 0.0,
      "max_drawdown_pct": 0.0,
      "calmar_ratio": null,
      "daily_metrics": {
        "trading_days": 63,
        "total_return_pct": 11.224425800313808,
        "annualized_sharpe": 1.999923404647658,
        "annualized_sortino": 3.262668950861224,
        "annualized_volatility": 0.20843202335866892,
        "max_drawdown_pct": 6.757327141399122,
        "calmar_ratio": 7.849034842436608,
        "spy_return_pct": 4.794232360106329,
        "excess_return_pct": 6.430193440207479
      }
    }
  ]
}