{
  "run_name": "debate_1_round_no_macro_causal_out_rca_revise",
  "num_episodes": 1,
  "episode_summaries": [
    {
      "episode_id": "ep_000",
      "initial_cash": 100000.0,
      "final_cash": 4411.620000000012,
      "final_positions": {
        "AAPL": 137,
        "AMD": 136,
        "AMZN": 54,
        "BAC": 316,
        "MSFT": 84,
        "SLB": 145,
        "TSLA": 58
      },
      "final_prices": {
        "AAPL": 173.76,
        "AMD": 143.9,
        "AMZN": 166.72,
        "BAC": 39.96,
        "MSFT": 324.68,
        "SLB": 27.1,
        "TSLA": 352.26,
        "_CASH_": 1.0
      },
      "position_values": {
        "AAPL": 23805.12,
        "AMD": 19570.4,
        "AMZN": 9002.88,
        "BAC": 12627.36,
        "MSFT": 27273.12,
        "SLB": 3929.5,
        "TSLA": 20431.079999999998
      },
      "book_value": 121051.08,
      "return_pct": 21.051080000000002,
      "return_pct_with_cash_interest": 21.051741594159918,
      "total_trades": 7,
      "sharpe_ratio": null,
      "sortino_ratio": null,
      "max_drawdown": 0.0,
      "max_drawdown_pct": 0.0,
      "calmar_ratio": null,
      "daily_metrics": {
        "trading_days": 64,
        "total_return_pct": 21.06770209645445,
        "annualized_sharpe": 3.374593664272982,
        "annualized_sortino": 5.3003939621911496,
        "annualized_volatility": 0.2310160216330963,
        "max_drawdown_pct": 7.916113191293374,
        "calmar_ratio": 14.506997891331215,
        "spy_return_pct": 9.761579016803571,
        "excess_return_pct": 11.30612307965088
      }
    }
  ]
}