{
  "run_name": "vote_no_macro_enriched",
  "num_episodes": 1,
  "episode_summaries": [
    {
      "episode_id": "ep_000",
      "initial_cash": 100000.0,
      "final_cash": 14077.489999999998,
      "final_positions": {
        "AAPL": 39,
        "AMZN": 50,
        "AVGO": 29,
        "CAT": 7,
        "DE": 7,
        "META": 14,
        "MSFT": 34,
        "NKE": 28,
        "NVDA": 63,
        "TSLA": 6,
        "UNH": 16,
        "WMT": 71
      },
      "final_prices": {
        "AAPL": 254.15,
        "AMZN": 219.57,
        "AVGO": 329.28,
        "CAT": 474.67,
        "DE": 455.68,
        "META": 733.78,
        "MSFT": 515.81,
        "NKE": 68.83,
        "NVDA": 186.57,
        "TSLA": 444.72,
        "UNH": 342.99,
        "WMT": 102.85,
        "_CASH_": 1.0
      },
      "position_values": {
        "AAPL": 9911.85,
        "AMZN": 10978.5,
        "AVGO": 9549.119999999999,
        "CAT": 3322.69,
        "DE": 3189.76,
        "META": 10272.92,
        "MSFT": 17537.539999999997,
        "NKE": 1927.24,
        "NVDA": 11753.91,
        "TSLA": 2668.32,
        "UNH": 5487.84,
        "WMT": 7302.349999999999
      },
      "book_value": 107979.53,
      "return_pct": 7.979529999999999,
      "return_pct_with_cash_interest": 8.129505113085775,
      "total_trades": 12,
      "sharpe_ratio": null,
      "sortino_ratio": null,
      "max_drawdown": 0.0,
      "max_drawdown_pct": 0.0,
      "calmar_ratio": null,
      "daily_metrics": {
        "trading_days": 64,
        "total_return_pct": 8.131898507615668,
        "annualized_sharpe": 2.4140434636282975,
        "annualized_sortino": 3.5474542426880125,
        "annualized_volatility": 0.11262965789889068,
        "max_drawdown_pct": 2.7162061004331246,
        "calmar_ratio": 13.516916497548822,
        "spy_return_pct": 8.156218975304325,
        "excess_return_pct": -0.024320467688657033
      }
    }
  ]
}