{
  "run_name": "vote_causal_no_macro_causal_out_fix_scenario",
  "num_episodes": 1,
  "episode_summaries": [
    {
      "episode_id": "ep_000",
      "initial_cash": 100000.0,
      "final_cash": 5073.680000000008,
      "final_positions": {
        "AAPL": 31,
        "AMD": 15,
        "AMZN": 35,
        "BAC": 98,
        "CAT": 17,
        "COP": 47,
        "COST": 15,
        "CVX": 51,
        "GS": 9,
        "JNJ": 24,
        "JPM": 48,
        "MS": 39,
        "MSFT": 29,
        "NKE": 18,
        "NVDA": 136,
        "PG": 35,
        "RTX": 42,
        "TSLA": 8,
        "UNH": 17,
        "WMT": 65,
        "XOM": 131
      },
      "final_prices": {
        "AAPL": 162.55,
        "AMD": 98.01,
        "AMZN": 103.29,
        "BAC": 26.46,
        "CAT": 217.95,
        "COP": 90.23,
        "COST": 477.71,
        "CVX": 143.71,
        "GS": 303.94,
        "JNJ": 141.75,
        "JPM": 121.37,
        "MS": 79.97,
        "MSFT": 281.63,
        "NKE": 115.86,
        "NVDA": 27.75,
        "PG": 137.73,
        "RTX": 91.73,
        "SLB": 0.0,
        "TSLA": 207.46,
        "UNH": 448.98,
        "WMT": 47.58,
        "XOM": 99.01,
        "_CASH_": 1.0
      },
      "position_values": {
        "AAPL": 5039.05,
        "AMD": 1470.15,
        "AMZN": 3615.15,
        "BAC": 2593.08,
        "CAT": 3705.1499999999996,
        "COP": 4240.81,
        "COST": 7165.65,
        "CVX": 7329.21,
        "GS": 2735.46,
        "JNJ": 3402.0,
        "JPM": 5825.76,
        "MS": 3118.83,
        "MSFT": 8167.2699999999995,
        "NKE": 2085.48,
        "NVDA": 3774.0,
        "PG": 4820.549999999999,
        "RTX": 3852.6600000000003,
        "TSLA": 1659.68,
        "UNH": 7632.66,
        "WMT": 3092.7,
        "XOM": 12970.310000000001
      },
      "book_value": 103369.29000000001,
      "return_pct": 3.3692900000000083,
      "return_pct_with_cash_interest": 3.4233426565290577,
      "total_trades": 21,
      "sharpe_ratio": null,
      "sortino_ratio": null,
      "max_drawdown": 0.0,
      "max_drawdown_pct": 0.0,
      "calmar_ratio": null,
      "daily_metrics": {
        "trading_days": 62,
        "total_return_pct": 3.422480196281453,
        "annualized_sharpe": 0.6893970997149036,
        "annualized_sortino": 1.0194003644491918,
        "annualized_volatility": 0.15384959261959644,
        "max_drawdown_pct": 7.123663776166723,
        "calmar_ratio": 2.0226804905805604,
        "spy_return_pct": 7.9124952092378145,
        "excess_return_pct": -4.490015012956361
      }
    }
  ]
}