{
  "run_name": "debate_1_round_no_macro_causal_out",
  "num_episodes": 1,
  "episode_summaries": [
    {
      "episode_id": "ep_000",
      "initial_cash": 100000.0,
      "final_cash": 15435.429999999991,
      "final_positions": {
        "CAT": 130,
        "NVDA": 851,
        "TSLA": 56,
        "WMT": 327
      },
      "final_prices": {
        "CAT": 207.36,
        "NVDA": 27.24,
        "TSLA": 359.2,
        "WMT": 47.3,
        "_CASH_": 1.0
      },
      "position_values": {
        "CAT": 26956.800000000003,
        "NVDA": 23181.239999999998,
        "TSLA": 20115.2,
        "WMT": 15467.099999999999
      },
      "book_value": 101155.76999999999,
      "return_pct": 1.1557699999999895,
      "return_pct_with_cash_interest": 1.1584704914743198,
      "total_trades": 4,
      "sharpe_ratio": null,
      "sortino_ratio": null,
      "max_drawdown": 0.0,
      "max_drawdown_pct": 0.0,
      "calmar_ratio": null,
      "daily_metrics": {
        "trading_days": 62,
        "total_return_pct": 1.1565077228402516,
        "annualized_sharpe": 0.30227377049905285,
        "annualized_sortino": 0.445607051590405,
        "annualized_volatility": 0.27723041748988536,
        "max_drawdown_pct": 17.456618919473026,
        "calmar_ratio": 0.26963423129625136,
        "spy_return_pct": -5.163593841839523,
        "excess_return_pct": 6.320101564679774
      },
      "mean_revisions_metrics": {
        "trading_days": 62,
        "total_return_pct": 1.0520019013903221,
        "annualized_sharpe": 0.28674361138848353,
        "annualized_sortino": 0.42249072746016,
        "annualized_volatility": 0.2888742501148968,
        "max_drawdown_pct": 17.994389132072943,
        "calmar_ratio": 0.2375672206812767,
        "spy_return_pct": -5.163593841839523,
        "excess_return_pct": 6.215595743229845
      }
    }
  ]
}