{
  "run_name": "debate_1_round_no_macro_causal_out",
  "num_episodes": 1,
  "episode_summaries": [
    {
      "episode_id": "ep_000",
      "initial_cash": 100000.0,
      "final_cash": 15404.619999999988,
      "final_positions": {
        "BAC": 353,
        "COP": 191,
        "GS": 18,
        "JNJ": 125,
        "MSFT": 88,
        "NVDA": 198,
        "WMT": 257
      },
      "final_prices": {
        "BAC": 27.6,
        "COP": 91.17,
        "GS": 268.6,
        "JNJ": 147.38,
        "MSFT": 226.31,
        "NVDA": 12.12,
        "WMT": 41.52,
        "_CASH_": 1.0
      },
      "position_values": {
        "BAC": 9742.800000000001,
        "COP": 17413.47,
        "GS": 4834.8,
        "JNJ": 18422.5,
        "MSFT": 19915.28,
        "NVDA": 2399.7599999999998,
        "WMT": 10670.640000000001
      },
      "book_value": 98803.87,
      "return_pct": -1.1961300000000046,
      "return_pct_with_cash_interest": -1.1356389897004993,
      "total_trades": 7,
      "sharpe_ratio": null,
      "sortino_ratio": null,
      "max_drawdown": 1135.6389897004992,
      "max_drawdown_pct": 1.1356389897004993,
      "calmar_ratio": -3.932376066377707,
      "daily_metrics": {
        "trading_days": 64,
        "total_return_pct": -1.1341482022601703,
        "annualized_sharpe": -0.26902600629957346,
        "annualized_sortino": -0.3736195770708194,
        "annualized_volatility": 0.17138142035171927,
        "max_drawdown_pct": 9.500849571955252,
        "calmar_ratio": -0.46943140509731457,
        "spy_return_pct": -5.926117785785124,
        "excess_return_pct": 4.791969583524954
      },
      "mean_revisions_metrics": {
        "trading_days": 64,
        "total_return_pct": -1.2215110659721977,
        "annualized_sharpe": -0.27706544481470746,
        "annualized_sortino": -0.3874806717483524,
        "annualized_volatility": 0.17607833448939067,
        "max_drawdown_pct": 9.899860344236963,
        "calmar_ratio": -0.4845771106985701,
        "spy_return_pct": -5.926117785785124,
        "excess_return_pct": 4.704606719812926
      }
    }
  ]
}