{
  "run_name": "vote_causal_no_macro_causal_out_fix_scenario",
  "num_episodes": 1,
  "episode_summaries": [
    {
      "episode_id": "ep_000",
      "initial_cash": 100000.0,
      "final_cash": 6022.210000000003,
      "final_positions": {
        "AAPL": 18,
        "AMT": 19,
        "AMZN": 26,
        "AVGO": 12,
        "BAC": 24,
        "BLK": 1,
        "CAT": 3,
        "COP": 9,
        "COST": 6,
        "CVX": 24,
        "DE": 2,
        "GOOG": 44,
        "GS": 3,
        "HD": 2,
        "JNJ": 24,
        "JPM": 12,
        "LLY": 3,
        "META": 8,
        "MS": 8,
        "MSFT": 32,
        "NFLX": 10,
        "NKE": 16,
        "NVDA": 46,
        "OXY": 20,
        "PFE": 42,
        "PG": 12,
        "PLD": 27,
        "RTX": 15,
        "TSLA": 3,
        "UNH": 7,
        "WMT": 57,
        "XOM": 34
      },
      "final_prices": {
        "AAPL": 204.55,
        "AMD": 141.9,
        "AMT": 216.98,
        "AMZN": 219.39,
        "AVGO": 274.65,
        "BAC": 46.55,
        "BLK": 1033.51,
        "CAT": 384.78,
        "COP": 87.51,
        "COST": 987.17,
        "CVX": 138.69,
        "DAL": 48.73,
        "DE": 504.97,
        "DIS": 123.18,
        "GOOG": 177.12,
        "GS": 696.84,
        "HD": 362.23,
        "JNJ": 149.88,
        "JPM": 285.83,
        "LLY": 775.39,
        "META": 736.99,
        "MS": 139.04,
        "MSFT": 494.54,
        "NFLX": 133.91,
        "NKE": 69.76,
        "NVDA": 157.97,
        "OXY": 41.55,
        "PFE": 23.03,
        "PG": 156.03,
        "PLD": 103.39,
        "RTX": 144.33,
        "TSLA": 317.66,
        "UNH": 307.94,
        "WMT": 97.35,
        "XOM": 105.18,
        "_CASH_": 1.0
      },
      "position_values": {
        "AAPL": 3681.9,
        "AMT": 4122.62,
        "AMZN": 5704.139999999999,
        "AVGO": 3295.7999999999997,
        "BAC": 1117.1999999999998,
        "BLK": 1033.51,
        "CAT": 1154.34,
        "COP": 787.59,
        "COST": 5923.0199999999995,
        "CVX": 3328.56,
        "DE": 1009.94,
        "GOOG": 7793.280000000001,
        "GS": 2090.52,
        "HD": 724.46,
        "JNJ": 3597.12,
        "JPM": 3429.96,
        "LLY": 2326.17,
        "META": 5895.92,
        "MS": 1112.32,
        "MSFT": 15825.28,
        "NFLX": 1339.1,
        "NKE": 1116.16,
        "NVDA": 7266.62,
        "OXY": 831.0,
        "PFE": 967.26,
        "PG": 1872.3600000000001,
        "PLD": 2791.53,
        "RTX": 2164.9500000000003,
        "TSLA": 952.98,
        "UNH": 2155.58,
        "WMT": 5548.95,
        "XOM": 3576.1200000000003
      },
      "book_value": 110558.47,
      "return_pct": 10.558470000000002,
      "return_pct_with_cash_interest": 10.622627859517305,
      "total_trades": 32,
      "sharpe_ratio": null,
      "sortino_ratio": null,
      "max_drawdown": 0.0,
      "max_drawdown_pct": 0.0,
      "calmar_ratio": null,
      "daily_metrics": {
        "trading_days": 62,
        "total_return_pct": 10.621604161387411,
        "annualized_sharpe": 1.5237476822830744,
        "annualized_sortino": 2.4748951298435844,
        "annualized_volatility": 0.26382152741081577,
        "max_drawdown_pct": 10.177307878412675,
        "calmar_ratio": 4.888088187868118,
        "spy_return_pct": 10.465185277889864,
        "excess_return_pct": 0.1564188834975475
      }
    }
  ]
}