{
  "run_name": "vote_causal_no_macro_causal_out_fix_scenario",
  "num_episodes": 1,
  "episode_summaries": [
    {
      "episode_id": "ep_000",
      "initial_cash": 100000.0,
      "final_cash": 8190.199999999997,
      "final_positions": {
        "AAPL": 163,
        "BAC": 813,
        "XOM": 623
      },
      "final_prices": {
        "AAPL": 135.79,
        "BAC": 27.6,
        "XOM": 77.61,
        "_CASH_": 1.0
      },
      "position_values": {
        "AAPL": 22133.77,
        "BAC": 22438.800000000003,
        "XOM": 48351.03
      },
      "book_value": 101113.8,
      "return_pct": 1.113800000000003,
      "return_pct_with_cash_interest": 1.1459613563044695,
      "total_trades": 3,
      "sharpe_ratio": null,
      "sortino_ratio": null,
      "max_drawdown": 0.0,
      "max_drawdown_pct": 0.0,
      "calmar_ratio": null,
      "daily_metrics": {
        "trading_days": 64,
        "total_return_pct": 1.1464728709379852,
        "annualized_sharpe": 0.24016621578112438,
        "annualized_sortino": 0.3488105970198277,
        "annualized_volatility": 0.2309671779274089,
        "max_drawdown_pct": 12.9917290738749,
        "calmar_ratio": 0.3591023147954589,
        "spy_return_pct": -5.926117785785124,
        "excess_return_pct": 7.072590656723109
      }
    }
  ]
}