{
  "run_name": "debate_1_round_no_macro_causal_out_rca_revise",
  "num_episodes": 1,
  "episode_summaries": [
    {
      "episode_id": "ep_000",
      "initial_cash": 100000.0,
      "final_cash": 12097.800000000003,
      "final_positions": {
        "AAPL": 43,
        "AMZN": 45,
        "AVGO": 36,
        "CAT": 7,
        "DE": 7,
        "META": 16,
        "MSFT": 30,
        "NKE": 28,
        "NVDA": 75,
        "TSLA": 9,
        "UNH": 6,
        "WMT": 82
      },
      "final_prices": {
        "AAPL": 254.15,
        "AMZN": 219.57,
        "AVGO": 329.28,
        "CAT": 474.67,
        "DE": 455.68,
        "META": 733.78,
        "MSFT": 515.81,
        "NKE": 68.83,
        "NVDA": 186.57,
        "TSLA": 444.72,
        "UNH": 342.99,
        "WMT": 102.85,
        "_CASH_": 1.0
      },
      "position_values": {
        "AAPL": 10928.45,
        "AMZN": 9880.65,
        "AVGO": 11854.079999999998,
        "CAT": 3322.69,
        "DE": 3189.76,
        "META": 11740.48,
        "MSFT": 15474.3,
        "NKE": 1927.24,
        "NVDA": 13992.75,
        "TSLA": 4002.4800000000005,
        "UNH": 2057.94,
        "WMT": 8433.699999999999
      },
      "book_value": 108902.32,
      "return_pct": 8.902320000000007,
      "return_pct_with_cash_interest": 9.031204405038777,
      "total_trades": 12,
      "sharpe_ratio": null,
      "sortino_ratio": null,
      "max_drawdown": 0.0,
      "max_drawdown_pct": 0.0,
      "calmar_ratio": null,
      "daily_metrics": {
        "trading_days": 64,
        "total_return_pct": 9.033261221157519,
        "annualized_sharpe": 2.5290410970109227,
        "annualized_sortino": 3.776730957559234,
        "annualized_volatility": 0.12082015510900361,
        "max_drawdown_pct": 3.361745951817504,
        "calmar_ratio": 12.29436651568773,
        "spy_return_pct": 8.156218975304325,
        "excess_return_pct": 0.8770422458531932
      }
    }
  ]
}