{
  "run_name": "debate_slim_no_macro",
  "num_episodes": 1,
  "episode_summaries": [
    {
      "episode_id": "ep_000",
      "initial_cash": 100000.0,
      "final_cash": 3886.3800000000083,
      "final_positions": {
        "AAPL": 36,
        "AMD": 15,
        "AMZN": 35,
        "BAC": 72,
        "CAT": 19,
        "COP": 87,
        "COST": 17,
        "CVX": 64,
        "GS": 7,
        "JNJ": 33,
        "JPM": 41,
        "MS": 28,
        "MSFT": 39,
        "NVDA": 247,
        "PG": 25,
        "RTX": 39,
        "SLB": 120,
        "TSLA": 15,
        "UNH": 18,
        "WMT": 96,
        "XOM": 90
      },
      "final_prices": {
        "AAPL": 127.88,
        "AMD": 64.77,
        "AMZN": 84.0,
        "BAC": 30.44,
        "CAT": 227.08,
        "COP": 106.18,
        "COST": 438.14,
        "CVX": 156.7,
        "GS": 316.79,
        "JNJ": 160.4,
        "JPM": 123.99,
        "MS": 76.82,
        "MSFT": 233.69,
        "NVDA": 14.6,
        "PG": 139.51,
        "RTX": 94.01,
        "SLB": 49.3,
        "TSLA": 123.18,
        "UNH": 501.9,
        "WMT": 45.57,
        "XOM": 98.83,
        "_CASH_": 1.0
      },
      "position_values": {
        "AAPL": 4603.68,
        "AMD": 971.55,
        "AMZN": 2940.0,
        "BAC": 2191.6800000000003,
        "CAT": 4314.52,
        "COP": 9237.66,
        "COST": 7448.38,
        "CVX": 10028.8,
        "GS": 2217.53,
        "JNJ": 5293.2,
        "JPM": 5083.59,
        "MS": 2150.96,
        "MSFT": 9113.91,
        "NVDA": 3606.2,
        "PG": 3487.75,
        "RTX": 3666.3900000000003,
        "SLB": 5916.0,
        "TSLA": 1847.7,
        "UNH": 9034.199999999999,
        "WMT": 4374.72,
        "XOM": 8894.7
      },
      "book_value": 110309.5,
      "return_pct": 10.3095,
      "return_pct_with_cash_interest": 10.339085572177616,
      "total_trades": 21,
      "sharpe_ratio": null,
      "sortino_ratio": null,
      "max_drawdown": 0.0,
      "max_drawdown_pct": 0.0,
      "calmar_ratio": null,
      "daily_metrics": {
        "trading_days": 63,
        "total_return_pct": 10.33877877217761,
        "annualized_sharpe": 1.6700457693219055,
        "annualized_sortino": 2.739613851221761,
        "annualized_volatility": 0.23368545876720637,
        "max_drawdown_pct": 7.06521603546079,
        "calmar_ratio": 6.825270089547977,
        "spy_return_pct": 4.794232360106329,
        "excess_return_pct": 5.5445464120712815
      }
    }
  ]
}