{
  "run_name": "vote_causal_no_macro_causal_out_fix_scenario",
  "num_episodes": 1,
  "episode_summaries": [
    {
      "episode_id": "ep_000",
      "initial_cash": 100000.0,
      "final_cash": 8447.060000000005,
      "final_positions": {
        "AAPL": 88,
        "AMD": 63,
        "CAT": 71,
        "COP": 263,
        "GS": 40,
        "JPM": 198,
        "MS": 155
      },
      "final_prices": {
        "AAPL": 127.88,
        "AMD": 64.77,
        "CAT": 227.08,
        "COP": 106.18,
        "GS": 316.79,
        "JPM": 123.99,
        "MS": 76.82,
        "_CASH_": 1.0
      },
      "position_values": {
        "AAPL": 11253.439999999999,
        "AMD": 4080.5099999999998,
        "CAT": 16122.68,
        "COP": 27925.34,
        "GS": 12671.6,
        "JPM": 24550.02,
        "MS": 11907.099999999999
      },
      "book_value": 116957.75,
      "return_pct": 16.95775,
      "return_pct_with_cash_interest": 17.02205434062512,
      "total_trades": 7,
      "sharpe_ratio": null,
      "sortino_ratio": null,
      "max_drawdown": 0.0,
      "max_drawdown_pct": 0.0,
      "calmar_ratio": null,
      "daily_metrics": {
        "trading_days": 63,
        "total_return_pct": 17.02205434062512,
        "annualized_sharpe": 2.462531432506933,
        "annualized_sortino": 4.513060552638121,
        "annualized_volatility": 0.25634658999726423,
        "max_drawdown_pct": 8.611019384267333,
        "calmar_ratio": 10.16488839742106,
        "spy_return_pct": 4.794232360106329,
        "excess_return_pct": 12.227821980518794
      }
    }
  ]
}