{
  "run_name": "debate_slim_no_macro",
  "num_episodes": 1,
  "episode_summaries": [
    {
      "episode_id": "ep_000",
      "initial_cash": 100000.0,
      "final_cash": 12757.05,
      "final_positions": {
        "COST": 25,
        "CVX": 114,
        "NKE": 54,
        "PG": 107,
        "UNH": 37,
        "XOM": 192
      },
      "final_prices": {
        "COST": 477.71,
        "CVX": 143.71,
        "NKE": 115.86,
        "PG": 137.73,
        "TSLA": 207.46,
        "UNH": 448.98,
        "XOM": 99.01,
        "_CASH_": 1.0
      },
      "position_values": {
        "COST": 11942.75,
        "CVX": 16382.94,
        "NKE": 6256.44,
        "PG": 14737.109999999999,
        "UNH": 16612.260000000002,
        "XOM": 19009.920000000002
      },
      "book_value": 97698.47,
      "return_pct": -2.3015299999999987,
      "return_pct_with_cash_interest": -2.1656222482352314,
      "total_trades": 6,
      "sharpe_ratio": null,
      "sortino_ratio": null,
      "max_drawdown": 2165.6222482352314,
      "max_drawdown_pct": 2.1656222482352314,
      "calmar_ratio": -3.8719284764002184,
      "daily_metrics": {
        "trading_days": 62,
        "total_return_pct": -2.167374382415859,
        "annualized_sharpe": -0.9019772015750245,
        "annualized_sortino": -1.246447778933523,
        "annualized_volatility": 0.1356842405704543,
        "max_drawdown_pct": 7.330045276188718,
        "calmar_ratio": -1.144835666174341,
        "spy_return_pct": 7.9124952092378145,
        "excess_return_pct": -10.079869591653674
      }
    }
  ]
}