{
  "run_name": "vote_no_macro_enriched",
  "num_episodes": 1,
  "episode_summaries": [
    {
      "episode_id": "ep_000",
      "initial_cash": 100000.0,
      "final_cash": 8117.390000000004,
      "final_positions": {
        "AAPL": 47,
        "AMZN": 98,
        "BAC": 282,
        "CAT": 31,
        "COP": 64,
        "COST": 19,
        "NKE": 19,
        "NVDA": 242,
        "PG": 36,
        "RTX": 49,
        "TSLA": 12,
        "WMT": 97
      },
      "final_prices": {
        "AAPL": 169.93,
        "AMZN": 180.38,
        "BAC": 36.19,
        "CAT": 356.09,
        "COP": 119.6,
        "COST": 725.66,
        "NKE": 90.0,
        "NVDA": 90.31,
        "PG": 154.11,
        "RTX": 93.85,
        "TSLA": 175.79,
        "WMT": 59.09,
        "_CASH_": 1.0
      },
      "position_values": {
        "AAPL": 7986.71,
        "AMZN": 17677.239999999998,
        "BAC": 10205.58,
        "CAT": 11038.789999999999,
        "COP": 7654.4,
        "COST": 13787.539999999999,
        "NKE": 1710.0,
        "NVDA": 21855.02,
        "PG": 5547.960000000001,
        "RTX": 4598.65,
        "TSLA": 2109.48,
        "WMT": 5731.7300000000005
      },
      "book_value": 118020.48999999999,
      "return_pct": 18.02048999999999,
      "return_pct_with_cash_interest": 18.126557138808856,
      "total_trades": 12,
      "sharpe_ratio": null,
      "sortino_ratio": null,
      "max_drawdown": 0.0,
      "max_drawdown_pct": 0.0,
      "calmar_ratio": null,
      "daily_metrics": {
        "trading_days": 61,
        "total_return_pct": 18.123168722436674,
        "annualized_sharpe": 4.549265217346755,
        "annualized_sortino": 8.613090118927564,
        "annualized_volatility": 0.1422153055960085,
        "max_drawdown_pct": 2.6635230836705537,
        "calmar_ratio": 35.550104851446825,
        "spy_return_pct": 11.01140082307238,
        "excess_return_pct": 7.111767899364294
      }
    }
  ]
}