{
  "run_name": "debate_slim_no_macro",
  "num_episodes": 1,
  "episode_summaries": [
    {
      "episode_id": "ep_000",
      "initial_cash": 100000.0,
      "final_cash": 7536.4200000000055,
      "final_positions": {
        "BAC": 388,
        "CAT": 72,
        "GS": 26,
        "JPM": 175,
        "NKE": 54,
        "TSLA": 43,
        "WMT": 307
      },
      "final_prices": {
        "BAC": 31.91,
        "CAT": 286.0,
        "GS": 367.18,
        "JPM": 161.96,
        "NKE": 103.6,
        "TSLA": 248.48,
        "WMT": 51.44,
        "_CASH_": 1.0
      },
      "position_values": {
        "BAC": 12381.08,
        "CAT": 20592.0,
        "GS": 9546.68,
        "JPM": 28343.0,
        "NKE": 5594.4,
        "TSLA": 10684.64,
        "WMT": 15792.08
      },
      "book_value": 110470.30000000002,
      "return_pct": 10.470300000000018,
      "return_pct_with_cash_interest": 10.568775803954471,
      "total_trades": 7,
      "sharpe_ratio": null,
      "sortino_ratio": null,
      "max_drawdown": 0.0,
      "max_drawdown_pct": 0.0,
      "calmar_ratio": null,
      "daily_metrics": {
        "trading_days": 63,
        "total_return_pct": 10.56773370395445,
        "annualized_sharpe": 2.3102061472307973,
        "annualized_sortino": 3.7382344948554316,
        "annualized_volatility": 0.15682012522882482,
        "max_drawdown_pct": 7.853251566513481,
        "calmar_ratio": 6.2975310273542355,
        "spy_return_pct": 11.684051763783549,
        "excess_return_pct": -1.1163180598290978
      }
    }
  ]
}