{
  "run_name": "debate_slim_no_macro",
  "num_episodes": 1,
  "episode_summaries": [
    {
      "episode_id": "ep_000",
      "initial_cash": 100000.0,
      "final_cash": 5188.349999999995,
      "final_positions": {
        "AAPL": 132,
        "AMD": 118,
        "MSFT": 86,
        "NVDA": 919
      },
      "final_prices": {
        "AAPL": 171.08,
        "AMD": 109.34,
        "MSFT": 298.25,
        "NVDA": 27.24,
        "_CASH_": 1.0
      },
      "position_values": {
        "AAPL": 22582.56,
        "AMD": 12902.12,
        "MSFT": 25649.5,
        "NVDA": 25033.559999999998
      },
      "book_value": 91356.09,
      "return_pct": -8.643910000000004,
      "return_pct_with_cash_interest": -8.643002276992556,
      "total_trades": 4,
      "sharpe_ratio": null,
      "sortino_ratio": null,
      "max_drawdown": 8643.002276992556,
      "max_drawdown_pct": 8.643002276992556,
      "calmar_ratio": -3.5106548135904925,
      "daily_metrics": {
        "trading_days": 62,
        "total_return_pct": -8.644782586534609,
        "annualized_sharpe": -0.7073219653406787,
        "annualized_sortino": -1.0124992822551857,
        "annualized_volatility": 0.4058970581930349,
        "max_drawdown_pct": 22.13687044464356,
        "calmar_ratio": -1.3709267183427163,
        "spy_return_pct": -5.163593841839523,
        "excess_return_pct": -3.4811887446950855
      }
    }
  ]
}