{
  "run_name": "single_agent_slim",
  "num_episodes": 1,
  "episode_summaries": [
    {
      "episode_id": "ep_000",
      "initial_cash": 100000.0,
      "final_cash": 3356.2199999999903,
      "final_positions": {
        "AAPL": 24,
        "AMT": 5,
        "AMZN": 27,
        "AVGO": 43,
        "BAC": 70,
        "BLK": 1,
        "CAT": 2,
        "COP": 10,
        "COST": 3,
        "CVX": 14,
        "DIS": 9,
        "GOOG": 47,
        "GS": 5,
        "HD": 2,
        "JNJ": 7,
        "JPM": 17,
        "LLY": 1,
        "META": 6,
        "MS": 16,
        "MSFT": 16,
        "NFLX": 11,
        "NVDA": 156,
        "PFE": 41,
        "PG": 6,
        "RTX": 8,
        "TSLA": 4,
        "UNH": 2,
        "WMT": 22,
        "XOM": 29
      },
      "final_prices": {
        "AAPL": 221.17,
        "AMD": 102.74,
        "AMT": 210.22,
        "AMZN": 190.26,
        "AVGO": 166.43,
        "BAC": 40.81,
        "BLK": 927.37,
        "CAT": 325.32,
        "COP": 101.54,
        "COST": 941.91,
        "CVX": 160.09,
        "DAL": 43.07,
        "DE": 464.63,
        "DIS": 97.62,
        "GOOG": 155.8,
        "GS": 535.2,
        "HD": 359.84,
        "JNJ": 161.34,
        "JPM": 240.37,
        "LLY": 819.84,
        "META": 575.06,
        "MS": 114.25,
        "MSFT": 372.54,
        "NFLX": 93.25,
        "NKE": 61.93,
        "NVDA": 108.36,
        "OXY": 48.54,
        "PFE": 23.63,
        "PG": 165.87,
        "PLD": 108.91,
        "RTX": 130.26,
        "TSLA": 259.16,
        "UNH": 513.35,
        "WMT": 87.2,
        "XOM": 114.98,
        "_CASH_": 1.0
      },
      "position_values": {
        "AAPL": 5308.08,
        "AMT": 1051.1,
        "AMZN": 5137.0199999999995,
        "AVGO": 7156.490000000001,
        "BAC": 2856.7000000000003,
        "BLK": 927.37,
        "CAT": 650.64,
        "COP": 1015.4000000000001,
        "COST": 2825.73,
        "CVX": 2241.26,
        "DIS": 878.58,
        "GOOG": 7322.6,
        "GS": 2676.0,
        "HD": 719.68,
        "JNJ": 1129.38,
        "JPM": 4086.29,
        "LLY": 819.84,
        "META": 3450.3599999999997,
        "MS": 1828.0,
        "MSFT": 5960.64,
        "NFLX": 1025.75,
        "NVDA": 16904.16,
        "PFE": 968.8299999999999,
        "PG": 995.22,
        "RTX": 1042.08,
        "TSLA": 1036.64,
        "UNH": 1026.7,
        "WMT": 1918.4,
        "XOM": 3334.42
      },
      "book_value": 89649.57999999999,
      "return_pct": -10.350420000000012,
      "return_pct_with_cash_interest": -10.314664373532446,
      "total_trades": 29,
      "sharpe_ratio": null,
      "sortino_ratio": null,
      "max_drawdown": 10314.664373532447,
      "max_drawdown_pct": 10.314664373532446,
      "calmar_ratio": -3.4225796571653277,
      "daily_metrics": {
        "trading_days": 60,
        "total_return_pct": -10.31639892818412,
        "annualized_sharpe": -1.7802720818902238,
        "annualized_sortino": -2.1715922118287563,
        "annualized_volatility": 0.26140829760569206,
        "max_drawdown_pct": 14.88019985544298,
        "calmar_ratio": -2.372801827110533,
        "spy_return_pct": -4.031069434308774,
        "excess_return_pct": -6.285329493875345
      }
    }
  ]
}