{
  "run_name": "vote_no_macro_enriched",
  "num_episodes": 1,
  "episode_summaries": [
    {
      "episode_id": "ep_000",
      "initial_cash": 100000.0,
      "final_cash": 28208.220000000005,
      "final_positions": {
        "AAPL": 250,
        "AMD": 47,
        "MSFT": 132,
        "NVDA": 412
      },
      "final_prices": {
        "AAPL": 127.88,
        "AMD": 64.77,
        "MSFT": 233.69,
        "NVDA": 14.6,
        "_CASH_": 1.0
      },
      "position_values": {
        "AAPL": 31970.0,
        "AMD": 3044.1899999999996,
        "MSFT": 30847.079999999998,
        "NVDA": 6015.2
      },
      "book_value": 100084.69,
      "return_pct": 0.08469000000000232,
      "return_pct_with_cash_interest": 0.29942873599908487,
      "total_trades": 4,
      "sharpe_ratio": null,
      "sortino_ratio": null,
      "max_drawdown": 0.0,
      "max_drawdown_pct": 0.0,
      "calmar_ratio": null,
      "daily_metrics": {
        "trading_days": 63,
        "total_return_pct": 0.29942873599908487,
        "annualized_sharpe": 0.08101435783025802,
        "annualized_sortino": 0.1297798677965451,
        "annualized_volatility": 0.29437060168906204,
        "max_drawdown_pct": 9.222004351167639,
        "calmar_ratio": 0.13046026641484987,
        "spy_return_pct": 4.794232360106329,
        "excess_return_pct": -4.494803624107244
      }
    }
  ]
}