{
  "run_name": "debate_slim_no_macro",
  "num_episodes": 1,
  "episode_summaries": [
    {
      "episode_id": "ep_000",
      "initial_cash": 100000.0,
      "final_cash": 2855.399999999999,
      "final_positions": {
        "AAPL": 80,
        "AMD": 20,
        "AMZN": 29,
        "BAC": 75,
        "CAT": 10,
        "COP": 32,
        "COST": 14,
        "CVX": 30,
        "DE": 6,
        "GS": 5,
        "JNJ": 26,
        "JPM": 28,
        "MS": 23,
        "MSFT": 40,
        "NKE": 12,
        "NVDA": 306,
        "PG": 20,
        "TSLA": 11,
        "UNH": 17,
        "WMT": 43,
        "XOM": 75
      },
      "final_prices": {
        "AAPL": 171.08,
        "AMD": 109.34,
        "AMZN": 163.0,
        "BAC": 37.21,
        "CAT": 207.36,
        "COP": 86.37,
        "COST": 549.84,
        "CVX": 138.66,
        "DE": 394.54,
        "GS": 298.46,
        "JNJ": 157.81,
        "JPM": 122.91,
        "MS": 76.82,
        "MSFT": 298.25,
        "NKE": 125.7,
        "NVDA": 27.24,
        "PG": 137.99,
        "TSLA": 359.2,
        "UNH": 478.08,
        "WMT": 47.3,
        "XOM": 71.97,
        "_CASH_": 1.0
      },
      "position_values": {
        "AAPL": 13686.400000000001,
        "AMD": 2186.8,
        "AMZN": 4727.0,
        "BAC": 2790.75,
        "CAT": 2073.6000000000004,
        "COP": 2763.84,
        "COST": 7697.76,
        "CVX": 4159.8,
        "DE": 2367.2400000000002,
        "GS": 1492.3,
        "JNJ": 4103.06,
        "JPM": 3441.48,
        "MS": 1766.86,
        "MSFT": 11930.0,
        "NKE": 1508.4,
        "NVDA": 8335.439999999999,
        "PG": 2759.8,
        "TSLA": 3951.2,
        "UNH": 8127.36,
        "WMT": 2033.8999999999999,
        "XOM": 5397.75
      },
      "book_value": 100156.14,
      "return_pct": 0.15613999999999942,
      "return_pct_with_cash_interest": 0.15663163361554325,
      "total_trades": 21,
      "sharpe_ratio": null,
      "sortino_ratio": null,
      "max_drawdown": 0.0,
      "max_drawdown_pct": 0.0,
      "calmar_ratio": null,
      "daily_metrics": {
        "trading_days": 62,
        "total_return_pct": 0.15551883361551153,
        "annualized_sharpe": 0.13220517338412846,
        "annualized_sortino": 0.19081118367182923,
        "annualized_volatility": 0.21587752237607413,
        "max_drawdown_pct": 10.73285725918728,
        "calmar_ratio": 0.058095248171488464,
        "spy_return_pct": -5.163593841839523,
        "excess_return_pct": 5.319112675455035
      }
    }
  ]
}