{
  "run_name": "vote_causal_no_macro_causal_out_fix_scenario",
  "num_episodes": 1,
  "episode_summaries": [
    {
      "episode_id": "ep_000",
      "initial_cash": 100000.0,
      "final_cash": 4665.879999999991,
      "final_positions": {
        "AAPL": 67,
        "CAT": 35,
        "COP": 140,
        "COST": 28,
        "DAL": 35,
        "GS": 29,
        "JPM": 78,
        "MS": 74,
        "NVDA": 132,
        "RTX": 113,
        "UNH": 35,
        "WMT": 154
      },
      "final_prices": {
        "AAPL": 135.79,
        "CAT": 154.5,
        "COP": 91.17,
        "COST": 452.46,
        "DAL": 27.22,
        "GS": 268.6,
        "JPM": 95.76,
        "MS": 70.71,
        "NVDA": 12.12,
        "RTX": 75.81,
        "UNH": 476.64,
        "WMT": 41.52,
        "_CASH_": 1.0
      },
      "position_values": {
        "AAPL": 9097.93,
        "CAT": 5407.5,
        "COP": 12763.800000000001,
        "COST": 12668.88,
        "DAL": 952.6999999999999,
        "GS": 7789.400000000001,
        "JPM": 7469.280000000001,
        "MS": 5232.54,
        "NVDA": 1599.84,
        "RTX": 8566.53,
        "UNH": 16682.399999999998,
        "WMT": 6394.080000000001
      },
      "book_value": 99290.76,
      "return_pct": -0.7092400000000052,
      "return_pct_with_cash_interest": -0.6909179774420773,
      "total_trades": 12,
      "sharpe_ratio": null,
      "sortino_ratio": null,
      "max_drawdown": 690.9179774420772,
      "max_drawdown_pct": 0.6909179774420773,
      "calmar_ratio": -3.958735538592176,
      "daily_metrics": {
        "trading_days": 64,
        "total_return_pct": -0.6906265723606339,
        "annualized_sharpe": -0.11118308079288342,
        "annualized_sortino": -0.15280968687481045,
        "annualized_volatility": 0.20316649462509162,
        "max_drawdown_pct": 12.17491413322698,
        "calmar_ratio": -0.22456174147765023,
        "spy_return_pct": -5.926117785785124,
        "excess_return_pct": 5.23549121342449
      }
    }
  ]
}