{
  "run_name": "debate_1_round_no_macro_causal_out_rca_revise",
  "num_episodes": 1,
  "episode_summaries": [
    {
      "episode_id": "ep_000",
      "initial_cash": 100000.0,
      "final_cash": 14049.719999999994,
      "final_positions": {
        "AAPL": 134,
        "BAC": 778,
        "XOM": 610
      },
      "final_prices": {
        "AAPL": 135.79,
        "BAC": 27.6,
        "XOM": 77.61,
        "_CASH_": 1.0
      },
      "position_values": {
        "AAPL": 18195.86,
        "BAC": 21472.800000000003,
        "XOM": 47342.1
      },
      "book_value": 101060.48000000001,
      "return_pct": 1.0604800000000105,
      "return_pct_with_cash_interest": 1.1156505759197752,
      "total_trades": 3,
      "sharpe_ratio": null,
      "sortino_ratio": null,
      "max_drawdown": 0.0,
      "max_drawdown_pct": 0.0,
      "calmar_ratio": null,
      "daily_metrics": {
        "trading_days": 64,
        "total_return_pct": 1.116528043793165,
        "annualized_sharpe": 0.23579423461161422,
        "annualized_sortino": 0.3431668022118427,
        "annualized_volatility": 0.21962875828323863,
        "max_drawdown_pct": 12.085192909465803,
        "calmar_ratio": 0.37578784358393386,
        "spy_return_pct": -5.926117785785124,
        "excess_return_pct": 7.042645829578289
      }
    }
  ]
}