{
  "run_name": "debate_1_round_no_macro_causal_out_rca_revise",
  "num_episodes": 1,
  "episode_summaries": [
    {
      "episode_id": "ep_000",
      "initial_cash": 100000.0,
      "final_cash": 17744.729999999996,
      "final_positions": {
        "AAPL": 72,
        "AMD": 41,
        "AVGO": 69,
        "MSFT": 47,
        "NVDA": 178
      },
      "final_prices": {
        "AAPL": 221.17,
        "AMD": 102.74,
        "AVGO": 166.43,
        "MSFT": 372.54,
        "NVDA": 108.36,
        "_CASH_": 1.0
      },
      "position_values": {
        "AAPL": 15924.24,
        "AMD": 4212.34,
        "AVGO": 11483.67,
        "MSFT": 17509.38,
        "NVDA": 19288.079999999998
      },
      "book_value": 86162.43999999999,
      "return_pct": -13.837560000000012,
      "return_pct_with_cash_interest": -13.648515796208944,
      "total_trades": 5,
      "sharpe_ratio": null,
      "sortino_ratio": null,
      "max_drawdown": 13648.515796208943,
      "max_drawdown_pct": 13.648515796208944,
      "calmar_ratio": -3.2530593730096866,
      "daily_metrics": {
        "trading_days": 60,
        "total_return_pct": -13.657563400881816,
        "annualized_sharpe": -2.060085665852567,
        "annualized_sortino": -2.443805093836044,
        "annualized_volatility": 0.29806530205754633,
        "max_drawdown_pct": 16.402170472069617,
        "calmar_ratio": -2.7083446778885105,
        "spy_return_pct": -4.031069434308774,
        "excess_return_pct": -9.626493966573042
      }
    }
  ]
}