{
  "run_name": "debate_slim_no_macro",
  "num_episodes": 1,
  "episode_summaries": [
    {
      "episode_id": "ep_000",
      "initial_cash": 100000.0,
      "final_cash": 4284.580000000001,
      "final_positions": {
        "AAPL": 39,
        "AMZN": 45,
        "AVGO": 36,
        "CAT": 10,
        "DE": 9,
        "META": 14,
        "MSFT": 34,
        "NKE": 28,
        "NVDA": 94,
        "TSLA": 12,
        "UNH": 16,
        "WMT": 71
      },
      "final_prices": {
        "AAPL": 254.15,
        "AMZN": 219.57,
        "AVGO": 329.28,
        "CAT": 474.67,
        "DE": 455.68,
        "META": 733.78,
        "MSFT": 515.81,
        "NKE": 68.83,
        "NVDA": 186.57,
        "TSLA": 444.72,
        "UNH": 342.99,
        "WMT": 102.85,
        "_CASH_": 1.0
      },
      "position_values": {
        "AAPL": 9911.85,
        "AMZN": 9880.65,
        "AVGO": 11854.079999999998,
        "CAT": 4746.7,
        "DE": 4101.12,
        "META": 10272.92,
        "MSFT": 17537.539999999997,
        "NKE": 1927.24,
        "NVDA": 17537.579999999998,
        "TSLA": 5336.64,
        "UNH": 5487.84,
        "WMT": 7302.349999999999
      },
      "book_value": 110181.09,
      "return_pct": 10.181089999999998,
      "return_pct_with_cash_interest": 10.226735947539302,
      "total_trades": 12,
      "sharpe_ratio": null,
      "sortino_ratio": null,
      "max_drawdown": 0.0,
      "max_drawdown_pct": 0.0,
      "calmar_ratio": null,
      "daily_metrics": {
        "trading_days": 64,
        "total_return_pct": 10.227275393472125,
        "annualized_sharpe": 2.721059037551255,
        "annualized_sortino": 3.9928882248818844,
        "annualized_volatility": 0.1284231467682857,
        "max_drawdown_pct": 3.1322208092615913,
        "calmar_ratio": 15.204473870473066,
        "spy_return_pct": 8.156218975304325,
        "excess_return_pct": 2.0710564181677995
      }
    }
  ]
}