{
  "run_name": "debate_slim_no_macro",
  "num_episodes": 1,
  "episode_summaries": [
    {
      "episode_id": "ep_000",
      "initial_cash": 100000.0,
      "final_cash": 8175.19999999999,
      "final_positions": {
        "AMZN": 107,
        "BAC": 1026,
        "MS": 385
      },
      "final_prices": {
        "AMZN": 163.0,
        "BAC": 37.21,
        "MS": 76.82,
        "_CASH_": 1.0
      },
      "position_values": {
        "AMZN": 17441.0,
        "BAC": 38177.46,
        "MS": 29575.699999999997
      },
      "book_value": 93369.35999999999,
      "return_pct": -6.630640000000014,
      "return_pct_with_cash_interest": -6.629209715394987,
      "total_trades": 3,
      "sharpe_ratio": null,
      "sortino_ratio": null,
      "max_drawdown": 6629.209715394987,
      "max_drawdown_pct": 6.629209715394987,
      "calmar_ratio": -3.619534655612539,
      "daily_metrics": {
        "trading_days": 62,
        "total_return_pct": -6.634399320279598,
        "annualized_sharpe": -0.7932502867457549,
        "annualized_sortino": -1.1033584471555489,
        "annualized_volatility": 0.297550660890898,
        "max_drawdown_pct": 19.513961274852456,
        "calmar_ratio": -1.2304805902420342,
        "spy_return_pct": -5.163593841839523,
        "excess_return_pct": -1.4708054784400746
      }
    }
  ]
}