{
  "run_name": "debate_1_round_no_macro_causal_out",
  "num_episodes": 1,
  "episode_summaries": [
    {
      "episode_id": "ep_000",
      "initial_cash": 100000.0,
      "final_cash": 6708.57,
      "final_positions": {
        "AAPL": 45,
        "BLK": 6,
        "COST": 14,
        "DIS": 40,
        "JPM": 33,
        "LLY": 9,
        "META": 19,
        "NVDA": 110,
        "RTX": 61,
        "UNH": 7,
        "WMT": 126
      },
      "final_prices": {
        "AAPL": 204.55,
        "BLK": 1033.51,
        "COST": 987.17,
        "DAL": 48.73,
        "DIS": 123.18,
        "JPM": 285.83,
        "LLY": 775.39,
        "META": 736.99,
        "NVDA": 157.97,
        "RTX": 144.33,
        "UNH": 307.94,
        "WMT": 97.35,
        "_CASH_": 1.0
      },
      "position_values": {
        "AAPL": 9204.75,
        "BLK": 6201.0599999999995,
        "COST": 13820.38,
        "DIS": 4927.200000000001,
        "JPM": 9432.39,
        "LLY": 6978.51,
        "META": 14002.81,
        "NVDA": 17376.7,
        "RTX": 8804.130000000001,
        "UNH": 2155.58,
        "WMT": 12266.099999999999
      },
      "book_value": 111878.18,
      "return_pct": 11.878179999999992,
      "return_pct_with_cash_interest": 11.949650023732495,
      "total_trades": 11,
      "sharpe_ratio": null,
      "sortino_ratio": null,
      "max_drawdown": 0.0,
      "max_drawdown_pct": 0.0,
      "calmar_ratio": null,
      "daily_metrics": {
        "trading_days": 62,
        "total_return_pct": 11.949072353243377,
        "annualized_sharpe": 1.5456216071633786,
        "annualized_sortino": 2.446789464738803,
        "annualized_volatility": 0.2974321502925255,
        "max_drawdown_pct": 10.691829468928486,
        "calmar_ratio": 5.3373403125880685,
        "spy_return_pct": 10.465185277889864,
        "excess_return_pct": 1.483887075353513
      },
      "mean_revisions_metrics": {
        "trading_days": 62,
        "total_return_pct": 10.475028488944458,
        "annualized_sharpe": 1.384612747894407,
        "annualized_sortino": 2.1846635804636296,
        "annualized_volatility": 0.29191295559724517,
        "max_drawdown_pct": 10.411505744782765,
        "calmar_ratio": 4.702055824599871,
        "spy_return_pct": 10.465185277889864,
        "excess_return_pct": 0.009843211054594292
      }
    }
  ]
}