{
  "run_name": "vote_causal_no_macro_causal_out_fix_scenario",
  "num_episodes": 1,
  "episode_summaries": [
    {
      "episode_id": "ep_000",
      "initial_cash": 100000.0,
      "final_cash": 6687.459999999999,
      "final_positions": {
        "AMZN": 67,
        "BAC": 241,
        "CAT": 67,
        "COST": 36,
        "DAL": 104,
        "GS": 23,
        "JPM": 97,
        "RTX": 187
      },
      "final_prices": {
        "AMZN": 106.21,
        "BAC": 28.26,
        "CAT": 167.16,
        "COST": 458.38,
        "DAL": 28.11,
        "GS": 270.2,
        "JPM": 102.29,
        "RTX": 88.49,
        "_CASH_": 1.0
      },
      "position_values": {
        "AMZN": 7116.07,
        "BAC": 6810.660000000001,
        "CAT": 11199.72,
        "COST": 16501.68,
        "DAL": 2923.44,
        "GS": 6214.599999999999,
        "JPM": 9922.130000000001,
        "RTX": 16547.629999999997
      },
      "book_value": 83923.38999999998,
      "return_pct": -16.076610000000016,
      "return_pct_with_cash_interest": -16.07109965986555,
      "total_trades": 8,
      "sharpe_ratio": null,
      "sortino_ratio": null,
      "max_drawdown": 16071.099659865547,
      "max_drawdown_pct": 16.07109965986555,
      "calmar_ratio": -3.1348952705730446,
      "daily_metrics": {
        "trading_days": 62,
        "total_return_pct": -16.07118716103511,
        "annualized_sharpe": -2.4803690787038213,
        "annualized_sortino": -3.0610016018487354,
        "annualized_volatility": 0.2731338703388352,
        "max_drawdown_pct": 19.27067775893007,
        "calmar_ratio": -2.6144083705513923,
        "spy_return_pct": -16.347338773929817,
        "excess_return_pct": 0.2761516128947079
      }
    }
  ]
}