{
  "run_name": "single_agent_slim",
  "num_episodes": 1,
  "episode_summaries": [
    {
      "episode_id": "ep_000",
      "initial_cash": 100000.0,
      "final_cash": 6174.869999999995,
      "final_positions": {
        "AAPL": 86,
        "AMZN": 36,
        "BAC": 131,
        "CVX": 82,
        "DE": 15,
        "JPM": 54,
        "MS": 82,
        "NVDA": 677,
        "PG": 40,
        "SLB": 182,
        "UNH": 32,
        "XOM": 179
      },
      "final_prices": {
        "AAPL": 173.76,
        "AMZN": 166.72,
        "BAC": 39.96,
        "CVX": 98.89,
        "DE": 324.8,
        "JPM": 141.93,
        "MS": 85.68,
        "NVDA": 29.35,
        "PG": 146.93,
        "SLB": 27.1,
        "UNH": 469.35,
        "XOM": 52.73,
        "_CASH_": 1.0
      },
      "position_values": {
        "AAPL": 14943.359999999999,
        "AMZN": 6001.92,
        "BAC": 5234.76,
        "CVX": 8108.9800000000005,
        "DE": 4872.0,
        "JPM": 7664.22,
        "MS": 7025.76,
        "NVDA": 19869.95,
        "PG": 5877.200000000001,
        "SLB": 4932.2,
        "UNH": 15019.2,
        "XOM": 9438.67
      },
      "book_value": 115163.09,
      "return_pct": 15.163089999999995,
      "return_pct_with_cash_interest": 15.16401602217104,
      "total_trades": 12,
      "sharpe_ratio": null,
      "sortino_ratio": null,
      "max_drawdown": 0.0,
      "max_drawdown_pct": 0.0,
      "calmar_ratio": null,
      "daily_metrics": {
        "trading_days": 64,
        "total_return_pct": 15.18813742205528,
        "annualized_sharpe": 3.1319304146582896,
        "annualized_sortino": 5.035623118414215,
        "annualized_volatility": 0.18303285250215537,
        "max_drawdown_pct": 4.652882967251969,
        "calmar_ratio": 16.344268973622036,
        "spy_return_pct": 9.761579016803571,
        "excess_return_pct": 5.4265584052517095
      }
    }
  ]
}