{
  "run_name": "single_agent_slim",
  "num_episodes": 1,
  "episode_summaries": [
    {
      "episode_id": "ep_000",
      "initial_cash": 100000.0,
      "final_cash": 10340.289999999992,
      "final_positions": {
        "AAPL": 147,
        "AMD": 31,
        "CAT": 97,
        "COP": 329,
        "GS": 18,
        "JPM": 83,
        "MS": 141
      },
      "final_prices": {
        "AAPL": 127.88,
        "AMD": 64.77,
        "CAT": 0.0,
        "COP": 0.0,
        "GS": 316.79,
        "JPM": 123.99,
        "MS": 0.0,
        "_CASH_": 1.0
      },
      "position_values": {
        "AAPL": 18798.36,
        "AMD": 2007.87,
        "CAT": 0.0,
        "COP": 0.0,
        "GS": 5702.22,
        "JPM": 10291.17,
        "MS": 0.0
      },
      "book_value": 47139.909999999996,
      "return_pct": -52.86009000000001,
      "return_pct_with_cash_interest": -52.781373200270565,
      "total_trades": 7,
      "sharpe_ratio": null,
      "sortino_ratio": null,
      "max_drawdown": 52781.373200270566,
      "max_drawdown_pct": 52.781373200270565,
      "calmar_ratio": -1.8004247294067033,
      "daily_metrics": {
        "trading_days": 63,
        "total_return_pct": 15.01134669972943,
        "annualized_sharpe": 2.149506423280668,
        "annualized_sortino": 3.7431225401766786,
        "annualized_volatility": 0.26204790378974707,
        "max_drawdown_pct": 9.36450765897401,
        "calmar_ratio": 8.005723909334861,
        "spy_return_pct": 4.794232360106329,
        "excess_return_pct": 10.217114339623102
      }
    }
  ]
}