{
  "run_name": "single_agent_slim",
  "num_episodes": 1,
  "episode_summaries": [
    {
      "episode_id": "ep_000",
      "initial_cash": 100000.0,
      "final_cash": 11326.160000000003,
      "final_positions": {
        "AVGO": 87,
        "BLK": 10,
        "COST": 13,
        "DE": 9,
        "GS": 26,
        "MS": 98,
        "MSFT": 23,
        "PFE": 287
      },
      "final_prices": {
        "AVGO": 166.43,
        "BLK": 927.37,
        "COST": 941.91,
        "DE": 464.63,
        "GS": 535.2,
        "MS": 114.25,
        "MSFT": 372.54,
        "NKE": 61.93,
        "PFE": 23.63,
        "_CASH_": 1.0
      },
      "position_values": {
        "AVGO": 14479.41,
        "BLK": 9273.7,
        "COST": 12244.83,
        "DE": 4181.67,
        "GS": 13915.2,
        "MS": 11196.5,
        "MSFT": 8568.42,
        "PFE": 6781.8099999999995
      },
      "book_value": 91967.70000000001,
      "return_pct": -8.032299999999989,
      "return_pct_with_cash_interest": -7.911636293129821,
      "total_trades": 8,
      "sharpe_ratio": null,
      "sortino_ratio": null,
      "max_drawdown": 7911.636293129821,
      "max_drawdown_pct": 7.911636293129821,
      "calmar_ratio": -3.5498441970723214,
      "daily_metrics": {
        "trading_days": 60,
        "total_return_pct": -7.918826325638919,
        "annualized_sharpe": -1.7715212998850403,
        "annualized_sortino": -2.1509350455205913,
        "annualized_volatility": 0.20738139900300517,
        "max_drawdown_pct": 13.239467842993877,
        "calmar_ratio": -2.123010807361114,
        "spy_return_pct": -4.031069434308774,
        "excess_return_pct": -3.8877568913301443
      }
    }
  ]
}