{
  "run_name": "debate_1_round_no_macro_causal_out_rca_revise",
  "num_episodes": 1,
  "episode_summaries": [
    {
      "episode_id": "ep_000",
      "initial_cash": 100000.0,
      "final_cash": 8851.839999999978,
      "final_positions": {
        "AAPL": 36,
        "AMD": 30,
        "AMZN": 38,
        "BAC": 37,
        "CAT": 9,
        "COP": 33,
        "COST": 16,
        "CVX": 27,
        "GS": 6,
        "JNJ": 21,
        "JPM": 24,
        "MS": 12,
        "MSFT": 46,
        "NKE": 17,
        "NVDA": 252,
        "PG": 21,
        "RTX": 21,
        "SLB": 44,
        "TSLA": 19,
        "UNH": 15,
        "WMT": 105,
        "XOM": 80
      },
      "final_prices": {
        "AAPL": 191.46,
        "AMD": 113.91,
        "AMZN": 130.36,
        "BAC": 26.75,
        "CAT": 235.62,
        "COP": 95.29,
        "COST": 518.7,
        "CVX": 139.95,
        "GS": 301.98,
        "JNJ": 152.51,
        "JPM": 136.53,
        "MS": 78.46,
        "MSFT": 333.39,
        "NKE": 104.61,
        "NVDA": 42.27,
        "PG": 141.44,
        "RTX": 92.32,
        "SLB": 45.76,
        "TSLA": 261.77,
        "UNH": 458.5,
        "WMT": 50.91,
        "XOM": 97.68,
        "_CASH_": 1.0
      },
      "position_values": {
        "AAPL": 6892.56,
        "AMD": 3417.2999999999997,
        "AMZN": 4953.68,
        "BAC": 989.75,
        "CAT": 2120.58,
        "COP": 3144.57,
        "COST": 8299.2,
        "CVX": 3778.6499999999996,
        "GS": 1811.88,
        "JNJ": 3202.71,
        "JPM": 3276.7200000000003,
        "MS": 941.52,
        "MSFT": 15335.939999999999,
        "NKE": 1778.37,
        "NVDA": 10652.04,
        "PG": 2970.24,
        "RTX": 1938.7199999999998,
        "SLB": 2013.4399999999998,
        "TSLA": 4973.629999999999,
        "UNH": 6877.5,
        "WMT": 5345.549999999999,
        "XOM": 7814.400000000001
      },
      "book_value": 111380.78999999998,
      "return_pct": 11.38078999999998,
      "return_pct_with_cash_interest": 11.48579279384976,
      "total_trades": 22,
      "sharpe_ratio": null,
      "sortino_ratio": null,
      "max_drawdown": 0.0,
      "max_drawdown_pct": 0.0,
      "calmar_ratio": null,
      "daily_metrics": {
        "trading_days": 62,
        "total_return_pct": 11.484116393118281,
        "annualized_sharpe": 3.1382615940075342,
        "annualized_sortino": 5.995870230717292,
        "annualized_volatility": 0.12846522053356466,
        "max_drawdown_pct": 2.792993436763595,
        "calmar_ratio": 19.50337118643304,
        "spy_return_pct": 8.26782495367423,
        "excess_return_pct": 3.216291439444051
      }
    }
  ]
}