{
  "run_name": "vote_no_macro_enriched",
  "num_episodes": 1,
  "episode_summaries": [
    {
      "episode_id": "ep_000",
      "initial_cash": 100000.0,
      "final_cash": 17855.35,
      "final_positions": {
        "AAPL": 84,
        "AMD": 107,
        "AVGO": 73,
        "MSFT": 35,
        "NVDA": 126
      },
      "final_prices": {
        "AAPL": 221.17,
        "AMD": 102.74,
        "AVGO": 166.43,
        "MSFT": 372.54,
        "NVDA": 108.36,
        "_CASH_": 1.0
      },
      "position_values": {
        "AAPL": 18578.28,
        "AMD": 10993.18,
        "AVGO": 12149.390000000001,
        "MSFT": 13038.900000000001,
        "NVDA": 13653.36
      },
      "book_value": 86268.45999999999,
      "return_pct": -13.73154000000001,
      "return_pct_with_cash_interest": -13.541317301533418,
      "total_trades": 5,
      "sharpe_ratio": null,
      "sortino_ratio": null,
      "max_drawdown": 13541.317301533418,
      "max_drawdown_pct": 13.541317301533418,
      "calmar_ratio": -3.2583848371688355,
      "daily_metrics": {
        "trading_days": 60,
        "total_return_pct": -13.550421308644015,
        "annualized_sharpe": -2.2081639534290893,
        "annualized_sortino": -2.6028722020254165,
        "annualized_volatility": 0.27832520420648804,
        "max_drawdown_pct": 16.029280190951052,
        "calmar_ratio": -2.7541071062636617,
        "spy_return_pct": -4.031069434308774,
        "excess_return_pct": -9.519351874335241
      }
    }
  ]
}