{
  "run_name": "debate_1_round_no_macro_causal_out",
  "num_episodes": 1,
  "episode_summaries": [
    {
      "episode_id": "ep_000",
      "initial_cash": 100000.0,
      "final_cash": 6536.799999999981,
      "final_positions": {
        "AAPL": 72,
        "AMD": 29,
        "AMZN": 24,
        "BAC": 79,
        "CAT": 5,
        "COP": 86,
        "COST": 16,
        "CVX": 47,
        "DE": 3,
        "GS": 8,
        "JNJ": 28,
        "JPM": 34,
        "MS": 35,
        "MSFT": 44,
        "NKE": 7,
        "NVDA": 290,
        "PG": 16,
        "SLB": 36,
        "TSLA": 23,
        "UNH": 21,
        "WMT": 45,
        "XOM": 79
      },
      "final_prices": {
        "AAPL": 173.76,
        "AMD": 143.9,
        "AMZN": 166.72,
        "BAC": 39.96,
        "CAT": 191.47,
        "COP": 61.85,
        "COST": 541.24,
        "CVX": 98.89,
        "DE": 324.8,
        "GS": 343.86,
        "JNJ": 151.35,
        "JPM": 141.93,
        "MS": 85.68,
        "MSFT": 324.68,
        "NKE": 155.34,
        "NVDA": 29.35,
        "PG": 146.93,
        "SLB": 27.1,
        "TSLA": 352.26,
        "UNH": 469.35,
        "WMT": 45.78,
        "XOM": 52.73,
        "_CASH_": 1.0
      },
      "position_values": {
        "AAPL": 12510.72,
        "AMD": 4173.1,
        "AMZN": 4001.2799999999997,
        "BAC": 3156.84,
        "CAT": 957.35,
        "COP": 5319.1,
        "COST": 8659.84,
        "CVX": 4647.83,
        "DE": 974.4000000000001,
        "GS": 2750.88,
        "JNJ": 4237.8,
        "JPM": 4825.62,
        "MS": 2998.8,
        "MSFT": 14285.92,
        "NKE": 1087.38,
        "NVDA": 8511.5,
        "PG": 2350.88,
        "SLB": 975.6,
        "TSLA": 8101.98,
        "UNH": 9856.35,
        "WMT": 2060.1,
        "XOM": 4165.67
      },
      "book_value": 117145.73999999999,
      "return_pct": 17.14573999999999,
      "return_pct_with_cash_interest": 17.14672029946017,
      "total_trades": 22,
      "sharpe_ratio": null,
      "sortino_ratio": null,
      "max_drawdown": 0.0,
      "max_drawdown_pct": 0.0,
      "calmar_ratio": null,
      "daily_metrics": {
        "trading_days": 64,
        "total_return_pct": 17.151827160954316,
        "annualized_sharpe": 3.826831054774952,
        "annualized_sortino": 6.202780060865394,
        "annualized_volatility": 0.16648725709441337,
        "max_drawdown_pct": 4.771412451296105,
        "calmar_ratio": 18.519314829767346,
        "spy_return_pct": 9.761579016803571,
        "excess_return_pct": 7.390248144150744
      },
      "mean_revisions_metrics": {
        "trading_days": 64,
        "total_return_pct": 16.714129084317463,
        "annualized_sharpe": 3.7161969786942426,
        "annualized_sortino": 5.98338421244333,
        "annualized_volatility": 0.1675141603643161,
        "max_drawdown_pct": 4.765295408628802,
        "calmar_ratio": 17.955655758167847,
        "spy_return_pct": 9.761579016803571,
        "excess_return_pct": 6.952550067513892
      }
    }
  ]
}