{
  "run_name": "vote_no_macro_enriched",
  "num_episodes": 1,
  "episode_summaries": [
    {
      "episode_id": "ep_000",
      "initial_cash": 100000.0,
      "final_cash": 20178.2,
      "final_positions": {
        "AMZN": 47,
        "BAC": 1051,
        "MS": 350
      },
      "final_prices": {
        "AMZN": 163.0,
        "BAC": 37.21,
        "MS": 76.82,
        "_CASH_": 1.0
      },
      "position_values": {
        "AMZN": 7661.0,
        "BAC": 39107.71,
        "MS": 26886.999999999996
      },
      "book_value": 93833.90999999999,
      "return_pct": -6.166090000000011,
      "return_pct_with_cash_interest": -6.162559741557751,
      "total_trades": 3,
      "sharpe_ratio": null,
      "sortino_ratio": null,
      "max_drawdown": 6162.55974155775,
      "max_drawdown_pct": 6.162559741557751,
      "calmar_ratio": -3.645203236123951,
      "daily_metrics": {
        "trading_days": 62,
        "total_return_pct": -6.162615782229899,
        "annualized_sharpe": -0.8608962775523543,
        "annualized_sortino": -1.188563132252941,
        "annualized_volatility": 0.2617995296264528,
        "max_drawdown_pct": 17.676526432179877,
        "calmar_ratio": -1.2708361012227654,
        "spy_return_pct": -5.163593841839523,
        "excess_return_pct": -0.9990219403903762
      }
    }
  ]
}