{
  "run_name": "debate_slim_no_macro",
  "num_episodes": 1,
  "episode_summaries": [
    {
      "episode_id": "ep_000",
      "initial_cash": 100000.0,
      "final_cash": 4991.459999999979,
      "final_positions": {
        "AAPL": 58,
        "AMD": 31,
        "AMZN": 44,
        "BAC": 326,
        "COP": 120,
        "CVX": 80,
        "GS": 18,
        "PG": 60,
        "TSLA": 22,
        "UNH": 31,
        "WMT": 144,
        "XOM": 154
      },
      "final_prices": {
        "AAPL": 127.88,
        "AMD": 64.77,
        "AMZN": 84.0,
        "BAC": 30.44,
        "COP": 106.18,
        "CVX": 156.7,
        "GS": 316.79,
        "PG": 139.51,
        "TSLA": 123.18,
        "UNH": 501.9,
        "WMT": 45.57,
        "XOM": 98.83,
        "_CASH_": 1.0
      },
      "position_values": {
        "AAPL": 7417.04,
        "AMD": 2007.87,
        "AMZN": 3696.0,
        "BAC": 9923.44,
        "COP": 12741.6,
        "CVX": 12536.0,
        "GS": 5702.22,
        "PG": 8370.599999999999,
        "TSLA": 2709.96,
        "UNH": 15558.9,
        "WMT": 6562.08,
        "XOM": 15219.82
      },
      "book_value": 107436.98999999998,
      "return_pct": 7.436989999999977,
      "return_pct_with_cash_interest": 7.474988137110006,
      "total_trades": 12,
      "sharpe_ratio": null,
      "sortino_ratio": null,
      "max_drawdown": 0.0,
      "max_drawdown_pct": 0.0,
      "calmar_ratio": null,
      "daily_metrics": {
        "trading_days": 63,
        "total_return_pct": 7.476101237110022,
        "annualized_sharpe": 1.26644605227926,
        "annualized_sortino": 1.9970340440174847,
        "annualized_volatility": 0.22318858256570584,
        "max_drawdown_pct": 8.153265811919129,
        "calmar_ratio": 4.099976254437541,
        "spy_return_pct": 4.794232360106329,
        "excess_return_pct": 2.6818688770036934
      }
    }
  ]
}